filename,max_confidence,waste_objects_detected
data/UrbanWaste-images-10k-right\year_2016\TMX7316010203-000188\pano_0000_000024_heading203.87_pitch1.45_right90_square_fov90.0_640x640.jpg,0.0,0
data/UrbanWaste-images-10k-right\year_2016\TMX7316010203-000188\pano_0000_000197_heading24.92_pitch0.48_right90_square_fov90.0_640x640.jpg,0.29824554920196533,2
data/UrbanWaste-images-10k-right\year_2016\TMX7316010203-000188\pano_0000_000223_heading16.25_pitch-0.33_right90_square_fov90.0_640x640.jpg,0.0,0
data/UrbanWaste-images-10k-right\year_2016\TMX7316010203-000188\pano_0000_000599_heading124.88_pitch0.94_right90_square_fov90.0_640x640.jpg,0.0,0
data/UrbanWaste-images-10k-right\year_2016\TMX7316010203-000188\pano_0000_000627_heading51.79_pitch0.65_right90_square_fov90.0_640x640.jpg,0.3141792118549347,1
data/UrbanWaste-images-10k-right\year_2016\TMX7316010203-000188\pano_0000_000645_heading27.94_pitch-0.37_right90_square_fov90.0_640x640.jpg,0.0,0
data/UrbanWaste-images-10k-right\year_2016\TMX7316010203-000188\pano_0000_000647_heading28.65_pitch-0.14_right90_square_fov90.0_640x640.jpg,0.2960384488105774,1
data/UrbanWaste-images-10k-right\year_2016\TMX7316010203-000188\pano_0000_000669_heading27.07_pitch-1.31_right90_square_fov90.0_640x640.jpg,0.0,0
data/UrbanWaste-images-10k-right\year_2016\TMX7316010203-000188\pano_0000_001088_heading220.91_pitch-0.21_right90_square_fov90.0_640x640.jpg,0.32252994179725647,1
data/UrbanWaste-images-10k-right\year_2016\TMX7316010203-000188\pano_0000_001288_heading22.08_pitch-0.15_right90_square_fov90.0_640x640.jpg,0.0,0
data/UrbanWaste-images-10k-right\year_2016\TMX7316010203-000188\pano_0000_001298_heading41.09_pitch0.58_right90_square_fov90.0_640x640.jpg,0.0,0
data/UrbanWaste-images-10k-right\year_2016\TMX7316010203-000188\pano_0000_001342_heading36.54_pitch-2.32_right90_square_fov90.0_640x640.jpg,0.36802899837493896,1
data/UrbanWaste-images-10k-right\year_2016\TMX7316010203-000188\pano_0000_001578_heading220.66_pitch-2.34_right90_square_fov90.0_640x640.jpg,0.0,0
data/UrbanWaste-images-10k-right\year_2016\TMX7316010203-000188\pano_0000_001683_heading296.91_pitch0.03_right90_square_fov90.0_640x640.jpg,0.0,0
data/UrbanWaste-images-10k-right\year_2016\TMX7316010203-000188\pano_0000_001775_heading297.31_pitch-0.09_right90_square_fov90.0_640x640.jpg,0.28676682710647583,2
data/UrbanWaste-images-10k-right\year_2016\TMX7316010203-000188\pano_0000_001787_heading41.02_pitch0.08_right90_square_fov90.0_640x640.jpg,0.0,0
data/UrbanWaste-images-10k-right\year_2016\TMX7316010203-000188\pano_0000_001841_heading344.68_pitch-0.38_right90_square_fov90.0_640x640.jpg,0.0,0
data/UrbanWaste-images-10k-right\year_2016\TMX7316010203-000188\pano_0000_001851_heading345.87_pitch-0.33_right90_square_fov90.0_640x640.jpg,0.0,0
data/UrbanWaste-images-10k-right\year_2016\TMX7316010203-000188\pano_0000_001879_heading344.67_pitch-0.33_right90_square_fov90.0_640x640.jpg,0.0,0
data/UrbanWaste-images-10k-right\year_2016\TMX7316010203-000188\pano_0000_001905_heading110.05_pitch-0.15_right90_square_fov90.0_640x640.jpg,0.3008921444416046,1
data/UrbanWaste-images-10k-right\year_2016\TMX7316010203-000188\pano_0000_001923_heading164.72_pitch-0.16_right90_square_fov90.0_640x640.jpg,0.27263545989990234,1
data/UrbanWaste-images-10k-right\year_2016\TMX7316010203-000188\pano_0000_002135_heading221.48_pitch-0.50_right90_square_fov90.0_640x640.jpg,0.0,0
data/UrbanWaste-images-10k-right\year_2016\TMX7316010203-000188\pano_0000_002264_heading130.02_pitch0.00_right90_square_fov90.0_640x640.jpg,0.0,0
data/UrbanWaste-images-10k-right\year_2016\TMX7316010203-000188\pano_0000_002298_heading220.50_pitch-0.22_right90_square_fov90.0_640x640.jpg,0.0,0
data/UrbanWaste-images-10k-right\year_2016\TMX7316010203-000188\pano_0000_002308_heading224.15_pitch-0.11_right90_square_fov90.0_640x640.jpg,0.0,0
data/UrbanWaste-images-10k-right\year_2016\TMX7316010203-000188\pano_0000_002331_heading213.22_pitch-2.17_right90_square_fov90.0_640x640.jpg,0.4498993754386902,2
data/UrbanWaste-images-10k-right\year_2016\TMX7316010203-000188\pano_0000_002345_heading219.28_pitch-0.22_right90_square_fov90.0_640x640.jpg,0.4114823043346405,2
data/UrbanWaste-images-10k-right\year_2016\TMX7316010203-000188\pano_0000_002360_heading217.89_pitch1.54_right90_square_fov90.0_640x640.jpg,0.0,0
data/UrbanWaste-images-10k-right\year_2016\TMX7316010203-000188\pano_0000_002370_heading211.84_pitch1.72_right90_square_fov90.0_640x640.jpg,0.2567255198955536,1
data/UrbanWaste-images-10k-right\year_2016\TMX7316010203-000188\pano_0000_002382_heading297.99_pitch-0.15_right90_square_fov90.0_640x640.jpg,0.0,0
data/UrbanWaste-images-10k-right\year_2016\TMX7316010203-000188\pano_0000_002384_heading297.48_pitch-0.29_right90_square_fov90.0_640x640.jpg,0.3935975730419159,1
data/UrbanWaste-images-10k-right\year_2016\TMX7316010203-000188\pano_0000_002644_heading226.01_pitch0.02_right90_square_fov90.0_640x640.jpg,0.5098997950553894,3
data/UrbanWaste-images-10k-right\year_2016\TMX7316010203-000188\pano_0000_002650_heading221.48_pitch3.47_right90_square_fov90.0_640x640.jpg,0.0,0
data/UrbanWaste-images-10k-right\year_2016\TMX7316010203-000188\pano_0000_002770_heading32.83_pitch0.11_right90_square_fov90.0_640x640.jpg,0.0,0
data/UrbanWaste-images-10k-right\year_2016\TMX7316010203-000188\pano_0000_002792_heading43.42_pitch-0.42_right90_square_fov90.0_640x640.jpg,0.0,0
data/UrbanWaste-images-10k-right\year_2016\TMX7316010203-000188\pano_0000_002800_heading42.58_pitch0.00_right90_square_fov90.0_640x640.jpg,0.0,0
data/UrbanWaste-images-10k-right\year_2016\TMX7316010203-000188\pano_0000_002819_heading41.05_pitch-0.13_right90_square_fov90.0_640x640.jpg,0.0,0
data/UrbanWaste-images-10k-right\year_2016\TMX7316010203-000188\pano_0000_002871_heading220.46_pitch0.40_right90_square_fov90.0_640x640.jpg,0.0,0
data/UrbanWaste-images-10k-right\year_2016\TMX7316010203-000188\pano_0000_002885_heading306.51_pitch0.49_right90_square_fov90.0_640x640.jpg,0.0,0
data/UrbanWaste-images-10k-right\year_2016\TMX7316010203-000188\pano_0000_002895_heading309.62_pitch-1.87_right90_square_fov90.0_640x640.jpg,0.2923136055469513,1
data/UrbanWaste-images-10k-right\year_2016\TMX7316010203-000188\pano_0000_002937_heading129.59_pitch-0.44_right90_square_fov90.0_640x640.jpg,0.0,0
data/UrbanWaste-images-10k-right\year_2016\TMX7316010203-000188\pano_0000_002939_heading127.05_pitch-0.99_right90_square_fov90.0_640x640.jpg,0.0,0
data/UrbanWaste-images-10k-right\year_2016\TMX7316010203-000188\pano_0000_002955_heading42.61_pitch-0.56_right90_square_fov90.0_640x640.jpg,0.0,0
data/UrbanWaste-images-10k-right\year_2016\TMX7316010203-000188\pano_0000_002967_heading41.67_pitch-0.35_right90_square_fov90.0_640x640.jpg,0.0,0
data/UrbanWaste-images-10k-right\year_2016\TMX7316010203-000188\pano_0000_002995_heading44.04_pitch0.11_right90_square_fov90.0_640x640.jpg,0.0,0
data/UrbanWaste-images-10k-right\year_2016\TMX7316010203-000188\pano_0000_003109_heading129.96_pitch-0.17_right90_square_fov90.0_640x640.jpg,0.0,0
data/UrbanWaste-images-10k-right\year_2016\TMX7316010203-000188\pano_0000_003153_heading176.96_pitch1.89_right90_square_fov90.0_640x640.jpg,0.0,0
data/UrbanWaste-images-10k-right\year_2016\TMX7316010203-000188\pano_0000_003159_heading114.99_pitch0.25_right90_square_fov90.0_640x640.jpg,0.0,0
data/UrbanWaste-images-10k-right\year_2016\TMX7316010203-000188\pano_0000_003165_heading115.33_pitch2.31_right90_square_fov90.0_640x640.jpg,0.3071015775203705,2
data/UrbanWaste-images-10k-right\year_2016\TMX7316010203-000188\pano_0000_003167_heading128.73_pitch1.12_right90_square_fov90.0_640x640.jpg,0.26551729440689087,1
data/UrbanWaste-images-10k-right\year_2016\TMX7316010203-000188\pano_0000_003185_heading142.38_pitch0.17_right90_square_fov90.0_640x640.jpg,0.0,0
data/UrbanWaste-images-10k-right\year_2016\TMX7316010203-000188\pano_0000_003201_heading168.86_pitch-0.06_right90_square_fov90.0_640x640.jpg,0.0,0
data/UrbanWaste-images-10k-right\year_2016\TMX7316010203-000189\pano_0000_000026_heading17.04_pitch-2.25_right90_square_fov90.0_640x640.jpg,0.32786035537719727,3
data/UrbanWaste-images-10k-right\year_2016\TMX7316010203-000189\pano_0000_000032_heading290.37_pitch-0.16_right90_square_fov90.0_640x640.jpg,0.414193332195282,1
data/UrbanWaste-images-10k-right\year_2016\TMX7316010203-000189\pano_0000_000052_heading299.29_pitch-0.06_right90_square_fov90.0_640x640.jpg,0.0,0
data/UrbanWaste-images-10k-right\year_2016\TMX7316010203-000189\pano_0000_000066_heading299.38_pitch0.06_right90_square_fov90.0_640x640.jpg,0.0,0
data/UrbanWaste-images-10k-right\year_2016\TMX7316010203-000189\pano_0000_000080_heading297.46_pitch0.08_right90_square_fov90.0_640x640.jpg,0.2790696322917938,1
data/UrbanWaste-images-10k-right\year_2016\TMX7316010203-000189\pano_0000_000094_heading298.01_pitch1.11_right90_square_fov90.0_640x640.jpg,0.26119184494018555,1
data/UrbanWaste-images-10k-right\year_2016\TMX7316010203-000189\pano_0000_000102_heading295.84_pitch-0.54_right90_square_fov90.0_640x640.jpg,0.30906444787979126,1
data/UrbanWaste-images-10k-right\year_2016\TMX7316010203-000189\pano_0000_000116_heading299.51_pitch-0.02_right90_square_fov90.0_640x640.jpg,0.0,0
data/UrbanWaste-images-10k-right\year_2016\TMX7316010203-000189\pano_0000_000136_heading296.65_pitch0.17_right90_square_fov90.0_640x640.jpg,0.3740973472595215,1
data/UrbanWaste-images-10k-right\year_2016\TMX7316010203-000189\pano_0000_000190_heading185.39_pitch1.11_right90_square_fov90.0_640x640.jpg,0.0,0
data/UrbanWaste-images-10k-right\year_2016\TMX7316010203-000190\pano_0000_000050_heading209.13_pitch0.17_right90_square_fov90.0_640x640.jpg,0.28044113516807556,2
data/UrbanWaste-images-10k-right\year_2016\TMX7316010203-000190\pano_0000_000094_heading302.78_pitch-0.48_right90_square_fov90.0_640x640.jpg,0.0,0
data/UrbanWaste-images-10k-right\year_2016\TMX7316010203-000190\pano_0000_000098_heading301.83_pitch-1.02_right90_square_fov90.0_640x640.jpg,0.0,0
data/UrbanWaste-images-10k-right\year_2016\TMX7316010203-000190\pano_0000_000102_heading303.01_pitch-0.56_right90_square_fov90.0_640x640.jpg,0.0,0
data/UrbanWaste-images-10k-right\year_2016\TMX7316010203-000190\pano_0000_000126_heading32.00_pitch0.02_right90_square_fov90.0_640x640.jpg,0.0,0
data/UrbanWaste-images-10k-right\year_2016\TMX7316010203-000190\pano_0000_000128_heading30.18_pitch-0.17_right90_square_fov90.0_640x640.jpg,0.0,0
data/UrbanWaste-images-10k-right\year_2016\TMX7316010203-000190\pano_0000_000158_heading124.07_pitch0.03_right90_square_fov90.0_640x640.jpg,0.3629750907421112,1
data/UrbanWaste-images-10k-right\year_2016\TMX7316010203-000190\pano_0000_000241_heading29.26_pitch0.44_right90_square_fov90.0_640x640.jpg,0.0,0
data/UrbanWaste-images-10k-right\year_2016\TMX7316010203-000190\pano_0000_000255_heading114.66_pitch-0.04_right90_square_fov90.0_640x640.jpg,0.4288640320301056,3
data/UrbanWaste-images-10k-right\year_2016\TMX7316010203-000190\pano_0000_000317_heading219.42_pitch0.93_right90_square_fov90.0_640x640.jpg,0.27655908465385437,1
data/UrbanWaste-images-10k-right\year_2016\TMX7316010203-000190\pano_0000_000427_heading137.82_pitch-2.09_right90_square_fov90.0_640x640.jpg,0.3044092059135437,1
data/UrbanWaste-images-10k-right\year_2016\TMX7316010203-000190\pano_0000_000437_heading136.96_pitch0.68_right90_square_fov90.0_640x640.jpg,0.36257776618003845,1
data/UrbanWaste-images-10k-right\year_2016\TMX7316010203-000190\pano_0000_000519_heading39.87_pitch-0.10_right90_square_fov90.0_640x640.jpg,0.3347494602203369,1
data/UrbanWaste-images-10k-right\year_2016\TMX7316010203-000190\pano_0000_000537_heading36.16_pitch-1.98_right90_square_fov90.0_640x640.jpg,0.27456367015838623,1
data/UrbanWaste-images-10k-right\year_2016\TMX7316010203-000190\pano_0000_000539_heading39.68_pitch2.87_right90_square_fov90.0_640x640.jpg,0.3333444893360138,2
data/UrbanWaste-images-10k-right\year_2016\TMX7316010203-000190\pano_0000_000555_heading140.72_pitch-0.69_right90_square_fov90.0_640x640.jpg,0.0,0
data/UrbanWaste-images-10k-right\year_2016\TMX7316010203-000190\pano_0000_000557_heading137.74_pitch-1.12_right90_square_fov90.0_640x640.jpg,0.0,0
data/UrbanWaste-images-10k-right\year_2016\TMX7316010203-000190\pano_0000_000563_heading166.63_pitch-1.84_right90_square_fov90.0_640x640.jpg,0.2980915904045105,1
data/UrbanWaste-images-10k-right\year_2016\TMX7316010203-000190\pano_0000_000623_heading206.84_pitch-0.82_right90_square_fov90.0_640x640.jpg,0.4589759409427643,5
data/UrbanWaste-images-10k-right\year_2016\TMX7316010203-000190\pano_0000_000647_heading206.76_pitch-0.19_right90_square_fov90.0_640x640.jpg,0.36329180002212524,1
data/UrbanWaste-images-10k-right\year_2016\TMX7316010203-000190\pano_0000_000675_heading322.93_pitch-1.01_right90_square_fov90.0_640x640.jpg,0.26547375321388245,1
data/UrbanWaste-images-10k-right\year_2016\TMX7316010203-000190\pano_0000_000827_heading26.77_pitch-0.07_right90_square_fov90.0_640x640.jpg,0.26082080602645874,1
data/UrbanWaste-images-10k-right\year_2016\TMX7316010203-000190\pano_0000_000843_heading34.03_pitch-0.13_right90_square_fov90.0_640x640.jpg,0.0,0
data/UrbanWaste-images-10k-right\year_2016\TMX7316010203-000190\pano_0000_000847_heading35.01_pitch-0.98_right90_square_fov90.0_640x640.jpg,0.0,0
data/UrbanWaste-images-10k-right\year_2016\TMX7316010203-000190\pano_0000_000858_heading200.68_pitch1.70_right90_square_fov90.0_640x640.jpg,0.2708936333656311,1
data/UrbanWaste-images-10k-right\year_2016\TMX7316010203-000190\pano_0000_001050_heading18.36_pitch0.29_right90_square_fov90.0_640x640.jpg,0.0,0
data/UrbanWaste-images-10k-right\year_2016\TMX7316010203-000190\pano_0000_001138_heading142.89_pitch-0.29_right90_square_fov90.0_640x640.jpg,0.0,0
data/UrbanWaste-images-10k-right\year_2016\TMX7316010203-000190\pano_0000_001150_heading144.45_pitch0.59_right90_square_fov90.0_640x640.jpg,0.0,0
data/UrbanWaste-images-10k-right\year_2016\TMX7316010203-000190\pano_0000_001166_heading340.43_pitch0.36_right90_square_fov90.0_640x640.jpg,0.508366584777832,3
data/UrbanWaste-images-10k-right\year_2016\TMX7316010203-000190\pano_0000_001170_heading323.17_pitch-0.19_right90_square_fov90.0_640x640.jpg,0.4780453145503998,2
data/UrbanWaste-images-10k-right\year_2016\TMX7316010203-000190\pano_0000_001242_heading227.08_pitch-2.08_right90_square_fov90.0_640x640.jpg,0.0,0
data/UrbanWaste-images-10k-right\year_2016\TMX7316010203-000190\pano_0000_001264_heading144.06_pitch0.60_right90_square_fov90.0_640x640.jpg,0.0,0
data/UrbanWaste-images-10k-right\year_2016\TMX7316010203-000190\pano_0000_001290_heading321.32_pitch0.23_right90_square_fov90.0_640x640.jpg,0.2580092251300812,1
data/UrbanWaste-images-10k-right\year_2016\TMX7316010203-000190\pano_0000_001296_heading326.89_pitch-0.19_right90_square_fov90.0_640x640.jpg,0.0,0
data/UrbanWaste-images-10k-right\year_2016\TMX7316010203-000190\pano_0000_001326_heading212.25_pitch-0.05_right90_square_fov90.0_640x640.jpg,0.0,0
data/UrbanWaste-images-10k-right\year_2016\TMX7316010203-000190\pano_0000_001405_heading145.89_pitch-0.25_right90_square_fov90.0_640x640.jpg,0.0,0
data/UrbanWaste-images-10k-right\year_2016\TMX7316010203-000190\pano_0000_001449_heading129.21_pitch-0.08_right90_square_fov90.0_640x640.jpg,0.0,0
data/UrbanWaste-images-10k-right\year_2016\TMX7316010203-000190\pano_0000_001483_heading310.36_pitch-0.02_right90_square_fov90.0_640x640.jpg,0.0,0
data/UrbanWaste-images-10k-right\year_2016\TMX7316010203-000190\pano_0000_001515_heading319.27_pitch0.18_right90_square_fov90.0_640x640.jpg,0.0,0
data/UrbanWaste-images-10k-right\year_2016\TMX7316010203-000190\pano_0000_001537_heading325.70_pitch-0.08_right90_square_fov90.0_640x640.jpg,0.0,0
data/UrbanWaste-images-10k-right\year_2016\TMX7316010203-000190\pano_0000_001553_heading327.11_pitch-0.17_right90_square_fov90.0_640x640.jpg,0.2793482542037964,1
data/UrbanWaste-images-10k-right\year_2016\TMX7316010203-000190\pano_0000_001555_heading326.73_pitch0.08_right90_square_fov90.0_640x640.jpg,0.0,0
data/UrbanWaste-images-10k-right\year_2016\TMX7316010203-000190\pano_0000_001599_heading302.00_pitch2.08_right90_square_fov90.0_640x640.jpg,0.0,0
data/UrbanWaste-images-10k-right\year_2016\TMX7316010203-000190\pano_0000_001611_heading222.49_pitch-0.57_right90_square_fov90.0_640x640.jpg,0.0,0
data/UrbanWaste-images-10k-right\year_2016\TMX7316010203-000190\pano_0000_001651_heading247.57_pitch0.53_right90_square_fov90.0_640x640.jpg,0.25043123960494995,1
data/UrbanWaste-images-10k-right\year_2016\TMX7316010203-000190\pano_0000_001675_heading192.29_pitch0.00_right90_square_fov90.0_640x640.jpg,0.0,0
data/UrbanWaste-images-10k-right\year_2016\TMX7316010203-000190\pano_0000_001731_heading67.55_pitch0.10_right90_square_fov90.0_640x640.jpg,0.0,0
data/UrbanWaste-images-10k-right\year_2016\TMX7316010203-000190\pano_0000_001741_heading132.69_pitch-0.83_right90_square_fov90.0_640x640.jpg,0.26308146119117737,2
data/UrbanWaste-images-10k-right\year_2016\TMX7316010203-000190\pano_0000_001801_heading26.70_pitch-0.20_right90_square_fov90.0_640x640.jpg,0.0,0
data/UrbanWaste-images-10k-right\year_2016\TMX7316010203-000190\pano_0000_001821_heading206.83_pitch0.10_right90_square_fov90.0_640x640.jpg,0.0,0
data/UrbanWaste-images-10k-right\year_2016\TMX7316010203-000190\pano_0000_001829_heading208.53_pitch-0.13_right90_square_fov90.0_640x640.jpg,0.41654640436172485,6
data/UrbanWaste-images-10k-right\year_2016\TMX7316010203-000190\pano_0000_001921_heading209.14_pitch0.01_right90_square_fov90.0_640x640.jpg,0.0,0
data/UrbanWaste-images-10k-right\year_2016\TMX7316010203-000190\pano_0000_001927_heading208.33_pitch-0.08_right90_square_fov90.0_640x640.jpg,0.3149580955505371,1
data/UrbanWaste-images-10k-right\year_2016\TMX7316010203-000190\pano_0000_001947_heading207.93_pitch-0.07_right90_square_fov90.0_640x640.jpg,0.0,0
data/UrbanWaste-images-10k-right\year_2016\TMX7316010203-000190\pano_0000_002021_heading238.73_pitch2.19_right90_square_fov90.0_640x640.jpg,0.4619311988353729,1
data/UrbanWaste-images-10k-right\year_2016\TMX7316010203-000190\pano_0000_002035_heading331.23_pitch1.04_right90_square_fov90.0_640x640.jpg,0.5081557035446167,3
data/UrbanWaste-images-10k-right\year_2016\TMX7316010203-000191\pano_0001_000112_heading309.66_pitch0.07_right90_square_fov90.0_640x640.jpg,0.0,0
data/UrbanWaste-images-10k-right\year_2016\TMX7316010203-000191\pano_0001_000181_heading337.94_pitch-0.46_right90_square_fov90.0_640x640.jpg,0.47619450092315674,4
data/UrbanWaste-images-10k-right\year_2016\TMX7316010203-000191\pano_0001_000183_heading342.19_pitch0.42_right90_square_fov90.0_640x640.jpg,0.5389103293418884,3
data/UrbanWaste-images-10k-right\year_2016\TMX7316010203-000191\pano_0001_000200_heading255.27_pitch-1.47_right90_square_fov90.0_640x640.jpg,0.38205328583717346,1
data/UrbanWaste-images-10k-right\year_2016\TMX7316010203-000191\pano_0001_000241_heading237.34_pitch1.01_right90_square_fov90.0_640x640.jpg,0.25926673412323,1
data/UrbanWaste-images-10k-right\year_2016\TMX7316010203-000191\pano_0001_000284_heading82.79_pitch-1.41_right90_square_fov90.0_640x640.jpg,0.0,0
data/UrbanWaste-images-10k-right\year_2016\TMX7316010203-000191\pano_0001_000302_heading131.26_pitch-0.55_right90_square_fov90.0_640x640.jpg,0.2663663923740387,1
data/UrbanWaste-images-10k-right\year_2016\TMX7316010203-000191\pano_0001_000327_heading314.82_pitch-0.83_right90_square_fov90.0_640x640.jpg,0.0,0
data/UrbanWaste-images-10k-right\year_2016\TMX7316010203-000191\pano_0001_000386_heading42.93_pitch-0.62_right90_square_fov90.0_640x640.jpg,0.0,0
data/UrbanWaste-images-10k-right\year_2016\TMX7316010203-000191\pano_0001_000398_heading133.25_pitch-0.38_right90_square_fov90.0_640x640.jpg,0.0,0
data/UrbanWaste-images-10k-right\year_2016\TMX7316010203-000191\pano_0001_000408_heading132.27_pitch-0.28_right90_square_fov90.0_640x640.jpg,0.0,0
data/UrbanWaste-images-10k-right\year_2016\TMX7316010203-000191\pano_0001_000432_heading133.19_pitch0.14_right90_square_fov90.0_640x640.jpg,0.0,0
data/UrbanWaste-images-10k-right\year_2016\TMX7316010203-000191\pano_0001_000484_heading313.63_pitch0.52_right90_square_fov90.0_640x640.jpg,0.383666455745697,4
data/UrbanWaste-images-10k-right\year_2016\TMX7316010203-000191\pano_0001_000614_heading43.77_pitch-0.51_right90_square_fov90.0_640x640.jpg,0.29735705256462097,3
data/UrbanWaste-images-10k-right\year_2016\TMX7316010203-000191\pano_0001_000624_heading146.72_pitch0.13_right90_square_fov90.0_640x640.jpg,0.0,0
data/UrbanWaste-images-10k-right\year_2016\TMX7316010203-000191\pano_0001_000638_heading217.99_pitch-0.42_right90_square_fov90.0_640x640.jpg,0.0,0
data/UrbanWaste-images-10k-right\year_2016\TMX7316010203-000191\pano_0001_000642_heading223.45_pitch-0.04_right90_square_fov90.0_640x640.jpg,0.3190726041793823,1
data/UrbanWaste-images-10k-right\year_2016\TMX7316010203-000191\pano_0001_001538_heading54.28_pitch1.01_right90_square_fov90.0_640x640.jpg,0.4347689151763916,1
data/UrbanWaste-images-10k-right\year_2016\TMX7316010203-000193\pano_0000_000012_heading303.16_pitch2.57_right90_square_fov90.0_640x640.jpg,0.0,0
data/UrbanWaste-images-10k-right\year_2016\TMX7316060226-000011\pano_0000_008824_heading189.93_pitch0.76_right90_square_fov90.0_640x640.jpg,0.31911149621009827,2
data/UrbanWaste-images-10k-right\year_2016\TMX7316060226-000011\pano_0000_008868_heading9.66_pitch-0.27_right90_square_fov90.0_640x640.jpg,0.33205217123031616,3
data/UrbanWaste-images-10k-right\year_2016\TMX7316060226-000011\pano_0000_008878_heading9.13_pitch0.43_right90_square_fov90.0_640x640.jpg,0.5069551467895508,4
data/UrbanWaste-images-10k-right\year_2016\TMX7316060226-000011\pano_0000_008924_heading208.84_pitch0.45_right90_square_fov90.0_640x640.jpg,0.294875830411911,1
data/UrbanWaste-images-10k-right\year_2016\TMX7316060226-000019\pano_0000_002725_heading282.20_pitch-2.03_right90_square_fov90.0_640x640.jpg,0.3474161624908447,1
data/UrbanWaste-images-10k-right\year_2016\TMX7316060226-000019\pano_0000_002785_heading316.87_pitch0.07_right90_square_fov90.0_640x640.jpg,0.0,0
data/UrbanWaste-images-10k-right\year_2016\TMX7316060226-000019\pano_0000_002837_heading334.21_pitch-0.07_right90_square_fov90.0_640x640.jpg,0.0,0
data/UrbanWaste-images-10k-right\year_2016\TMX7316060226-000019\pano_0000_002865_heading324.27_pitch-0.51_right90_square_fov90.0_640x640.jpg,0.27719372510910034,1
data/UrbanWaste-images-10k-right\year_2016\TMX7316060226-000019\pano_0000_002885_heading25.67_pitch-1.97_right90_square_fov90.0_640x640.jpg,0.0,0
data/UrbanWaste-images-10k-right\year_2016\TMX7316060226-000019\pano_0000_002943_heading28.95_pitch-0.18_right90_square_fov90.0_640x640.jpg,0.3224766254425049,1
data/UrbanWaste-images-10k-right\year_2016\TMX7316060226-000019\pano_0000_002963_heading37.33_pitch-1.60_right90_square_fov90.0_640x640.jpg,0.36278557777404785,2
data/UrbanWaste-images-10k-right\year_2016\TMX7316060226-000019\pano_0000_002989_heading43.34_pitch-0.07_right90_square_fov90.0_640x640.jpg,0.27144744992256165,1
data/UrbanWaste-images-10k-right\year_2016\TMX7316060226-000019\pano_0000_002995_heading41.92_pitch-0.15_right90_square_fov90.0_640x640.jpg,0.3225446045398712,2
data/UrbanWaste-images-10k-right\year_2016\TMX7316060226-000019\pano_0000_003007_heading42.45_pitch-0.28_right90_square_fov90.0_640x640.jpg,0.0,0
data/UrbanWaste-images-10k-right\year_2016\TMX7316060226-000019\pano_0000_003009_heading42.20_pitch-0.11_right90_square_fov90.0_640x640.jpg,0.0,0
data/UrbanWaste-images-10k-right\year_2016\TMX7316060226-000019\pano_0000_003081_heading53.67_pitch0.12_right90_square_fov90.0_640x640.jpg,0.35055404901504517,1
data/UrbanWaste-images-10k-right\year_2016\TMX7316060226-000019\pano_0000_003099_heading354.89_pitch0.01_right90_square_fov90.0_640x640.jpg,0.0,0
data/UrbanWaste-images-10k-right\year_2016\TMX7316060226-000019\pano_0000_003101_heading353.62_pitch-0.17_right90_square_fov90.0_640x640.jpg,0.28122761845588684,3
data/UrbanWaste-images-10k-right\year_2016\TMX7316060226-000019\pano_0000_003147_heading96.86_pitch0.56_right90_square_fov90.0_640x640.jpg,0.29627424478530884,2
data/UrbanWaste-images-10k-right\year_2016\TMX7316060226-000019\pano_0000_003227_heading84.40_pitch-0.04_right90_square_fov90.0_640x640.jpg,0.0,0
data/UrbanWaste-images-10k-right\year_2016\TMX7316060226-000019\pano_0000_003271_heading223.30_pitch2.24_right90_square_fov90.0_640x640.jpg,0.3323596119880676,3
data/UrbanWaste-images-10k-right\year_2016\TMX7316060226-000019\pano_0000_003275_heading221.24_pitch1.82_right90_square_fov90.0_640x640.jpg,0.32631590962409973,2
data/UrbanWaste-images-10k-right\year_2016\TMX7316060226-000019\pano_0000_003287_heading222.01_pitch-0.63_right90_square_fov90.0_640x640.jpg,0.3245059549808502,2
data/UrbanWaste-images-10k-right\year_2016\TMX7316060226-000019\pano_0000_003321_heading228.38_pitch-0.48_right90_square_fov90.0_640x640.jpg,0.0,0
data/UrbanWaste-images-10k-right\year_2016\TMX7316060226-000019\pano_0000_003367_heading309.75_pitch0.86_right90_square_fov90.0_640x640.jpg,0.0,0
data/UrbanWaste-images-10k-right\year_2016\TMX7316060226-000019\pano_0000_003379_heading294.25_pitch-0.27_right90_square_fov90.0_640x640.jpg,0.40993115305900574,9
data/UrbanWaste-images-10k-right\year_2016\TMX7316060226-000019\pano_0000_003385_heading304.29_pitch0.04_right90_square_fov90.0_640x640.jpg,0.0,0
data/UrbanWaste-images-10k-right\year_2016\TMX7316060226-000019\pano_0000_003411_heading303.24_pitch-0.88_right90_square_fov90.0_640x640.jpg,0.34943604469299316,4
data/UrbanWaste-images-10k-right\year_2016\TMX7316060226-000019\pano_0000_003461_heading268.78_pitch-0.17_right90_square_fov90.0_640x640.jpg,0.0,0
data/UrbanWaste-images-10k-right\year_2016\TMX7316060226-000019\pano_0000_003544_heading279.66_pitch-0.42_right90_square_fov90.0_640x640.jpg,0.32451876997947693,2
data/UrbanWaste-images-10k-right\year_2016\TMX7316060226-000019\pano_0000_003566_heading339.93_pitch0.85_right90_square_fov90.0_640x640.jpg,0.5580451488494873,4
data/UrbanWaste-images-10k-right\year_2016\TMX7316060226-000019\pano_0000_003570_heading341.48_pitch-0.20_right90_square_fov90.0_640x640.jpg,0.4390672445297241,4
data/UrbanWaste-images-10k-right\year_2016\TMX7316060226-000019\pano_0000_003572_heading345.39_pitch-0.49_right90_square_fov90.0_640x640.jpg,0.3368559181690216,2
data/UrbanWaste-images-10k-right\year_2016\TMX7316060226-000019\pano_0000_003596_heading191.14_pitch0.52_right90_square_fov90.0_640x640.jpg,0.2603205442428589,1
data/UrbanWaste-images-10k-right\year_2016\TMX7316060226-000019\pano_0000_003598_heading186.76_pitch0.69_right90_square_fov90.0_640x640.jpg,0.29660242795944214,1
data/UrbanWaste-images-10k-right\year_2016\TMX7316060226-000019\pano_0000_003686_heading245.27_pitch0.20_right90_square_fov90.0_640x640.jpg,0.0,0
data/UrbanWaste-images-10k-right\year_2016\TMX7316060226-000019\pano_0000_003790_heading223.95_pitch-0.62_right90_square_fov90.0_640x640.jpg,0.44876644015312195,2
data/UrbanWaste-images-10k-right\year_2016\TMX7316060226-000019\pano_0000_003800_heading212.31_pitch-0.29_right90_square_fov90.0_640x640.jpg,0.0,0
data/UrbanWaste-images-10k-right\year_2016\TMX7316060226-000019\pano_0000_003868_heading194.71_pitch-0.57_right90_square_fov90.0_640x640.jpg,0.3090536594390869,1
data/UrbanWaste-images-10k-right\year_2016\TMX7316060226-000019\pano_0000_003916_heading317.94_pitch-0.19_right90_square_fov90.0_640x640.jpg,0.0,0
data/UrbanWaste-images-10k-right\year_2016\TMX7316060226-000019\pano_0000_003936_heading12.73_pitch0.84_right90_square_fov90.0_640x640.jpg,0.0,0
data/UrbanWaste-images-10k-right\year_2016\TMX7316060226-000019\pano_0000_003976_heading11.86_pitch0.40_right90_square_fov90.0_640x640.jpg,0.4005059003829956,2
data/UrbanWaste-images-10k-right\year_2016\TMX7316060226-000019\pano_0000_003982_heading12.17_pitch-0.25_right90_square_fov90.0_640x640.jpg,0.2659682333469391,1
data/UrbanWaste-images-10k-right\year_2016\TMX7316060226-000019\pano_0000_004012_heading42.68_pitch0.93_right90_square_fov90.0_640x640.jpg,0.29711902141571045,2
data/UrbanWaste-images-10k-right\year_2016\TMX7316060226-000019\pano_0000_004106_heading194.80_pitch-2.81_right90_square_fov90.0_640x640.jpg,0.0,0
data/UrbanWaste-images-10k-right\year_2016\TMX7316060226-000019\pano_0000_004176_heading6.00_pitch-0.84_right90_square_fov90.0_640x640.jpg,0.0,0
data/UrbanWaste-images-10k-right\year_2016\TMX7316060226-000019\pano_0000_004246_heading15.84_pitch-0.30_right90_square_fov90.0_640x640.jpg,0.0,0
data/UrbanWaste-images-10k-right\year_2016\TMX7316060226-000019\pano_0000_004266_heading194.58_pitch1.76_right90_square_fov90.0_640x640.jpg,0.3064501881599426,3
data/UrbanWaste-images-10k-right\year_2016\TMX7316060226-000019\pano_0000_004270_heading191.93_pitch1.43_right90_square_fov90.0_640x640.jpg,0.26916489005088806,1
data/UrbanWaste-images-10k-right\year_2016\TMX7316060226-000019\pano_0000_004306_heading178.81_pitch-2.48_right90_square_fov90.0_640x640.jpg,0.25931796431541443,1
data/UrbanWaste-images-10k-right\year_2016\TMX7316060226-000019\pano_0000_004335_heading280.41_pitch-0.26_right90_square_fov90.0_640x640.jpg,0.0,0
data/UrbanWaste-images-10k-right\year_2016\TMX7316060226-000019\pano_0000_004361_heading280.68_pitch0.33_right90_square_fov90.0_640x640.jpg,0.0,0
data/UrbanWaste-images-10k-right\year_2016\TMX7316060226-000019\pano_0000_004383_heading279.40_pitch0.13_right90_square_fov90.0_640x640.jpg,0.3356446921825409,1
data/UrbanWaste-images-10k-right\year_2016\TMX7316060226-000019\pano_0000_004429_heading192.66_pitch3.36_right90_square_fov90.0_640x640.jpg,0.5943593978881836,1
data/UrbanWaste-images-10k-right\year_2016\TMX7316060226-000019\pano_0000_004457_heading192.19_pitch0.31_right90_square_fov90.0_640x640.jpg,0.29760774970054626,1
data/UrbanWaste-images-10k-right\year_2016\TMX7316060226-000019\pano_0000_004459_heading191.79_pitch-0.19_right90_square_fov90.0_640x640.jpg,0.0,0
data/UrbanWaste-images-10k-right\year_2016\TMX7316060226-000019\pano_0000_004467_heading192.30_pitch-0.15_right90_square_fov90.0_640x640.jpg,0.2611629366874695,1
data/UrbanWaste-images-10k-right\year_2016\TMX7316060226-000019\pano_0000_004497_heading267.43_pitch0.49_right90_square_fov90.0_640x640.jpg,0.3810674250125885,2
data/UrbanWaste-images-10k-right\year_2016\TMX7316060226-000019\pano_0000_004503_heading266.00_pitch0.25_right90_square_fov90.0_640x640.jpg,0.30093756318092346,2
data/UrbanWaste-images-10k-right\year_2016\TMX7316060226-000019\pano_0000_004519_heading226.31_pitch-3.56_right90_square_fov90.0_640x640.jpg,0.26179414987564087,1
data/UrbanWaste-images-10k-right\year_2016\TMX7316060226-000019\pano_0000_004525_heading89.42_pitch0.85_right90_square_fov90.0_640x640.jpg,0.0,0
data/UrbanWaste-images-10k-right\year_2016\TMX7316060226-000019\pano_0000_004541_heading87.71_pitch0.08_right90_square_fov90.0_640x640.jpg,0.34898868203163147,2
data/UrbanWaste-images-10k-right\year_2016\TMX7316060226-000019\pano_0000_004579_heading11.68_pitch0.01_right90_square_fov90.0_640x640.jpg,0.0,0
data/UrbanWaste-images-10k-right\year_2016\TMX7316060226-000019\pano_0000_004585_heading12.09_pitch1.73_right90_square_fov90.0_640x640.jpg,0.0,0
data/UrbanWaste-images-10k-right\year_2016\TMX7316060226-000019\pano_0000_004665_heading187.73_pitch0.45_right90_square_fov90.0_640x640.jpg,0.3190256655216217,2
data/UrbanWaste-images-10k-right\year_2016\TMX7316060226-000019\pano_0000_004685_heading187.53_pitch0.19_right90_square_fov90.0_640x640.jpg,0.34809425473213196,2
data/UrbanWaste-images-10k-right\year_2016\TMX7316060226-000019\pano_0000_004878_heading162.12_pitch-0.12_right90_square_fov90.0_640x640.jpg,0.44419553875923157,2
data/UrbanWaste-images-10k-right\year_2016\TMX7316060226-000019\pano_0000_004930_heading297.45_pitch-0.21_right90_square_fov90.0_640x640.jpg,0.0,0
data/UrbanWaste-images-10k-right\year_2016\TMX7316060226-000019\pano_0000_004944_heading339.13_pitch0.18_right90_square_fov90.0_640x640.jpg,0.0,0
data/UrbanWaste-images-10k-right\year_2016\TMX7316060226-000019\pano_0000_004964_heading353.54_pitch-0.08_right90_square_fov90.0_640x640.jpg,0.3842613995075226,1
data/UrbanWaste-images-10k-right\year_2016\TMX7316060226-000019\pano_0000_005008_heading4.94_pitch-0.45_right90_square_fov90.0_640x640.jpg,0.0,0
data/UrbanWaste-images-10k-right\year_2016\TMX7316060226-000019\pano_0000_005018_heading4.56_pitch-0.10_right90_square_fov90.0_640x640.jpg,0.29910948872566223,1
data/UrbanWaste-images-10k-right\year_2016\TMX7316060226-000019\pano_0000_005050_heading97.69_pitch-1.05_right90_square_fov90.0_640x640.jpg,0.4160004258155823,3
data/UrbanWaste-images-10k-right\year_2016\TMX7316060226-000019\pano_0000_005052_heading97.82_pitch0.44_right90_square_fov90.0_640x640.jpg,0.3858281970024109,2
data/UrbanWaste-images-10k-right\year_2016\TMX7316060226-000019\pano_0000_005090_heading104.25_pitch-0.97_right90_square_fov90.0_640x640.jpg,0.0,0
data/UrbanWaste-images-10k-right\year_2016\TMX7316060226-000019\pano_0000_005094_heading105.78_pitch-2.39_right90_square_fov90.0_640x640.jpg,0.372834712266922,1
data/UrbanWaste-images-10k-right\year_2016\TMX7316060226-000019\pano_0000_005120_heading102.24_pitch0.04_right90_square_fov90.0_640x640.jpg,0.3876626491546631,2
data/UrbanWaste-images-10k-right\year_2016\TMX7316060226-000019\pano_0000_005136_heading105.56_pitch-1.93_right90_square_fov90.0_640x640.jpg,0.0,0
data/UrbanWaste-images-10k-right\year_2016\TMX7316060226-000019\pano_0000_005207_heading119.18_pitch-3.10_right90_square_fov90.0_640x640.jpg,0.0,0
data/UrbanWaste-images-10k-right\year_2016\TMX7316060226-000019\pano_0000_005312_heading180.44_pitch-1.89_right90_square_fov90.0_640x640.jpg,0.0,0
data/UrbanWaste-images-10k-right\year_2016\TMX7316060226-000020\pano_0000_000212_heading159.87_pitch-0.21_right90_square_fov90.0_640x640.jpg,0.345765620470047,4
data/UrbanWaste-images-10k-right\year_2016\TMX7316060226-000020\pano_0000_000230_heading258.35_pitch0.34_right90_square_fov90.0_640x640.jpg,0.2944192588329315,2
data/UrbanWaste-images-10k-right\year_2016\TMX7316060226-000020\pano_0000_000284_heading184.28_pitch-0.46_right90_square_fov90.0_640x640.jpg,0.3654648959636688,1
data/UrbanWaste-images-10k-right\year_2016\TMX7316060226-000020\pano_0000_000340_heading165.99_pitch-0.45_right90_square_fov90.0_640x640.jpg,0.31308475136756897,2
data/UrbanWaste-images-10k-right\year_2016\TMX7316060226-000020\pano_0000_000354_heading255.14_pitch-0.20_right90_square_fov90.0_640x640.jpg,0.0,0
data/UrbanWaste-images-10k-right\year_2016\TMX7316060226-000020\pano_0000_000358_heading255.28_pitch0.13_right90_square_fov90.0_640x640.jpg,0.41569891571998596,1
data/UrbanWaste-images-10k-right\year_2016\TMX7316060226-000020\pano_0000_000380_heading347.13_pitch0.75_right90_square_fov90.0_640x640.jpg,0.0,0
data/UrbanWaste-images-10k-right\year_2016\TMX7316060226-000020\pano_0000_000430_heading254.14_pitch0.12_right90_square_fov90.0_640x640.jpg,0.36220911145210266,1
data/UrbanWaste-images-10k-right\year_2016\TMX7316060226-000020\pano_0000_000520_heading4.53_pitch0.07_right90_square_fov90.0_640x640.jpg,0.0,0
data/UrbanWaste-images-10k-right\year_2016\TMX7316060226-000020\pano_0000_000575_heading98.59_pitch1.34_right90_square_fov90.0_640x640.jpg,0.3681367337703705,2
data/UrbanWaste-images-10k-right\year_2016\TMX7316060226-000020\pano_0000_000577_heading142.53_pitch-1.41_right90_square_fov90.0_640x640.jpg,0.3399336636066437,4
data/UrbanWaste-images-10k-right\year_2016\TMX7316060226-000020\pano_0000_000607_heading184.62_pitch-0.01_right90_square_fov90.0_640x640.jpg,0.0,0
data/UrbanWaste-images-10k-right\year_2016\TMX7316060226-000020\pano_0000_000635_heading185.94_pitch-0.10_right90_square_fov90.0_640x640.jpg,0.0,0
data/UrbanWaste-images-10k-right\year_2016\TMX7316060226-000020\pano_0000_000669_heading86.97_pitch0.08_right90_square_fov90.0_640x640.jpg,0.4228985011577606,3
data/UrbanWaste-images-10k-right\year_2016\TMX7316060226-000020\pano_0000_000675_heading86.77_pitch-0.36_right90_square_fov90.0_640x640.jpg,0.3604103624820709,2
data/UrbanWaste-images-10k-right\year_2016\TMX7316060226-000020\pano_0000_000699_heading12.01_pitch2.84_right90_square_fov90.0_640x640.jpg,0.28561699390411377,3
data/UrbanWaste-images-10k-right\year_2016\TMX7316060226-000020\pano_0000_000701_heading12.85_pitch0.88_right90_square_fov90.0_640x640.jpg,0.2980339229106903,1
data/UrbanWaste-images-10k-right\year_2016\TMX7316060226-000020\pano_0000_000821_heading190.35_pitch-0.25_right90_square_fov90.0_640x640.jpg,0.25299620628356934,1
data/UrbanWaste-images-10k-right\year_2016\TMX7316060226-000020\pano_0000_000825_heading190.07_pitch-0.86_right90_square_fov90.0_640x640.jpg,0.30135607719421387,3
data/UrbanWaste-images-10k-right\year_2016\TMX7316060226-000020\pano_0000_000841_heading190.70_pitch0.01_right90_square_fov90.0_640x640.jpg,0.32142964005470276,2
data/UrbanWaste-images-10k-right\year_2016\TMX7316060226-000020\pano_0002_000108_heading254.82_pitch-3.61_right90_square_fov90.0_640x640.jpg,0.0,0
data/UrbanWaste-images-10k-right\year_2016\TMX7316060226-000020\pano_0002_000114_heading283.26_pitch2.64_right90_square_fov90.0_640x640.jpg,0.42057985067367554,2
data/UrbanWaste-images-10k-right\year_2016\TMX7316060226-000020\pano_0002_000186_heading165.32_pitch-0.68_right90_square_fov90.0_640x640.jpg,0.0,0
data/UrbanWaste-images-10k-right\year_2016\TMX7316060226-000020\pano_0002_000286_heading166.57_pitch0.99_right90_square_fov90.0_640x640.jpg,0.2632220685482025,1
data/UrbanWaste-images-10k-right\year_2016\TMX7316060226-000020\pano_0003_000056_heading166.95_pitch-0.58_right90_square_fov90.0_640x640.jpg,0.2854015529155731,2
data/UrbanWaste-images-10k-right\year_2016\TMX7316060226-000020\pano_0003_000091_heading162.59_pitch-0.31_right90_square_fov90.0_640x640.jpg,0.3030811846256256,1
data/UrbanWaste-images-10k-right\year_2016\TMX7316060226-000020\pano_0003_000144_heading36.91_pitch0.30_right90_square_fov90.0_640x640.jpg,0.34060853719711304,2
data/UrbanWaste-images-10k-right\year_2016\TMX7316060226-000020\pano_0003_000164_heading297.53_pitch-0.35_right90_square_fov90.0_640x640.jpg,0.2975274324417114,2
data/UrbanWaste-images-10k-right\year_2016\TMX7316060226-000020\pano_0003_000196_heading70.58_pitch-0.90_right90_square_fov90.0_640x640.jpg,0.0,0
data/UrbanWaste-images-10k-right\year_2016\TMX7316060226-000020\pano_0003_000404_heading75.87_pitch0.13_right90_square_fov90.0_640x640.jpg,0.0,0
data/UrbanWaste-images-10k-right\year_2016\TMX7316060226-000020\pano_0003_000406_heading77.13_pitch-0.12_right90_square_fov90.0_640x640.jpg,0.33139151334762573,4
data/UrbanWaste-images-10k-right\year_2016\TMX7316060226-000020\pano_0003_000414_heading76.15_pitch-0.09_right90_square_fov90.0_640x640.jpg,0.0,0
data/UrbanWaste-images-10k-right\year_2016\TMX7316060226-000020\pano_0003_000440_heading162.29_pitch0.45_right90_square_fov90.0_640x640.jpg,0.2637288570404053,1
data/UrbanWaste-images-10k-right\year_2016\TMX7316060226-000020\pano_0003_000444_heading161.88_pitch3.46_right90_square_fov90.0_640x640.jpg,0.31199920177459717,4
data/UrbanWaste-images-10k-right\year_2016\TMX7316060226-000020\pano_0003_000554_heading343.31_pitch-0.02_right90_square_fov90.0_640x640.jpg,0.33943361043930054,1
data/UrbanWaste-images-10k-right\year_2016\TMX7316060226-000020\pano_0003_000604_heading344.01_pitch0.24_right90_square_fov90.0_640x640.jpg,0.4808484613895416,2
data/UrbanWaste-images-10k-right\year_2016\TMX7316060226-000020\pano_0003_000610_heading343.95_pitch-0.00_right90_square_fov90.0_640x640.jpg,0.4937942326068878,2
data/UrbanWaste-images-10k-right\year_2016\TMX7316060226-000020\pano_0003_000628_heading89.23_pitch-3.16_right90_square_fov90.0_640x640.jpg,0.0,0
data/UrbanWaste-images-10k-right\year_2016\TMX7316060226-000020\pano_0003_000718_heading52.70_pitch-2.59_right90_square_fov90.0_640x640.jpg,0.3225964903831482,2
data/UrbanWaste-images-10k-right\year_2016\TMX7316060226-000020\pano_0003_000736_heading338.40_pitch0.16_right90_square_fov90.0_640x640.jpg,0.3069697916507721,2
data/UrbanWaste-images-10k-right\year_2016\TMX7316060226-000020\pano_0003_000856_heading162.44_pitch1.29_right90_square_fov90.0_640x640.jpg,0.2709929645061493,1
data/UrbanWaste-images-10k-right\year_2016\TMX7316060226-000020\pano_0003_000866_heading233.06_pitch2.23_right90_square_fov90.0_640x640.jpg,0.41203773021698,2
data/UrbanWaste-images-10k-right\year_2016\TMX7316060226-000020\pano_0003_000923_heading342.15_pitch-1.64_right90_square_fov90.0_640x640.jpg,0.3366737365722656,2
data/UrbanWaste-images-10k-right\year_2016\TMX7316060226-000020\pano_0004_000054_heading341.60_pitch-0.02_right90_square_fov90.0_640x640.jpg,0.31287771463394165,2
data/UrbanWaste-images-10k-right\year_2016\TMX7316060226-000020\pano_0004_000134_heading341.64_pitch1.59_right90_square_fov90.0_640x640.jpg,0.37772881984710693,7
data/UrbanWaste-images-10k-right\year_2016\TMX7316060226-000020\pano_0004_000136_heading341.97_pitch0.30_right90_square_fov90.0_640x640.jpg,0.3623819649219513,1
data/UrbanWaste-images-10k-right\year_2016\TMX7316060226-000020\pano_0004_000186_heading139.74_pitch0.60_right90_square_fov90.0_640x640.jpg,0.26101699471473694,1
data/UrbanWaste-images-10k-right\year_2016\TMX7316060226-000020\pano_0005_000065_heading11.58_pitch-1.33_right90_square_fov90.0_640x640.jpg,0.0,0
data/UrbanWaste-images-10k-right\year_2016\TMX7316060226-000020\pano_0005_000067_heading11.14_pitch-1.21_right90_square_fov90.0_640x640.jpg,0.0,0
data/UrbanWaste-images-10k-right\year_2016\TMX7316060226-000020\pano_0005_000083_heading101.98_pitch0.40_right90_square_fov90.0_640x640.jpg,0.0,0
data/UrbanWaste-images-10k-right\year_2016\TMX7316060226-000020\pano_0005_000103_heading192.20_pitch0.05_right90_square_fov90.0_640x640.jpg,0.38812071084976196,1
data/UrbanWaste-images-10k-right\year_2016\TMX7316060226-000020\pano_0006_000090_heading267.66_pitch0.25_right90_square_fov90.0_640x640.jpg,0.38513633608818054,3
data/UrbanWaste-images-10k-right\year_2016\TMX7316060226-000020\pano_0006_000118_heading11.96_pitch7.31_right90_square_fov90.0_640x640.jpg,0.3899449408054352,1
data/UrbanWaste-images-10k-right\year_2016\TMX7316060226-000020\pano_0006_000221_heading281.43_pitch-0.46_right90_square_fov90.0_640x640.jpg,0.3199364244937897,2
data/UrbanWaste-images-10k-right\year_2016\TMX7316060226-000020\pano_0006_000273_heading11.38_pitch0.24_right90_square_fov90.0_640x640.jpg,0.32286757230758667,1
data/UrbanWaste-images-10k-right\year_2016\TMX7316060226-000020\pano_0006_000317_heading280.92_pitch-1.14_right90_square_fov90.0_640x640.jpg,0.3414555490016937,1
data/UrbanWaste-images-10k-right\year_2016\TMX7316060226-000020\pano_0006_000341_heading192.22_pitch0.41_right90_square_fov90.0_640x640.jpg,0.30163702368736267,1
data/UrbanWaste-images-10k-right\year_2016\TMX7316060226-000020\pano_0006_000345_heading189.15_pitch-0.18_right90_square_fov90.0_640x640.jpg,0.38128462433815,2
data/UrbanWaste-images-10k-right\year_2016\TMX7316060226-000020\pano_0006_000405_heading35.06_pitch-0.24_right90_square_fov90.0_640x640.jpg,0.36038368940353394,2
data/UrbanWaste-images-10k-right\year_2016\TMX7316060226-000020\pano_0006_000465_heading47.92_pitch-0.59_right90_square_fov90.0_640x640.jpg,0.26812446117401123,1
data/UrbanWaste-images-10k-right\year_2016\TMX7316060226-000020\pano_0006_000487_heading47.45_pitch-0.20_right90_square_fov90.0_640x640.jpg,0.40540027618408203,2
data/UrbanWaste-images-10k-right\year_2016\TMX7316060226-000020\pano_0006_000491_heading47.54_pitch-0.79_right90_square_fov90.0_640x640.jpg,0.33075281977653503,1
data/UrbanWaste-images-10k-right\year_2016\TMX7316060226-000020\pano_0006_000503_heading46.84_pitch-0.53_right90_square_fov90.0_640x640.jpg,0.35774001479148865,3
data/UrbanWaste-images-10k-right\year_2016\TMX7316060226-000020\pano_0006_000507_heading47.79_pitch-0.50_right90_square_fov90.0_640x640.jpg,0.4761153757572174,2
data/UrbanWaste-images-10k-right\year_2016\TMX7316060226-000020\pano_0006_000537_heading49.39_pitch-0.16_right90_square_fov90.0_640x640.jpg,0.4757329821586609,7
data/UrbanWaste-images-10k-right\year_2016\TMX7316060226-000020\pano_0006_000563_heading47.28_pitch0.10_right90_square_fov90.0_640x640.jpg,0.30609527230262756,1
data/UrbanWaste-images-10k-right\year_2016\TMX7316060226-000020\pano_0006_000613_heading331.06_pitch-1.87_right90_square_fov90.0_640x640.jpg,0.30360928177833557,2
data/UrbanWaste-images-10k-right\year_2016\TMX7316060226-000020\pano_0007_000016_heading201.40_pitch0.99_right90_square_fov90.0_640x640.jpg,0.3105122745037079,2
data/UrbanWaste-images-10k-right\year_2016\TMX7316060226-000020\pano_0007_000139_heading96.41_pitch0.15_right90_square_fov90.0_640x640.jpg,0.3345043957233429,1
data/UrbanWaste-images-10k-right\year_2016\TMX7316060226-000020\pano_0007_000147_heading110.71_pitch0.05_right90_square_fov90.0_640x640.jpg,0.0,0
data/UrbanWaste-images-10k-right\year_2016\TMX7316060226-000020\pano_0007_000163_heading110.55_pitch0.03_right90_square_fov90.0_640x640.jpg,0.0,0
data/UrbanWaste-images-10k-right\year_2016\TMX7316060226-000020\pano_0007_000171_heading144.58_pitch-1.02_right90_square_fov90.0_640x640.jpg,0.33806881308555603,1
data/UrbanWaste-images-10k-right\year_2016\TMX7316060226-000020\pano_0007_000253_heading290.85_pitch-0.16_right90_square_fov90.0_640x640.jpg,0.29020023345947266,2
data/UrbanWaste-images-10k-right\year_2016\TMX7316060226-000020\pano_0007_000295_heading110.80_pitch-0.42_right90_square_fov90.0_640x640.jpg,0.3828149139881134,2
data/UrbanWaste-images-10k-right\year_2016\TMX7316060226-000020\pano_0007_000369_heading219.72_pitch-2.91_right90_square_fov90.0_640x640.jpg,0.0,0
data/UrbanWaste-images-10k-right\year_2016\TMX7316060226-000020\pano_0007_000399_heading345.46_pitch0.11_right90_square_fov90.0_640x640.jpg,0.2531396746635437,1
data/UrbanWaste-images-10k-right\year_2016\TMX7316060226-000020\pano_0007_000473_heading224.46_pitch0.05_right90_square_fov90.0_640x640.jpg,0.0,0
data/UrbanWaste-images-10k-right\year_2016\TMX7316060226-000020\pano_0007_000479_heading222.17_pitch0.72_right90_square_fov90.0_640x640.jpg,0.3145955204963684,2
data/UrbanWaste-images-10k-right\year_2016\TMX7316060226-000020\pano_0007_000487_heading225.17_pitch0.09_right90_square_fov90.0_640x640.jpg,0.5377220511436462,1
data/UrbanWaste-images-10k-right\year_2016\TMX7316060226-000020\pano_0007_000501_heading322.75_pitch2.48_right90_square_fov90.0_640x640.jpg,0.0,0
data/UrbanWaste-images-10k-right\year_2016\TMX7316060226-000020\pano_0007_000525_heading346.30_pitch-0.03_right90_square_fov90.0_640x640.jpg,0.26358041167259216,2
data/UrbanWaste-images-10k-right\year_2016\TMX7316060226-000020\pano_0007_000594_heading171.46_pitch-1.06_right90_square_fov90.0_640x640.jpg,0.4214712977409363,1
data/UrbanWaste-images-10k-right\year_2016\TMX7316060226-000020\pano_0007_000616_heading114.28_pitch-0.70_right90_square_fov90.0_640x640.jpg,0.39627665281295776,2
data/UrbanWaste-images-10k-right\year_2016\TMX7316060226-000020\pano_0007_000628_heading165.56_pitch-0.57_right90_square_fov90.0_640x640.jpg,0.26844698190689087,1
data/UrbanWaste-images-10k-right\year_2016\TMX7316060226-000020\pano_0007_000685_heading255.61_pitch0.17_right90_square_fov90.0_640x640.jpg,0.48910588026046753,2
data/UrbanWaste-images-10k-right\year_2016\TMX7316060226-000020\pano_0007_000731_heading75.79_pitch0.18_right90_square_fov90.0_640x640.jpg,0.3396470248699188,2
data/UrbanWaste-images-10k-right\year_2016\TMX7316060226-000020\pano_0007_000779_heading221.48_pitch-0.64_right90_square_fov90.0_640x640.jpg,0.28583112359046936,3
data/UrbanWaste-images-10k-right\year_2016\TMX7316060226-000020\pano_0007_000820_heading345.70_pitch0.16_right90_square_fov90.0_640x640.jpg,0.0,0
data/UrbanWaste-images-10k-right\year_2016\TMX7316060226-000020\pano_0007_000841_heading345.98_pitch-0.29_right90_square_fov90.0_640x640.jpg,0.35599184036254883,2
data/UrbanWaste-images-10k-right\year_2016\TMX7316060226-000020\pano_0007_000857_heading345.94_pitch0.49_right90_square_fov90.0_640x640.jpg,0.4373374581336975,4
data/UrbanWaste-images-10k-right\year_2016\TMX7316060226-000020\pano_0007_000889_heading164.80_pitch0.08_right90_square_fov90.0_640x640.jpg,0.40392664074897766,3
data/UrbanWaste-images-10k-right\year_2016\TMX7316060226-000020\pano_0007_000919_heading165.21_pitch0.20_right90_square_fov90.0_640x640.jpg,0.40512800216674805,1
data/UrbanWaste-images-10k-right\year_2016\TMX7316060226-000020\pano_0007_000997_heading308.06_pitch-0.61_right90_square_fov90.0_640x640.jpg,0.4044480323791504,5
data/UrbanWaste-images-10k-right\year_2016\TMX7316060226-000020\pano_0007_000999_heading299.23_pitch2.11_right90_square_fov90.0_640x640.jpg,0.3809557259082794,1
data/UrbanWaste-images-10k-right\year_2016\TMX7316060226-000020\pano_0007_001009_heading302.76_pitch-0.25_right90_square_fov90.0_640x640.jpg,0.0,0
data/UrbanWaste-images-10k-right\year_2016\TMX7316060226-000020\pano_0007_001043_heading299.32_pitch-2.07_right90_square_fov90.0_640x640.jpg,0.0,0
data/UrbanWaste-images-10k-right\year_2016\TMX7316060226-000020\pano_0007_001062_heading292.77_pitch-0.00_right90_square_fov90.0_640x640.jpg,0.4668051600456238,1
data/UrbanWaste-images-10k-right\year_2016\TMX7316060226-000020\pano_0007_001080_heading299.06_pitch-2.26_right90_square_fov90.0_640x640.jpg,0.3394121527671814,1
data/UrbanWaste-images-10k-right\year_2016\TMX7316060226-000020\pano_0007_001120_heading300.02_pitch-3.08_right90_square_fov90.0_640x640.jpg,0.0,0
data/UrbanWaste-images-10k-right\year_2016\TMX7316060226-000020\pano_0007_001214_heading337.69_pitch-0.24_right90_square_fov90.0_640x640.jpg,0.0,0
data/UrbanWaste-images-10k-right\year_2016\TMX7316060226-000020\pano_0007_001224_heading338.57_pitch-0.02_right90_square_fov90.0_640x640.jpg,0.2519429922103882,1
data/UrbanWaste-images-10k-right\year_2016\TMX7316060226-000020\pano_0007_001246_heading101.05_pitch1.87_right90_square_fov90.0_640x640.jpg,0.0,0
data/UrbanWaste-images-10k-right\year_2016\TMX7316060226-000020\pano_0007_001252_heading100.26_pitch2.10_right90_square_fov90.0_640x640.jpg,0.5378482341766357,4
data/UrbanWaste-images-10k-right\year_2016\TMX7316060226-000020\pano_0007_001312_heading159.05_pitch-0.48_right90_square_fov90.0_640x640.jpg,0.363460510969162,1
data/UrbanWaste-images-10k-right\year_2016\TMX7316060226-000022\pano_0000_000089_heading102.40_pitch0.16_right90_square_fov90.0_640x640.jpg,0.0,0
data/UrbanWaste-images-10k-right\year_2016\TMX7316060226-000022\pano_0000_000103_heading100.14_pitch0.99_right90_square_fov90.0_640x640.jpg,0.47547826170921326,1
data/UrbanWaste-images-10k-right\year_2016\TMX7316060226-000022\pano_0000_000161_heading12.25_pitch0.50_right90_square_fov90.0_640x640.jpg,0.3540264964103699,2
data/UrbanWaste-images-10k-right\year_2016\TMX7316060226-000022\pano_0000_000214_heading280.70_pitch-0.88_right90_square_fov90.0_640x640.jpg,0.3571288585662842,1
data/UrbanWaste-images-10k-right\year_2016\TMX7316060226-000022\pano_0000_000241_heading102.09_pitch0.12_right90_square_fov90.0_640x640.jpg,0.0,0
data/UrbanWaste-images-10k-right\year_2016\TMX7316060226-000022\pano_0000_000261_heading17.96_pitch1.76_right90_square_fov90.0_640x640.jpg,0.37047868967056274,2
data/UrbanWaste-images-10k-right\year_2016\TMX7316060226-000022\pano_0000_000329_heading44.57_pitch0.02_right90_square_fov90.0_640x640.jpg,0.3684374690055847,4
data/UrbanWaste-images-10k-right\year_2016\TMX7316060226-000022\pano_0000_000399_heading223.13_pitch2.49_right90_square_fov90.0_640x640.jpg,0.37412795424461365,2
data/UrbanWaste-images-10k-right\year_2016\TMX7316060226-000022\pano_0000_000461_heading223.09_pitch0.56_right90_square_fov90.0_640x640.jpg,0.3173963129520416,2
data/UrbanWaste-images-10k-right\year_2016\TMX7316060226-000022\pano_0000_000469_heading222.95_pitch-0.97_right90_square_fov90.0_640x640.jpg,0.2706198990345001,1
data/UrbanWaste-images-10k-right\year_2016\TMX7316060226-000022\pano_0000_000479_heading203.58_pitch1.12_right90_square_fov90.0_640x640.jpg,0.0,0
data/UrbanWaste-images-10k-right\year_2016\TMX7316060226-000022\pano_0000_000606_heading276.41_pitch1.50_right90_square_fov90.0_640x640.jpg,0.31481239199638367,4
data/UrbanWaste-images-10k-right\year_2016\TMX7316060226-000022\pano_0000_000736_heading69.16_pitch-0.38_right90_square_fov90.0_640x640.jpg,0.2705869674682617,1
data/UrbanWaste-images-10k-right\year_2016\TMX7316060226-000022\pano_0000_000750_heading51.40_pitch-0.13_right90_square_fov90.0_640x640.jpg,0.32581207156181335,3
data/UrbanWaste-images-10k-right\year_2016\TMX7316060226-000022\pano_0000_000784_heading137.79_pitch-0.49_right90_square_fov90.0_640x640.jpg,0.0,0
data/UrbanWaste-images-10k-right\year_2016\TMX7316060226-000022\pano_0000_000814_heading140.18_pitch-0.41_right90_square_fov90.0_640x640.jpg,0.3569127321243286,3
data/UrbanWaste-images-10k-right\year_2016\TMX7316060226-000022\pano_0000_000831_heading146.89_pitch-0.30_right90_square_fov90.0_640x640.jpg,0.389626145362854,2
data/UrbanWaste-images-10k-right\year_2016\TMX7316060226-000022\pano_0000_000881_heading143.80_pitch-1.98_right90_square_fov90.0_640x640.jpg,0.49583718180656433,4
data/UrbanWaste-images-10k-right\year_2016\TMX7316060226-000022\pano_0000_000887_heading117.29_pitch0.64_right90_square_fov90.0_640x640.jpg,0.36919811367988586,2
data/UrbanWaste-images-10k-right\year_2016\TMX7316060226-000022\pano_0000_000903_heading334.05_pitch-0.94_right90_square_fov90.0_640x640.jpg,0.33300894498825073,1
data/UrbanWaste-images-10k-right\year_2016\TMX7316060226-000022\pano_0000_000943_heading148.87_pitch0.54_right90_square_fov90.0_640x640.jpg,0.2500953674316406,1
data/UrbanWaste-images-10k-right\year_2016\TMX7316060226-000022\pano_0001_000061_heading222.34_pitch-0.08_right90_square_fov90.0_640x640.jpg,0.2629053592681885,1
data/UrbanWaste-images-10k-right\year_2016\TMX7316060226-000022\pano_0001_000099_heading192.48_pitch-0.01_right90_square_fov90.0_640x640.jpg,0.0,0
data/UrbanWaste-images-10k-right\year_2016\TMX7316060226-000022\pano_0001_000127_heading281.28_pitch0.55_right90_square_fov90.0_640x640.jpg,0.44248464703559875,7
data/UrbanWaste-images-10k-right\year_2016\TMX7316060226-000022\pano_0001_000203_heading116.17_pitch-0.24_right90_square_fov90.0_640x640.jpg,0.0,0
data/UrbanWaste-images-10k-right\year_2016\TMX7316060226-000022\pano_0002_000013_heading10.46_pitch-0.27_right90_square_fov90.0_640x640.jpg,0.0,0
data/UrbanWaste-images-10k-right\year_2016\TMX7316060226-000022\pano_0002_000107_heading92.03_pitch0.10_right90_square_fov90.0_640x640.jpg,0.4053502082824707,2
data/UrbanWaste-images-10k-right\year_2016\TMX7316060226-000022\pano_0002_000129_heading92.64_pitch0.20_right90_square_fov90.0_640x640.jpg,0.0,0
data/UrbanWaste-images-10k-right\year_2016\TMX7316060226-000022\pano_0002_000219_heading186.86_pitch0.47_right90_square_fov90.0_640x640.jpg,0.42681342363357544,4
data/UrbanWaste-images-10k-right\year_2016\TMX7316060226-000022\pano_0002_000263_heading104.02_pitch0.36_right90_square_fov90.0_640x640.jpg,0.36389636993408203,1
data/UrbanWaste-images-10k-right\year_2016\TMX7316060226-000022\pano_0002_000383_heading273.59_pitch0.77_right90_square_fov90.0_640x640.jpg,0.42338305711746216,5
data/UrbanWaste-images-10k-right\year_2016\TMX7316060226-000022\pano_0002_000407_heading270.68_pitch-0.92_right90_square_fov90.0_640x640.jpg,0.34193772077560425,2
data/UrbanWaste-images-10k-right\year_2016\TMX7316060226-000022\pano_0002_000435_heading273.57_pitch0.00_right90_square_fov90.0_640x640.jpg,0.4696104824542999,3
data/UrbanWaste-images-10k-right\year_2016\TMX7316060226-000022\pano_0002_000451_heading272.95_pitch-2.84_right90_square_fov90.0_640x640.jpg,0.3306894898414612,1
data/UrbanWaste-images-10k-right\year_2016\TMX7316060226-000022\pano_0002_000481_heading271.96_pitch-1.88_right90_square_fov90.0_640x640.jpg,0.4267834424972534,4
data/UrbanWaste-images-10k-right\year_2016\TMX7316060226-000022\pano_0002_000497_heading272.20_pitch2.85_right90_square_fov90.0_640x640.jpg,0.346149742603302,2
data/UrbanWaste-images-10k-right\year_2016\TMX7316060226-000022\pano_0002_000533_heading273.13_pitch-0.38_right90_square_fov90.0_640x640.jpg,0.3219781816005707,2
data/UrbanWaste-images-10k-right\year_2016\TMX7316060226-000022\pano_0002_000594_heading227.48_pitch0.61_right90_square_fov90.0_640x640.jpg,0.352420836687088,2
data/UrbanWaste-images-10k-right\year_2016\TMX7316060226-000022\pano_0002_000614_heading227.82_pitch-0.52_right90_square_fov90.0_640x640.jpg,0.36897045373916626,2
data/UrbanWaste-images-10k-right\year_2016\TMX7316060226-000022\pano_0002_000620_heading227.20_pitch-0.11_right90_square_fov90.0_640x640.jpg,0.3841816782951355,2
data/UrbanWaste-images-10k-right\year_2016\TMX7316060226-000022\pano_0002_000640_heading226.92_pitch0.19_right90_square_fov90.0_640x640.jpg,0.3579730689525604,2
data/UrbanWaste-images-10k-right\year_2016\TMX7316060226-000022\pano_0002_000672_heading192.64_pitch0.55_right90_square_fov90.0_640x640.jpg,0.4844200015068054,8
data/UrbanWaste-images-10k-right\year_2016\TMX7316060226-000022\pano_0002_000688_heading191.85_pitch-0.70_right90_square_fov90.0_640x640.jpg,0.299345463514328,1
data/UrbanWaste-images-10k-right\year_2016\TMX7316060226-000022\pano_0002_000700_heading192.74_pitch-1.24_right90_square_fov90.0_640x640.jpg,0.3068043291568756,1
data/UrbanWaste-images-10k-right\year_2016\TMX7316060226-000022\pano_0003_000032_heading93.05_pitch-0.64_right90_square_fov90.0_640x640.jpg,0.2862737774848938,1
data/UrbanWaste-images-10k-right\year_2016\TMX7316060226-000022\pano_0003_000080_heading93.88_pitch0.16_right90_square_fov90.0_640x640.jpg,0.3273199498653412,2
data/UrbanWaste-images-10k-right\year_2016\TMX7316060226-000022\pano_0003_000129_heading93.84_pitch-0.90_right90_square_fov90.0_640x640.jpg,0.2738626301288605,1
data/UrbanWaste-images-10k-right\year_2016\TMX7316060226-000022\pano_0003_000151_heading92.70_pitch0.04_right90_square_fov90.0_640x640.jpg,0.2767399847507477,2
data/UrbanWaste-images-10k-right\year_2016\TMX7316060226-000022\pano_0003_000161_heading92.98_pitch0.08_right90_square_fov90.0_640x640.jpg,0.0,0
data/UrbanWaste-images-10k-right\year_2016\TMX7316060226-000022\pano_0003_000194_heading272.52_pitch0.15_right90_square_fov90.0_640x640.jpg,0.341640830039978,1
data/UrbanWaste-images-10k-right\year_2016\TMX7316060226-000022\pano_0003_000202_heading272.97_pitch0.30_right90_square_fov90.0_640x640.jpg,0.29263949394226074,1
data/UrbanWaste-images-10k-right\year_2016\TMX7316060226-000022\pano_0003_000228_heading273.59_pitch-0.22_right90_square_fov90.0_640x640.jpg,0.4078591763973236,2
data/UrbanWaste-images-10k-right\year_2016\TMX7316060226-000022\pano_0003_000286_heading273.05_pitch-0.84_right90_square_fov90.0_640x640.jpg,0.320745050907135,2
data/UrbanWaste-images-10k-right\year_2016\TMX7316060226-000022\pano_0003_000310_heading273.46_pitch-2.90_right90_square_fov90.0_640x640.jpg,0.3237771689891815,1
data/UrbanWaste-images-10k-right\year_2016\TMX7316060226-000022\pano_0003_000322_heading274.28_pitch-0.17_right90_square_fov90.0_640x640.jpg,0.38075682520866394,2
data/UrbanWaste-images-10k-right\year_2016\TMX7316060226-000022\pano_0003_000434_heading62.41_pitch0.95_right90_square_fov90.0_640x640.jpg,0.2850388288497925,1
data/UrbanWaste-images-10k-right\year_2016\TMX7316060226-000022\pano_0003_000450_heading92.96_pitch-0.52_right90_square_fov90.0_640x640.jpg,0.29124099016189575,1
data/UrbanWaste-images-10k-right\year_2016\TMX7316060226-000022\pano_0003_000482_heading92.33_pitch-0.08_right90_square_fov90.0_640x640.jpg,0.3783922493457794,3
data/UrbanWaste-images-10k-right\year_2016\TMX7316060226-000022\pano_0003_000488_heading92.99_pitch-3.51_right90_square_fov90.0_640x640.jpg,0.4558732211589813,3
data/UrbanWaste-images-10k-right\year_2016\TMX7316060226-000022\pano_0003_000542_heading92.77_pitch0.01_right90_square_fov90.0_640x640.jpg,0.2595466077327728,1
data/UrbanWaste-images-10k-right\year_2016\TMX7316060226-000022\pano_0003_000561_heading92.43_pitch-0.27_right90_square_fov90.0_640x640.jpg,0.2737549841403961,1
data/UrbanWaste-images-10k-right\year_2016\TMX7316060226-000022\pano_0003_000563_heading92.39_pitch-0.54_right90_square_fov90.0_640x640.jpg,0.3032248318195343,1
data/UrbanWaste-images-10k-right\year_2016\TMX7316060226-000022\pano_0003_000581_heading92.15_pitch0.14_right90_square_fov90.0_640x640.jpg,0.2652036249637604,1
data/UrbanWaste-images-10k-right\year_2016\TMX7316060226-000022\pano_0003_000585_heading92.02_pitch0.56_right90_square_fov90.0_640x640.jpg,0.2907481789588928,2
data/UrbanWaste-images-10k-right\year_2016\TMX7316060226-000022\pano_0003_000587_heading92.33_pitch0.87_right90_square_fov90.0_640x640.jpg,0.2879265546798706,2
data/UrbanWaste-images-10k-right\year_2016\TMX7316060226-000022\pano_0003_000599_heading92.71_pitch-1.65_right90_square_fov90.0_640x640.jpg,0.2771148383617401,1
data/UrbanWaste-images-10k-right\year_2016\TMX7316060226-000022\pano_0003_000605_heading116.63_pitch-0.89_right90_square_fov90.0_640x640.jpg,0.3549664318561554,10
data/UrbanWaste-images-10k-right\year_2016\TMX7316060226-000022\pano_0003_000607_heading173.00_pitch1.05_right90_square_fov90.0_640x640.jpg,0.42198416590690613,2
data/UrbanWaste-images-10k-right\year_2016\TMX7316060226-000022\pano_0003_000613_heading182.17_pitch0.10_right90_square_fov90.0_640x640.jpg,0.3201163709163666,1
data/UrbanWaste-images-10k-right\year_2016\TMX7316060226-000022\pano_0003_000628_heading182.08_pitch0.55_right90_square_fov90.0_640x640.jpg,0.39768192172050476,2
data/UrbanWaste-images-10k-right\year_2016\TMX7316060226-000022\pano_0003_000630_heading185.58_pitch2.05_right90_square_fov90.0_640x640.jpg,0.3589203655719757,2
data/UrbanWaste-images-10k-right\year_2016\TMX7316060226-000022\pano_0003_000638_heading220.48_pitch0.76_right90_square_fov90.0_640x640.jpg,0.37070325016975403,1
data/UrbanWaste-images-10k-right\year_2016\TMX7316060226-000022\pano_0003_000654_heading191.97_pitch-1.83_right90_square_fov90.0_640x640.jpg,0.0,0
data/UrbanWaste-images-10k-right\year_2016\TMX7316060226-000022\pano_0003_000656_heading211.96_pitch0.07_right90_square_fov90.0_640x640.jpg,0.5291562080383301,3
data/UrbanWaste-images-10k-right\year_2016\TMX7316060226-000022\pano_0003_000738_heading273.17_pitch0.29_right90_square_fov90.0_640x640.jpg,0.28288307785987854,1
data/UrbanWaste-images-10k-right\year_2016\TMX7316060226-000022\pano_0003_000766_heading274.32_pitch1.22_right90_square_fov90.0_640x640.jpg,0.2537204325199127,2
data/UrbanWaste-images-10k-right\year_2016\TMX7316060226-000022\pano_0003_000770_heading272.38_pitch0.05_right90_square_fov90.0_640x640.jpg,0.33280056715011597,1
data/UrbanWaste-images-10k-right\year_2016\TMX7316060226-000022\pano_0003_000780_heading275.21_pitch-0.67_right90_square_fov90.0_640x640.jpg,0.3349658250808716,2
data/UrbanWaste-images-10k-right\year_2016\TMX7316060226-000022\pano_0003_000855_heading323.36_pitch1.84_right90_square_fov90.0_640x640.jpg,0.41168272495269775,3
data/UrbanWaste-images-10k-right\year_2016\TMX7316060226-000022\pano_0003_000865_heading328.35_pitch-0.34_right90_square_fov90.0_640x640.jpg,0.332457572221756,2
data/UrbanWaste-images-10k-right\year_2016\TMX7316060226-000022\pano_0003_000867_heading327.71_pitch-0.46_right90_square_fov90.0_640x640.jpg,0.4481569528579712,3
data/UrbanWaste-images-10k-right\year_2016\TMX7316060226-000022\pano_0003_000893_heading327.46_pitch0.53_right90_square_fov90.0_640x640.jpg,0.2792420983314514,2
data/UrbanWaste-images-10k-right\year_2016\TMX7316060226-000030\pano_0000_000068_heading73.82_pitch2.74_right90_square_fov90.0_640x640.jpg,0.2667076885700226,1
data/UrbanWaste-images-10k-right\year_2016\TMX7316060226-000030\pano_0000_000090_heading72.44_pitch-1.44_right90_square_fov90.0_640x640.jpg,0.25798407196998596,1
data/UrbanWaste-images-10k-right\year_2016\TMX7316060226-000030\pano_0000_000108_heading342.59_pitch0.22_right90_square_fov90.0_640x640.jpg,0.3620712161064148,1
data/UrbanWaste-images-10k-right\year_2016\TMX7316060226-000030\pano_0000_000146_heading345.34_pitch0.49_right90_square_fov90.0_640x640.jpg,0.3876820206642151,5
data/UrbanWaste-images-10k-right\year_2016\TMX7316060226-000030\pano_0000_000152_heading344.52_pitch0.09_right90_square_fov90.0_640x640.jpg,0.4529334306716919,1
data/UrbanWaste-images-10k-right\year_2016\TMX7316060226-000030\pano_0000_000194_heading162.20_pitch-0.27_right90_square_fov90.0_640x640.jpg,0.0,0
data/UrbanWaste-images-10k-right\year_2016\TMX7316060226-000030\pano_0000_000244_heading163.10_pitch0.07_right90_square_fov90.0_640x640.jpg,0.26389262080192566,1
data/UrbanWaste-images-10k-right\year_2016\TMX7316060226-000030\pano_0000_000254_heading163.53_pitch2.17_right90_square_fov90.0_640x640.jpg,0.0,0
data/UrbanWaste-images-10k-right\year_2016\TMX7316060226-000030\pano_0000_000272_heading74.62_pitch4.79_right90_square_fov90.0_640x640.jpg,0.2876894474029541,2
data/UrbanWaste-images-10k-right\year_2016\TMX7316060226-000030\pano_0000_000308_heading73.02_pitch6.26_right90_square_fov90.0_640x640.jpg,0.38271158933639526,1
data/UrbanWaste-images-10k-right\year_2016\TMX7316060226-000030\pano_0001_000063_heading341.04_pitch-0.08_right90_square_fov90.0_640x640.jpg,0.3779503405094147,5
data/UrbanWaste-images-10k-right\year_2016\TMX7316060226-000030\pano_0001_000091_heading22.75_pitch-0.47_right90_square_fov90.0_640x640.jpg,0.5321900844573975,2
data/UrbanWaste-images-10k-right\year_2016\TMX7316060226-000030\pano_0001_000221_heading335.21_pitch-0.20_right90_square_fov90.0_640x640.jpg,0.3448505401611328,2
data/UrbanWaste-images-10k-right\year_2016\TMX7316060226-000030\pano_0001_000227_heading331.18_pitch-1.13_right90_square_fov90.0_640x640.jpg,0.0,0
data/UrbanWaste-images-10k-right\year_2016\TMX7316060226-000030\pano_0002_000052_heading298.59_pitch-3.37_right90_square_fov90.0_640x640.jpg,0.0,0
data/UrbanWaste-images-10k-right\year_2016\TMX7316060226-000030\pano_0002_000106_heading339.47_pitch-0.36_right90_square_fov90.0_640x640.jpg,0.29761409759521484,2
data/UrbanWaste-images-10k-right\year_2016\TMX7316060226-000030\pano_0002_000110_heading339.25_pitch-0.22_right90_square_fov90.0_640x640.jpg,0.0,0
data/UrbanWaste-images-10k-right\year_2016\TMX7316060226-000030\pano_0002_000144_heading336.76_pitch0.08_right90_square_fov90.0_640x640.jpg,0.25998157262802124,1
data/UrbanWaste-images-10k-right\year_2016\TMX7316060226-000030\pano_0002_000146_heading335.84_pitch0.16_right90_square_fov90.0_640x640.jpg,0.0,0
data/UrbanWaste-images-10k-right\year_2016\TMX7316060226-000030\pano_0002_000148_heading330.22_pitch-0.20_right90_square_fov90.0_640x640.jpg,0.0,0
data/UrbanWaste-images-10k-right\year_2016\TMX7316060226-000030\pano_0002_000150_heading309.26_pitch-0.42_right90_square_fov90.0_640x640.jpg,0.410467267036438,2
data/UrbanWaste-images-10k-right\year_2016\TMX7316060226-000030\pano_0002_000210_heading156.67_pitch-0.29_right90_square_fov90.0_640x640.jpg,0.6172187924385071,1
data/UrbanWaste-images-10k-right\year_2016\TMX7316060226-000030\pano_0002_000212_heading156.76_pitch-0.05_right90_square_fov90.0_640x640.jpg,0.26974642276763916,1
data/UrbanWaste-images-10k-right\year_2016\TMX7316060226-000030\pano_0002_000260_heading272.56_pitch-2.52_right90_square_fov90.0_640x640.jpg,0.0,0
data/UrbanWaste-images-10k-right\year_2016\TMX7316060226-000030\pano_0002_000270_heading136.74_pitch4.19_right90_square_fov90.0_640x640.jpg,0.317812442779541,3
data/UrbanWaste-images-10k-right\year_2016\TMX7316060226-000030\pano_0002_000310_heading92.09_pitch-3.05_right90_square_fov90.0_640x640.jpg,0.2901836633682251,1
data/UrbanWaste-images-10k-right\year_2016\TMX7316060226-000030\pano_0002_000312_heading94.91_pitch-3.61_right90_square_fov90.0_640x640.jpg,0.346628338098526,2
data/UrbanWaste-images-10k-right\year_2016\TMX7316060226-000030\pano_0002_000392_heading276.10_pitch0.37_right90_square_fov90.0_640x640.jpg,0.44344305992126465,2
data/UrbanWaste-images-10k-right\year_2016\TMX7316060226-000030\pano_0002_000408_heading276.61_pitch0.04_right90_square_fov90.0_640x640.jpg,0.5088211894035339,2
data/UrbanWaste-images-10k-right\year_2016\TMX7316060226-000030\pano_0002_000430_heading6.11_pitch-1.71_right90_square_fov90.0_640x640.jpg,0.0,0
data/UrbanWaste-images-10k-right\year_2016\TMX7316060226-000030\pano_0002_000484_heading3.30_pitch-0.15_right90_square_fov90.0_640x640.jpg,0.285299152135849,1
data/UrbanWaste-images-10k-right\year_2016\TMX7316060226-000030\pano_0002_000571_heading182.54_pitch-0.09_right90_square_fov90.0_640x640.jpg,0.0,0
data/UrbanWaste-images-10k-right\year_2016\TMX7316060226-000030\pano_0002_000581_heading183.66_pitch-0.76_right90_square_fov90.0_640x640.jpg,0.3493518829345703,2
data/UrbanWaste-images-10k-right\year_2016\TMX7316060226-000030\pano_0003_000012_heading187.35_pitch0.60_right90_square_fov90.0_640x640.jpg,0.3022056519985199,3
data/UrbanWaste-images-10k-right\year_2016\TMX7316060226-000030\pano_0004_000039_heading101.84_pitch-1.06_right90_square_fov90.0_640x640.jpg,0.2554596960544586,1
data/UrbanWaste-images-10k-right\year_2016\TMX7316060226-000030\pano_0004_000047_heading111.51_pitch-1.80_right90_square_fov90.0_640x640.jpg,0.33398547768592834,1
data/UrbanWaste-images-10k-right\year_2016\TMX7316060226-000030\pano_0004_000083_heading123.62_pitch-1.10_right90_square_fov90.0_640x640.jpg,0.4667169451713562,3
data/UrbanWaste-images-10k-right\year_2016\TMX7316060226-000030\pano_0004_000199_heading300.08_pitch1.56_right90_square_fov90.0_640x640.jpg,0.3995400071144104,2
data/UrbanWaste-images-10k-right\year_2016\TMX7316060226-000030\pano_0004_000247_heading303.78_pitch1.88_right90_square_fov90.0_640x640.jpg,0.361427903175354,3
data/UrbanWaste-images-10k-right\year_2016\TMX7316060226-000030\pano_0004_000294_heading26.38_pitch-0.03_right90_square_fov90.0_640x640.jpg,0.279448002576828,2
data/UrbanWaste-images-10k-right\year_2016\TMX7316060226-000030\pano_0004_000306_heading31.87_pitch-2.38_right90_square_fov90.0_640x640.jpg,0.0,0
data/UrbanWaste-images-10k-right\year_2016\TMX7316060226-000030\pano_0004_000316_heading27.14_pitch-0.50_right90_square_fov90.0_640x640.jpg,0.4354930520057678,1
data/UrbanWaste-images-10k-right\year_2016\TMX7316060226-000030\pano_0004_000373_heading115.96_pitch0.18_right90_square_fov90.0_640x640.jpg,0.3070399761199951,2
data/UrbanWaste-images-10k-right\year_2016\TMX7316060226-000030\pano_0004_000476_heading298.91_pitch0.04_right90_square_fov90.0_640x640.jpg,0.34562742710113525,2
data/UrbanWaste-images-10k-right\year_2016\TMX7316060226-000030\pano_0004_000569_heading273.49_pitch-1.03_right90_square_fov90.0_640x640.jpg,0.3763538897037506,2
data/UrbanWaste-images-10k-right\year_2016\TMX7316060226-000030\pano_0004_000611_heading118.94_pitch-0.21_right90_square_fov90.0_640x640.jpg,0.3083306849002838,2
data/UrbanWaste-images-10k-right\year_2016\TMX7316060226-000030\pano_0004_000680_heading117.92_pitch0.11_right90_square_fov90.0_640x640.jpg,0.36955562233924866,3
data/UrbanWaste-images-10k-right\year_2016\TMX7316060226-000030\pano_0005_000024_heading119.57_pitch-1.04_right90_square_fov90.0_640x640.jpg,0.3217548131942749,1
data/UrbanWaste-images-10k-right\year_2016\TMX7316060226-000030\pano_0005_000034_heading13.32_pitch0.12_right90_square_fov90.0_640x640.jpg,0.0,0
data/UrbanWaste-images-10k-right\year_2016\TMX7316060226-000030\pano_0005_000090_heading212.30_pitch2.64_right90_square_fov90.0_640x640.jpg,0.32130879163742065,2
data/UrbanWaste-images-10k-right\year_2016\TMX7316060226-000030\pano_0005_000213_heading125.29_pitch-0.21_right90_square_fov90.0_640x640.jpg,0.0,0
data/UrbanWaste-images-10k-right\year_2016\TMX7316060226-000030\pano_0005_000267_heading298.41_pitch-0.31_right90_square_fov90.0_640x640.jpg,0.36090704798698425,3
data/UrbanWaste-images-10k-right\year_2016\TMX7316060226-000030\pano_0005_000279_heading301.15_pitch-0.18_right90_square_fov90.0_640x640.jpg,0.4051550328731537,2
data/UrbanWaste-images-10k-right\year_2016\TMX7316060226-000030\pano_0005_000281_heading300.05_pitch0.10_right90_square_fov90.0_640x640.jpg,0.5383309721946716,1
data/UrbanWaste-images-10k-right\year_2016\TMX7316060226-000030\pano_0005_000289_heading299.62_pitch0.31_right90_square_fov90.0_640x640.jpg,0.4325259029865265,4
data/UrbanWaste-images-10k-right\year_2016\TMX7316060226-000030\pano_0005_000305_heading299.02_pitch-2.63_right90_square_fov90.0_640x640.jpg,0.46927815675735474,3
data/UrbanWaste-images-10k-right\year_2016\TMX7316060226-000030\pano_0005_000368_heading298.78_pitch1.00_right90_square_fov90.0_640x640.jpg,0.3168448805809021,1
data/UrbanWaste-images-10k-right\year_2016\TMX7316060226-000030\pano_0005_000515_heading276.06_pitch0.23_right90_square_fov90.0_640x640.jpg,0.2698485553264618,1
data/UrbanWaste-images-10k-right\year_2016\TMX7316060226-000030\pano_0005_000535_heading276.52_pitch0.81_right90_square_fov90.0_640x640.jpg,0.3133047819137573,2
data/UrbanWaste-images-10k-right\year_2016\TMX7316060226-000030\pano_0005_000543_heading278.30_pitch-0.24_right90_square_fov90.0_640x640.jpg,0.38018593192100525,2
data/UrbanWaste-images-10k-right\year_2016\TMX7316060226-000030\pano_0005_000691_heading81.26_pitch0.15_right90_square_fov90.0_640x640.jpg,0.0,0
data/UrbanWaste-images-10k-right\year_2016\TMX7316060226-000030\pano_0005_000703_heading91.10_pitch-0.40_right90_square_fov90.0_640x640.jpg,0.27287521958351135,1
data/UrbanWaste-images-10k-right\year_2016\TMX7316060226-000030\pano_0005_000731_heading92.06_pitch-0.04_right90_square_fov90.0_640x640.jpg,0.0,0
data/UrbanWaste-images-10k-right\year_2016\TMX7316060226-000030\pano_0005_000743_heading103.56_pitch0.27_right90_square_fov90.0_640x640.jpg,0.2774931788444519,1
data/UrbanWaste-images-10k-right\year_2016\TMX7316060226-000030\pano_0005_000771_heading117.31_pitch-0.01_right90_square_fov90.0_640x640.jpg,0.3183555603027344,1
data/UrbanWaste-images-10k-right\year_2016\TMX7316060226-000030\pano_0005_000889_heading316.04_pitch-0.38_right90_square_fov90.0_640x640.jpg,0.3080046474933624,1
data/UrbanWaste-images-10k-right\year_2016\TMX7316060226-000030\pano_0005_000941_heading308.09_pitch-0.11_right90_square_fov90.0_640x640.jpg,0.4353429675102234,3
data/UrbanWaste-images-10k-right\year_2016\TMX7316060226-000030\pano_0005_001005_heading158.09_pitch-0.21_right90_square_fov90.0_640x640.jpg,0.0,0
data/UrbanWaste-images-10k-right\year_2016\TMX7316060226-000030\pano_0005_001017_heading251.54_pitch0.62_right90_square_fov90.0_640x640.jpg,0.33852463960647583,4
data/UrbanWaste-images-10k-right\year_2016\TMX7316060226-000030\pano_0006_000115_heading160.43_pitch-0.04_right90_square_fov90.0_640x640.jpg,0.26020824909210205,3
data/UrbanWaste-images-10k-right\year_2016\TMX7316060226-000030\pano_0006_000153_heading234.42_pitch-0.50_right90_square_fov90.0_640x640.jpg,0.3062427043914795,1
data/UrbanWaste-images-10k-right\year_2016\TMX7316060226-000030\pano_0006_000181_heading174.36_pitch-0.12_right90_square_fov90.0_640x640.jpg,0.41022470593452454,2
data/UrbanWaste-images-10k-right\year_2016\TMX7316060226-000030\pano_0006_000211_heading231.29_pitch-0.00_right90_square_fov90.0_640x640.jpg,0.3213619589805603,1
data/UrbanWaste-images-10k-right\year_2016\TMX7316060226-000030\pano_0006_000237_heading254.77_pitch-0.91_right90_square_fov90.0_640x640.jpg,0.0,0
data/UrbanWaste-images-10k-right\year_2016\TMX7316060226-000030\pano_0006_000261_heading76.14_pitch-0.27_right90_square_fov90.0_640x640.jpg,0.33553826808929443,2
data/UrbanWaste-images-10k-right\year_2016\TMX7316060226-000030\pano_0006_000297_heading145.17_pitch-0.30_right90_square_fov90.0_640x640.jpg,0.25834766030311584,1
data/UrbanWaste-images-10k-right\year_2016\TMX7316060226-000030\pano_0006_000329_heading197.03_pitch-0.50_right90_square_fov90.0_640x640.jpg,0.3179413378238678,1
data/UrbanWaste-images-10k-right\year_2016\TMX7316060226-000030\pano_0006_000473_heading83.80_pitch0.09_right90_square_fov90.0_640x640.jpg,0.0,0
data/UrbanWaste-images-10k-right\year_2016\TMX7316060226-000030\pano_0006_000489_heading176.48_pitch1.12_right90_square_fov90.0_640x640.jpg,0.4099542200565338,2
data/UrbanWaste-images-10k-right\year_2016\TMX7316060226-000030\pano_0006_000764_heading191.95_pitch-0.39_right90_square_fov90.0_640x640.jpg,0.30037251114845276,3
data/UrbanWaste-images-10k-right\year_2016\TMX7316060226-000030\pano_0007_000048_heading271.38_pitch-0.25_right90_square_fov90.0_640x640.jpg,0.2673603296279907,2
data/UrbanWaste-images-10k-right\year_2016\TMX7316060226-000030\pano_0008_000062_heading260.22_pitch0.33_right90_square_fov90.0_640x640.jpg,0.3393086791038513,2
data/UrbanWaste-images-10k-right\year_2016\TMX7316060226-000030\pano_0008_000068_heading275.82_pitch1.33_right90_square_fov90.0_640x640.jpg,0.4577045142650604,4
data/UrbanWaste-images-10k-right\year_2016\TMX7316060226-000030\pano_0008_000100_heading261.28_pitch0.14_right90_square_fov90.0_640x640.jpg,0.29068082571029663,1
data/UrbanWaste-images-10k-right\year_2016\TMX7316060226-000030\pano_0008_000140_heading340.21_pitch-0.26_right90_square_fov90.0_640x640.jpg,0.0,0
data/UrbanWaste-images-10k-right\year_2016\TMX7316060226-000030\pano_0008_000184_heading64.26_pitch-1.60_right90_square_fov90.0_640x640.jpg,0.3768698275089264,1
data/UrbanWaste-images-10k-right\year_2016\TMX7316060226-000030\pano_0008_000212_heading72.39_pitch-0.48_right90_square_fov90.0_640x640.jpg,0.38002437353134155,2
data/UrbanWaste-images-10k-right\year_2016\TMX7316060226-000030\pano_0008_000228_heading69.25_pitch-0.61_right90_square_fov90.0_640x640.jpg,0.0,0
data/UrbanWaste-images-10k-right\year_2016\TMX7316060226-000030\pano_0008_000232_heading69.26_pitch0.25_right90_square_fov90.0_640x640.jpg,0.0,0
data/UrbanWaste-images-10k-right\year_2016\TMX7316060226-000030\pano_0008_000240_heading69.24_pitch-0.23_right90_square_fov90.0_640x640.jpg,0.0,0
data/UrbanWaste-images-10k-right\year_2016\TMX7316060226-000030\pano_0008_000268_heading67.58_pitch-0.22_right90_square_fov90.0_640x640.jpg,0.29370471835136414,1
data/UrbanWaste-images-10k-right\year_2016\TMX7316060226-000030\pano_0008_000322_heading83.30_pitch0.20_right90_square_fov90.0_640x640.jpg,0.0,0
data/UrbanWaste-images-10k-right\year_2016\TMX7316060226-000030\pano_0008_000350_heading33.29_pitch0.06_right90_square_fov90.0_640x640.jpg,0.0,0
data/UrbanWaste-images-10k-right\year_2016\TMX7316060226-000030\pano_0008_000356_heading28.82_pitch-0.78_right90_square_fov90.0_640x640.jpg,0.3652554154396057,1
data/UrbanWaste-images-10k-right\year_2016\TMX7316060226-000030\pano_0008_000388_heading74.73_pitch0.86_right90_square_fov90.0_640x640.jpg,0.0,0
data/UrbanWaste-images-10k-right\year_2016\TMX7316060226-000030\pano_0008_000434_heading95.11_pitch0.15_right90_square_fov90.0_640x640.jpg,0.4206037223339081,4
data/UrbanWaste-images-10k-right\year_2016\TMX7316060226-000030\pano_0008_000472_heading104.97_pitch1.34_right90_square_fov90.0_640x640.jpg,0.2807407081127167,1
data/UrbanWaste-images-10k-right\year_2016\TMX7316060226-000030\pano_0008_000490_heading104.93_pitch0.42_right90_square_fov90.0_640x640.jpg,0.0,0
data/UrbanWaste-images-10k-right\year_2016\TMX7316060226-000030\pano_0008_000570_heading283.21_pitch0.16_right90_square_fov90.0_640x640.jpg,0.4165181815624237,2
data/UrbanWaste-images-10k-right\year_2016\TMX7316060226-000030\pano_0008_000590_heading248.32_pitch1.65_right90_square_fov90.0_640x640.jpg,0.40733498334884644,2
data/UrbanWaste-images-10k-right\year_2016\TMX7316060226-000030\pano_0008_000638_heading222.00_pitch0.07_right90_square_fov90.0_640x640.jpg,0.3954959213733673,3
data/UrbanWaste-images-10k-right\year_2016\TMX7316060226-000030\pano_0008_000711_heading132.67_pitch-0.60_right90_square_fov90.0_640x640.jpg,0.0,0
data/UrbanWaste-images-10k-right\year_2016\TMX7316060226-000030\pano_0008_000732_heading41.63_pitch-1.76_right90_square_fov90.0_640x640.jpg,0.3600316047668457,1
data/UrbanWaste-images-10k-right\year_2016\TMX7316060226-000030\pano_0008_000843_heading213.71_pitch-0.10_right90_square_fov90.0_640x640.jpg,0.0,0
data/UrbanWaste-images-10k-right\year_2016\TMX7316060226-000030\pano_0008_000861_heading214.54_pitch-1.43_right90_square_fov90.0_640x640.jpg,0.3575664460659027,2
data/UrbanWaste-images-10k-right\year_2016\TMX7316060226-000030\pano_0008_000927_heading324.61_pitch-2.52_right90_square_fov90.0_640x640.jpg,0.3904392719268799,1
data/UrbanWaste-images-10k-right\year_2016\TMX7316060226-000030\pano_0008_000939_heading325.30_pitch-2.39_right90_square_fov90.0_640x640.jpg,0.0,0
data/UrbanWaste-images-10k-right\year_2016\TMX7316060226-000030\pano_0008_000957_heading323.02_pitch-0.27_right90_square_fov90.0_640x640.jpg,0.37002262473106384,2
data/UrbanWaste-images-10k-right\year_2016\TMX7316060226-000030\pano_0008_000973_heading323.52_pitch-0.13_right90_square_fov90.0_640x640.jpg,0.35259270668029785,2
data/UrbanWaste-images-10k-right\year_2016\TMX7316060226-000030\pano_0008_001025_heading106.55_pitch-0.12_right90_square_fov90.0_640x640.jpg,0.31529003381729126,2
data/UrbanWaste-images-10k-right\year_2016\TMX7316060226-000030\pano_0008_001049_heading222.45_pitch-0.70_right90_square_fov90.0_640x640.jpg,0.3384435176849365,3
data/UrbanWaste-images-10k-right\year_2016\TMX7316060226-000030\pano_0008_001176_heading40.67_pitch-0.64_right90_square_fov90.0_640x640.jpg,0.2611556053161621,1
data/UrbanWaste-images-10k-right\year_2016\TMX7316060226-000030\pano_0008_001246_heading282.56_pitch-0.44_right90_square_fov90.0_640x640.jpg,0.4753841161727905,2
data/UrbanWaste-images-10k-right\year_2016\TMX7316060226-000030\pano_0009_000029_heading289.20_pitch0.20_right90_square_fov90.0_640x640.jpg,0.3076607286930084,1
data/UrbanWaste-images-10k-right\year_2016\TMX7316060226-000030\pano_0009_000055_heading300.03_pitch0.02_right90_square_fov90.0_640x640.jpg,0.4290076494216919,2
data/UrbanWaste-images-10k-right\year_2016\TMX7316060226-000030\pano_0009_000161_heading119.60_pitch-0.05_right90_square_fov90.0_640x640.jpg,0.2854006886482239,2
data/UrbanWaste-images-10k-right\year_2016\TMX7316060226-000030\pano_0009_000187_heading120.56_pitch-0.51_right90_square_fov90.0_640x640.jpg,0.3031933605670929,2
data/UrbanWaste-images-10k-right\year_2016\TMX7316060226-000030\pano_0009_000207_heading122.24_pitch1.24_right90_square_fov90.0_640x640.jpg,0.0,0
data/UrbanWaste-images-10k-right\year_2016\TMX7316060226-000030\pano_0009_000221_heading119.48_pitch0.09_right90_square_fov90.0_640x640.jpg,0.3082951307296753,3
data/UrbanWaste-images-10k-right\year_2016\TMX7316060226-000030\pano_0010_000080_heading223.33_pitch-0.65_right90_square_fov90.0_640x640.jpg,0.0,0
data/UrbanWaste-images-10k-right\year_2016\TMX7316060226-000030\pano_0010_000082_heading222.42_pitch-0.61_right90_square_fov90.0_640x640.jpg,0.3002553880214691,2
data/UrbanWaste-images-10k-right\year_2016\TMX7316060226-000030\pano_0010_000090_heading222.32_pitch0.31_right90_square_fov90.0_640x640.jpg,0.0,0
data/UrbanWaste-images-10k-right\year_2016\TMX7316060226-000030\pano_0010_000106_heading325.24_pitch2.16_right90_square_fov90.0_640x640.jpg,0.3606954514980316,2
data/UrbanWaste-images-10k-right\year_2016\TMX7316060226-000030\pano_0010_000114_heading321.82_pitch0.24_right90_square_fov90.0_640x640.jpg,0.3607100546360016,3
data/UrbanWaste-images-10k-right\year_2016\TMX7316060226-000030\pano_0010_000146_heading42.15_pitch0.16_right90_square_fov90.0_640x640.jpg,0.0,0
data/UrbanWaste-images-10k-right\year_2016\TMX7316060226-000030\pano_0010_000178_heading133.14_pitch-1.30_right90_square_fov90.0_640x640.jpg,0.3234778046607971,1
data/UrbanWaste-images-10k-right\year_2016\TMX7316060226-000030\pano_0010_000182_heading139.90_pitch-2.32_right90_square_fov90.0_640x640.jpg,0.3509432077407837,1
data/UrbanWaste-images-10k-right\year_2016\TMX7316060226-000030\pano_0010_000215_heading310.12_pitch0.44_right90_square_fov90.0_640x640.jpg,0.2835344672203064,1
data/UrbanWaste-images-10k-right\year_2016\TMX7316060226-000030\pano_0010_000263_heading95.00_pitch0.62_right90_square_fov90.0_640x640.jpg,0.3047488331794739,2
data/UrbanWaste-images-10k-right\year_2017\TMX7316010203-000220\pano_0001_000064_heading313.45_pitch0.11_right90_square_fov90.0_640x640.jpg,0.33410537242889404,2
data/UrbanWaste-images-10k-right\year_2017\TMX7316010203-000220\pano_0001_000170_heading186.04_pitch1.44_right90_square_fov90.0_640x640.jpg,0.0,0
data/UrbanWaste-images-10k-right\year_2017\TMX7316010203-000220\pano_0001_000223_heading323.54_pitch0.32_right90_square_fov90.0_640x640.jpg,0.0,0
data/UrbanWaste-images-10k-right\year_2017\TMX7316010203-000220\pano_0001_000302_heading296.25_pitch-0.06_right90_square_fov90.0_640x640.jpg,0.31149694323539734,1
data/UrbanWaste-images-10k-right\year_2017\TMX7316010203-000220\pano_0001_000368_heading310.87_pitch0.11_right90_square_fov90.0_640x640.jpg,0.0,0
data/UrbanWaste-images-10k-right\year_2017\TMX7316010203-000220\pano_0001_000431_heading29.28_pitch0.66_right90_square_fov90.0_640x640.jpg,0.6267764568328857,3
data/UrbanWaste-images-10k-right\year_2017\TMX7316010203-000220\pano_0001_000435_heading29.73_pitch-0.17_right90_square_fov90.0_640x640.jpg,0.0,0
data/UrbanWaste-images-10k-right\year_2017\TMX7316010203-000220\pano_0001_000809_heading204.95_pitch-1.03_right90_square_fov90.0_640x640.jpg,0.359601765871048,1
data/UrbanWaste-images-10k-right\year_2017\TMX7316010203-000220\pano_0001_000849_heading231.61_pitch1.56_right90_square_fov90.0_640x640.jpg,0.0,0
data/UrbanWaste-images-10k-right\year_2017\TMX7316010203-000220\pano_0001_000859_heading26.40_pitch-1.84_right90_square_fov90.0_640x640.jpg,0.0,0
data/UrbanWaste-images-10k-right\year_2017\TMX7316010203-000220\pano_0001_000956_heading40.83_pitch0.16_right90_square_fov90.0_640x640.jpg,0.0,0
data/UrbanWaste-images-10k-right\year_2017\TMX7316010203-000220\pano_0001_000963_heading204.85_pitch0.55_right90_square_fov90.0_640x640.jpg,0.0,0
data/UrbanWaste-images-10k-right\year_2017\TMX7316010203-000220\pano_0001_001031_heading196.94_pitch-1.59_right90_square_fov90.0_640x640.jpg,0.3237610161304474,2
data/UrbanWaste-images-10k-right\year_2017\TMX7316010203-000220\pano_0001_001041_heading231.82_pitch-0.62_right90_square_fov90.0_640x640.jpg,0.0,0
data/UrbanWaste-images-10k-right\year_2017\TMX7316010203-000220\pano_0001_001148_heading28.26_pitch0.51_right90_square_fov90.0_640x640.jpg,0.0,0
data/UrbanWaste-images-10k-right\year_2017\TMX7316010203-000220\pano_0001_001251_heading12.00_pitch1.40_right90_square_fov90.0_640x640.jpg,0.0,0
data/UrbanWaste-images-10k-right\year_2017\TMX7316010203-000220\pano_0001_001261_heading287.07_pitch-0.43_right90_square_fov90.0_640x640.jpg,0.29522866010665894,4
data/UrbanWaste-images-10k-right\year_2017\TMX7316010203-000220\pano_0001_001326_heading27.05_pitch-0.10_right90_square_fov90.0_640x640.jpg,0.0,0
data/UrbanWaste-images-10k-right\year_2017\TMX7316010203-000220\pano_0001_001332_heading28.92_pitch0.12_right90_square_fov90.0_640x640.jpg,0.3846642076969147,1
data/UrbanWaste-images-10k-right\year_2017\TMX7316010203-000220\pano_0001_001352_heading27.93_pitch0.01_right90_square_fov90.0_640x640.jpg,0.0,0
data/UrbanWaste-images-10k-right\year_2017\TMX7316010203-000220\pano_0001_001366_heading110.17_pitch0.92_right90_square_fov90.0_640x640.jpg,0.0,0
data/UrbanWaste-images-10k-right\year_2017\TMX7316010203-000220\pano_0001_001368_heading118.18_pitch-0.31_right90_square_fov90.0_640x640.jpg,0.0,0
data/UrbanWaste-images-10k-right\year_2017\TMX7316010203-000220\pano_0001_001392_heading30.23_pitch-0.34_right90_square_fov90.0_640x640.jpg,0.33583173155784607,2
data/UrbanWaste-images-10k-right\year_2017\TMX7316010203-000220\pano_0001_001412_heading33.50_pitch-0.40_right90_square_fov90.0_640x640.jpg,0.0,0
data/UrbanWaste-images-10k-right\year_2017\TMX7316010203-000220\pano_0001_001607_heading29.42_pitch-0.14_right90_square_fov90.0_640x640.jpg,0.0,0
data/UrbanWaste-images-10k-right\year_2017\TMX7316010203-000220\pano_0001_001637_heading207.37_pitch-0.25_right90_square_fov90.0_640x640.jpg,0.3560640215873718,1
data/UrbanWaste-images-10k-right\year_2017\TMX7316010203-000220\pano_0001_001657_heading206.68_pitch0.08_right90_square_fov90.0_640x640.jpg,0.0,0
data/UrbanWaste-images-10k-right\year_2017\TMX7316010203-000220\pano_0001_001665_heading298.09_pitch0.13_right90_square_fov90.0_640x640.jpg,0.4416962265968323,1
data/UrbanWaste-images-10k-right\year_2017\TMX7316010203-000220\pano_0001_001676_heading156.15_pitch-0.53_right90_square_fov90.0_640x640.jpg,0.0,0
data/UrbanWaste-images-10k-right\year_2017\TMX7316010203-000221\pano_0000_000014_heading251.90_pitch-1.01_right90_square_fov90.0_640x640.jpg,0.0,0
data/UrbanWaste-images-10k-right\year_2017\TMX7316010203-000221\pano_0000_000070_heading209.59_pitch0.12_right90_square_fov90.0_640x640.jpg,0.2617028057575226,1
data/UrbanWaste-images-10k-right\year_2017\TMX7316010203-000221\pano_0000_000160_heading341.28_pitch0.45_right90_square_fov90.0_640x640.jpg,0.5767226219177246,2
data/UrbanWaste-images-10k-right\year_2017\TMX7316010203-000221\pano_0000_000168_heading345.92_pitch-1.10_right90_square_fov90.0_640x640.jpg,0.0,0
data/UrbanWaste-images-10k-right\year_2017\TMX7316010203-000221\pano_0000_000174_heading52.36_pitch-0.20_right90_square_fov90.0_640x640.jpg,0.0,0
data/UrbanWaste-images-10k-right\year_2017\TMX7316010203-000221\pano_0000_000208_heading351.29_pitch-0.06_right90_square_fov90.0_640x640.jpg,0.2837560176849365,1
data/UrbanWaste-images-10k-right\year_2017\TMX7316010203-000221\pano_0000_000210_heading337.43_pitch0.77_right90_square_fov90.0_640x640.jpg,0.0,0
data/UrbanWaste-images-10k-right\year_2017\TMX7316010203-000221\pano_0000_000234_heading160.70_pitch-0.52_right90_square_fov90.0_640x640.jpg,0.3783929646015167,13
data/UrbanWaste-images-10k-right\year_2017\TMX7316010203-000221\pano_0000_000444_heading70.27_pitch0.92_right90_square_fov90.0_640x640.jpg,0.3170340359210968,1
data/UrbanWaste-images-10k-right\year_2017\TMX7316010203-000221\pano_0000_000581_heading162.30_pitch-0.13_right90_square_fov90.0_640x640.jpg,0.26825475692749023,1
data/UrbanWaste-images-10k-right\year_2017\TMX7316010203-000221\pano_0000_000639_heading117.83_pitch-0.78_right90_square_fov90.0_640x640.jpg,0.4930618405342102,5
data/UrbanWaste-images-10k-right\year_2017\TMX7316010203-000221\pano_0000_000675_heading26.52_pitch0.41_right90_square_fov90.0_640x640.jpg,0.27748191356658936,1
data/UrbanWaste-images-10k-right\year_2017\TMX7316010203-000221\pano_0000_000693_heading144.39_pitch-0.16_right90_square_fov90.0_640x640.jpg,0.0,0
data/UrbanWaste-images-10k-right\year_2017\TMX7316010203-000221\pano_0000_000701_heading145.57_pitch-0.48_right90_square_fov90.0_640x640.jpg,0.0,0
data/UrbanWaste-images-10k-right\year_2017\TMX7316010203-000221\pano_0000_000729_heading11.42_pitch3.19_right90_square_fov90.0_640x640.jpg,0.25388625264167786,1
data/UrbanWaste-images-10k-right\year_2017\TMX7316010203-000221\pano_0000_000755_heading311.51_pitch-5.27_right90_square_fov90.0_640x640.jpg,0.329265296459198,3
data/UrbanWaste-images-10k-right\year_2017\TMX7316010203-000221\pano_0000_000799_heading118.41_pitch-0.12_right90_square_fov90.0_640x640.jpg,0.284239798784256,1
data/UrbanWaste-images-10k-right\year_2017\TMX7316010203-000221\pano_0000_000866_heading129.03_pitch-0.36_right90_square_fov90.0_640x640.jpg,0.0,0
data/UrbanWaste-images-10k-right\year_2017\TMX7316010203-000221\pano_0000_000888_heading314.24_pitch0.26_right90_square_fov90.0_640x640.jpg,0.0,0
data/UrbanWaste-images-10k-right\year_2017\TMX7316010203-000221\pano_0000_000936_heading326.16_pitch-0.15_right90_square_fov90.0_640x640.jpg,0.0,0
data/UrbanWaste-images-10k-right\year_2017\TMX7316010203-000221\pano_0000_000978_heading249.99_pitch-1.45_right90_square_fov90.0_640x640.jpg,0.0,0
data/UrbanWaste-images-10k-right\year_2017\TMX7316010203-000221\pano_0000_000984_heading248.53_pitch0.38_right90_square_fov90.0_640x640.jpg,0.2866288721561432,1
data/UrbanWaste-images-10k-right\year_2017\TMX7316010203-000221\pano_0000_000988_heading247.75_pitch-0.13_right90_square_fov90.0_640x640.jpg,0.0,0
data/UrbanWaste-images-10k-right\year_2017\TMX7316010203-000221\pano_0000_001210_heading162.34_pitch3.12_right90_square_fov90.0_640x640.jpg,0.28967994451522827,1
data/UrbanWaste-images-10k-right\year_2017\TMX7316010203-000221\pano_0000_001234_heading103.72_pitch-0.36_right90_square_fov90.0_640x640.jpg,0.35636165738105774,1
data/UrbanWaste-images-10k-right\year_2017\TMX7316010203-000221\pano_0000_001268_heading341.90_pitch0.30_right90_square_fov90.0_640x640.jpg,0.0,0
data/UrbanWaste-images-10k-right\year_2017\TMX7316010203-000221\pano_0000_001276_heading350.05_pitch-1.02_right90_square_fov90.0_640x640.jpg,0.0,0
data/UrbanWaste-images-10k-right\year_2017\TMX7316010203-000221\pano_0000_001332_heading342.56_pitch-0.68_right90_square_fov90.0_640x640.jpg,0.0,0
data/UrbanWaste-images-10k-right\year_2017\TMX7316010203-000221\pano_0000_001449_heading140.04_pitch-2.09_right90_square_fov90.0_640x640.jpg,0.26689836382865906,2
data/UrbanWaste-images-10k-right\year_2017\TMX7316010203-000221\pano_0000_001463_heading142.57_pitch-0.45_right90_square_fov90.0_640x640.jpg,0.0,0
data/UrbanWaste-images-10k-right\year_2017\TMX7316010203-000221\pano_0000_001465_heading146.94_pitch-1.99_right90_square_fov90.0_640x640.jpg,0.2946021556854248,1
data/UrbanWaste-images-10k-right\year_2017\TMX7316010203-000221\pano_0000_001515_heading128.89_pitch0.10_right90_square_fov90.0_640x640.jpg,0.0,0
data/UrbanWaste-images-10k-right\year_2017\TMX7316010203-000221\pano_0000_001543_heading311.16_pitch-0.18_right90_square_fov90.0_640x640.jpg,0.0,0
data/UrbanWaste-images-10k-right\year_2017\TMX7316010203-000221\pano_0000_001567_heading323.20_pitch-0.58_right90_square_fov90.0_640x640.jpg,0.0,0
data/UrbanWaste-images-10k-right\year_2017\TMX7316010203-000221\pano_0000_001630_heading213.80_pitch-0.13_right90_square_fov90.0_640x640.jpg,0.0,0
data/UrbanWaste-images-10k-right\year_2017\TMX7316010203-000221\pano_0000_001669_heading134.73_pitch-0.51_right90_square_fov90.0_640x640.jpg,0.0,0
data/UrbanWaste-images-10k-right\year_2017\TMX7316010203-000221\pano_0000_001675_heading121.21_pitch-1.99_right90_square_fov90.0_640x640.jpg,0.0,0
data/UrbanWaste-images-10k-right\year_2017\TMX7316010203-000221\pano_0000_001727_heading143.32_pitch-0.02_right90_square_fov90.0_640x640.jpg,0.0,0
data/UrbanWaste-images-10k-right\year_2017\TMX7316010203-000221\pano_0000_001825_heading302.12_pitch-1.15_right90_square_fov90.0_640x640.jpg,0.0,0
data/UrbanWaste-images-10k-right\year_2017\TMX7316010203-000221\pano_0000_001827_heading301.27_pitch-0.97_right90_square_fov90.0_640x640.jpg,0.0,0
data/UrbanWaste-images-10k-right\year_2017\TMX7316010203-000221\pano_0000_001829_heading328.11_pitch-1.47_right90_square_fov90.0_640x640.jpg,0.0,0
data/UrbanWaste-images-10k-right\year_2017\TMX7316010203-000221\pano_0000_001880_heading32.97_pitch0.07_right90_square_fov90.0_640x640.jpg,0.3529716432094574,5
data/UrbanWaste-images-10k-right\year_2017\TMX7316010203-000221\pano_0000_001894_heading297.70_pitch-0.36_right90_square_fov90.0_640x640.jpg,0.0,0
data/UrbanWaste-images-10k-right\year_2017\TMX7316010203-000222\pano_0000_000052_heading335.85_pitch-1.22_right90_square_fov90.0_640x640.jpg,0.0,0
data/UrbanWaste-images-10k-right\year_2017\TMX7316010203-000222\pano_0000_000166_heading114.43_pitch-0.57_right90_square_fov90.0_640x640.jpg,0.0,0
data/UrbanWaste-images-10k-right\year_2017\TMX7316010203-000222\pano_0000_000231_heading121.67_pitch-0.42_right90_square_fov90.0_640x640.jpg,0.3264404535293579,1
data/UrbanWaste-images-10k-right\year_2017\TMX7316010203-000222\pano_0000_000304_heading14.18_pitch0.33_right90_square_fov90.0_640x640.jpg,0.3229527473449707,1
data/UrbanWaste-images-10k-right\year_2017\TMX7316010203-000222\pano_0000_000331_heading214.58_pitch-2.07_right90_square_fov90.0_640x640.jpg,0.0,0
data/UrbanWaste-images-10k-right\year_2017\TMX7316010203-000222\pano_0000_000569_heading117.40_pitch-0.57_right90_square_fov90.0_640x640.jpg,0.356781929731369,1
data/UrbanWaste-images-10k-right\year_2017\TMX7316010203-000222\pano_0000_000599_heading299.63_pitch-0.84_right90_square_fov90.0_640x640.jpg,0.0,0
data/UrbanWaste-images-10k-right\year_2017\TMX7316010203-000224\pano_0000_000016_heading253.65_pitch-0.56_right90_square_fov90.0_640x640.jpg,0.3204805552959442,1
data/UrbanWaste-images-10k-right\year_2017\TMX7316010203-000224\pano_0000_000024_heading245.87_pitch0.47_right90_square_fov90.0_640x640.jpg,0.36378175020217896,9
data/UrbanWaste-images-10k-right\year_2017\TMX7316010203-000224\pano_0000_000104_heading287.85_pitch-0.19_right90_square_fov90.0_640x640.jpg,0.0,0
data/UrbanWaste-images-10k-right\year_2017\TMX7316010203-000224\pano_0000_000200_heading222.33_pitch1.65_right90_square_fov90.0_640x640.jpg,0.3017767369747162,2
data/UrbanWaste-images-10k-right\year_2017\TMX7316010203-000224\pano_0000_000214_heading321.86_pitch0.51_right90_square_fov90.0_640x640.jpg,0.267781525850296,1
data/UrbanWaste-images-10k-right\year_2017\TMX7316010203-000224\pano_0000_000329_heading144.34_pitch-2.54_right90_square_fov90.0_640x640.jpg,0.0,0
data/UrbanWaste-images-10k-right\year_2017\TMX7316010203-000224\pano_0000_000335_heading148.18_pitch0.62_right90_square_fov90.0_640x640.jpg,0.27314525842666626,1
data/UrbanWaste-images-10k-right\year_2017\TMX7316010203-000224\pano_0000_000359_heading30.87_pitch-1.55_right90_square_fov90.0_640x640.jpg,0.37728095054626465,1
data/UrbanWaste-images-10k-right\year_2017\TMX7316010203-000224\pano_0000_000413_heading327.15_pitch-0.10_right90_square_fov90.0_640x640.jpg,0.0,0
data/UrbanWaste-images-10k-right\year_2017\TMX7316010203-000224\pano_0000_000431_heading304.03_pitch0.06_right90_square_fov90.0_640x640.jpg,0.34196043014526367,2
data/UrbanWaste-images-10k-right\year_2017\TMX7316010203-000224\pano_0000_000437_heading15.84_pitch-0.11_right90_square_fov90.0_640x640.jpg,0.3124830424785614,1
data/UrbanWaste-images-10k-right\year_2017\TMX7316010203-000224\pano_0000_000439_heading31.99_pitch-0.97_right90_square_fov90.0_640x640.jpg,0.0,0
data/UrbanWaste-images-10k-right\year_2017\TMX7316010203-000224\pano_0000_000445_heading25.86_pitch-2.52_right90_square_fov90.0_640x640.jpg,0.0,0
data/UrbanWaste-images-10k-right\year_2017\TMX7316010203-000224\pano_0000_000511_heading282.38_pitch-0.57_right90_square_fov90.0_640x640.jpg,0.0,0
data/UrbanWaste-images-10k-right\year_2017\TMX7316010203-000224\pano_0000_000699_heading193.45_pitch-0.54_right90_square_fov90.0_640x640.jpg,0.3547978103160858,3
data/UrbanWaste-images-10k-right\year_2017\TMX7316010203-000224\pano_0000_000759_heading337.32_pitch-0.79_right90_square_fov90.0_640x640.jpg,0.0,0
data/UrbanWaste-images-10k-right\year_2017\TMX7316010203-000224\pano_0000_000765_heading359.23_pitch-1.19_right90_square_fov90.0_640x640.jpg,0.0,0
data/UrbanWaste-images-10k-right\year_2017\TMX7316010203-000224\pano_0000_000786_heading99.40_pitch-0.09_right90_square_fov90.0_640x640.jpg,0.0,0
data/UrbanWaste-images-10k-right\year_2017\TMX7316010203-000224\pano_0000_000857_heading297.99_pitch-0.55_right90_square_fov90.0_640x640.jpg,0.3192017376422882,1
data/UrbanWaste-images-10k-right\year_2017\TMX7316010203-000224\pano_0000_000861_heading282.87_pitch0.30_right90_square_fov90.0_640x640.jpg,0.0,0
data/UrbanWaste-images-10k-right\year_2017\TMX7316010203-000224\pano_0000_000891_heading117.33_pitch-0.26_right90_square_fov90.0_640x640.jpg,0.5233734846115112,2
data/UrbanWaste-images-10k-right\year_2017\TMX7316010203-000224\pano_0000_000929_heading118.38_pitch0.08_right90_square_fov90.0_640x640.jpg,0.25231456756591797,1
data/UrbanWaste-images-10k-right\year_2017\TMX7316010203-000224\pano_0000_001013_heading39.64_pitch-0.14_right90_square_fov90.0_640x640.jpg,0.3447825610637665,2
data/UrbanWaste-images-10k-right\year_2017\TMX7316010203-000224\pano_0000_001110_heading177.47_pitch-0.40_right90_square_fov90.0_640x640.jpg,0.0,0
data/UrbanWaste-images-10k-right\year_2017\TMX7316010203-000224\pano_0000_001190_heading64.44_pitch-0.03_right90_square_fov90.0_640x640.jpg,0.26630911231040955,2
data/UrbanWaste-images-10k-right\year_2017\TMX7316010203-000224\pano_0000_001248_heading118.05_pitch-0.46_right90_square_fov90.0_640x640.jpg,0.0,0
data/UrbanWaste-images-10k-right\year_2017\TMX7316010203-000224\pano_0000_001262_heading187.38_pitch-0.03_right90_square_fov90.0_640x640.jpg,0.0,0
data/UrbanWaste-images-10k-right\year_2017\TMX7316010203-000224\pano_0000_001354_heading190.13_pitch-2.08_right90_square_fov90.0_640x640.jpg,0.3170481324195862,1
data/UrbanWaste-images-10k-right\year_2017\TMX7316010203-000224\pano_0000_001356_heading190.24_pitch-2.12_right90_square_fov90.0_640x640.jpg,0.3379957973957062,1
data/UrbanWaste-images-10k-right\year_2017\TMX7316010203-000224\pano_0000_001370_heading185.25_pitch-0.71_right90_square_fov90.0_640x640.jpg,0.0,0
data/UrbanWaste-images-10k-right\year_2017\TMX7316010203-000224\pano_0000_001527_heading170.83_pitch1.09_right90_square_fov90.0_640x640.jpg,0.257092148065567,1
data/UrbanWaste-images-10k-right\year_2017\TMX7316010203-000224\pano_0000_001569_heading194.81_pitch1.78_right90_square_fov90.0_640x640.jpg,0.0,0
data/UrbanWaste-images-10k-right\year_2017\TMX7316010203-000224\pano_0000_001697_heading10.85_pitch0.39_right90_square_fov90.0_640x640.jpg,0.0,0
data/UrbanWaste-images-10k-right\year_2017\TMX7316010203-000224\pano_0000_001757_heading28.94_pitch-0.32_right90_square_fov90.0_640x640.jpg,0.2751189172267914,2
data/UrbanWaste-images-10k-right\year_2017\TMX7316010203-000224\pano_0000_001795_heading48.96_pitch-0.70_right90_square_fov90.0_640x640.jpg,0.3739272654056549,3
data/UrbanWaste-images-10k-right\year_2017\TMX7316010203-000224\pano_0000_001821_heading92.03_pitch-0.54_right90_square_fov90.0_640x640.jpg,0.0,0
data/UrbanWaste-images-10k-right\year_2017\TMX7316010203-000224\pano_0000_001825_heading101.84_pitch-0.44_right90_square_fov90.0_640x640.jpg,0.0,0
data/UrbanWaste-images-10k-right\year_2017\TMX7316010203-000224\pano_0000_001845_heading233.19_pitch-1.65_right90_square_fov90.0_640x640.jpg,0.0,0
data/UrbanWaste-images-10k-right\year_2017\TMX7316010203-000224\pano_0000_001882_heading53.67_pitch-0.43_right90_square_fov90.0_640x640.jpg,0.2759963870048523,1
data/UrbanWaste-images-10k-right\year_2017\TMX7316010203-000224\pano_0000_001894_heading1.89_pitch-0.34_right90_square_fov90.0_640x640.jpg,0.32875627279281616,2
data/UrbanWaste-images-10k-right\year_2017\TMX7316010203-000224\pano_0000_001938_heading261.82_pitch-0.33_right90_square_fov90.0_640x640.jpg,0.0,0
data/UrbanWaste-images-10k-right\year_2017\TMX7316010203-000224\pano_0000_002000_heading336.11_pitch-0.40_right90_square_fov90.0_640x640.jpg,0.0,0
data/UrbanWaste-images-10k-right\year_2017\TMX7316010203-000224\pano_0000_002008_heading92.11_pitch-0.08_right90_square_fov90.0_640x640.jpg,0.0,0
data/UrbanWaste-images-10k-right\year_2017\TMX7316010203-000224\pano_0000_002014_heading92.59_pitch-0.09_right90_square_fov90.0_640x640.jpg,0.0,0
data/UrbanWaste-images-10k-right\year_2017\TMX7316010203-000224\pano_0000_002421_heading252.82_pitch-0.62_right90_square_fov90.0_640x640.jpg,0.0,0
data/UrbanWaste-images-10k-right\year_2017\TMX7316010203-000224\pano_0001_000100_heading272.98_pitch2.35_right90_square_fov90.0_640x640.jpg,0.4674178957939148,1
data/UrbanWaste-images-10k-right\year_2017\TMX7316010203-000224\pano_0001_000158_heading172.58_pitch0.12_right90_square_fov90.0_640x640.jpg,0.0,0
data/UrbanWaste-images-10k-right\year_2017\TMX7316010203-000224\pano_0001_000176_heading173.53_pitch-0.51_right90_square_fov90.0_640x640.jpg,0.0,0
data/UrbanWaste-images-10k-right\year_2017\TMX7316010203-000224\pano_0001_000238_heading186.61_pitch0.93_right90_square_fov90.0_640x640.jpg,0.0,0
data/UrbanWaste-images-10k-right\year_2017\TMX7316010203-000224\pano_0001_000256_heading170.10_pitch-0.26_right90_square_fov90.0_640x640.jpg,0.3948073089122772,2
data/UrbanWaste-images-10k-right\year_2017\TMX7316010203-000224\pano_0001_000371_heading273.43_pitch-0.45_right90_square_fov90.0_640x640.jpg,0.30281177163124084,2
data/UrbanWaste-images-10k-right\year_2017\TMX7316010203-000224\pano_0001_000471_heading309.18_pitch-3.58_right90_square_fov90.0_640x640.jpg,0.0,0
data/UrbanWaste-images-10k-right\year_2017\TMX7316010203-000225\pano_0008_000061_heading173.40_pitch0.19_right90_square_fov90.0_640x640.jpg,0.7619697451591492,1
data/UrbanWaste-images-10k-right\year_2017\TMX7316010203-000225\pano_0008_000088_heading2.90_pitch2.39_right90_square_fov90.0_640x640.jpg,0.31580954790115356,1
data/UrbanWaste-images-10k-right\year_2017\TMX7316010203-000225\pano_0008_000150_heading222.43_pitch-0.48_right90_square_fov90.0_640x640.jpg,0.0,0
data/UrbanWaste-images-10k-right\year_2017\TMX7316010203-000225\pano_0008_000200_heading40.60_pitch-0.45_right90_square_fov90.0_640x640.jpg,0.3726259171962738,1
data/UrbanWaste-images-10k-right\year_2017\TMX7316010203-000225\pano_0008_000218_heading129.95_pitch-0.42_right90_square_fov90.0_640x640.jpg,0.0,0
data/UrbanWaste-images-10k-right\year_2017\TMX7316010203-000225\pano_0008_000359_heading106.12_pitch2.57_right90_square_fov90.0_640x640.jpg,0.0,0
data/UrbanWaste-images-10k-right\year_2017\TMX7316010203-000225\pano_0008_000400_heading115.90_pitch-0.10_right90_square_fov90.0_640x640.jpg,0.34864285588264465,2
data/UrbanWaste-images-10k-right\year_2017\TMX7316010203-000225\pano_0008_000411_heading149.56_pitch0.02_right90_square_fov90.0_640x640.jpg,0.0,0
data/UrbanWaste-images-10k-right\year_2017\TMX7316010203-000225\pano_0008_000415_heading167.21_pitch-0.00_right90_square_fov90.0_640x640.jpg,0.0,0
data/UrbanWaste-images-10k-right\year_2017\TMX7316010203-000225\pano_0008_000421_heading175.04_pitch-1.90_right90_square_fov90.0_640x640.jpg,0.2769525945186615,1
data/UrbanWaste-images-10k-right\year_2017\TMX7316010203-000225\pano_0008_000449_heading301.33_pitch-0.70_right90_square_fov90.0_640x640.jpg,0.0,0
data/UrbanWaste-images-10k-right\year_2017\TMX7316010203-000225\pano_0008_000465_heading212.67_pitch-0.41_right90_square_fov90.0_640x640.jpg,0.0,0
data/UrbanWaste-images-10k-right\year_2017\TMX7316010203-000225\pano_0008_000597_heading251.47_pitch1.80_right90_square_fov90.0_640x640.jpg,0.4802010953426361,6
data/UrbanWaste-images-10k-right\year_2017\TMX7316010203-000225\pano_0008_000601_heading302.89_pitch-1.32_right90_square_fov90.0_640x640.jpg,0.4787675142288208,1
data/UrbanWaste-images-10k-right\year_2017\TMX7316010203-000225\pano_0008_000611_heading302.29_pitch-0.67_right90_square_fov90.0_640x640.jpg,0.2756737470626831,3
data/UrbanWaste-images-10k-right\year_2017\TMX7316010203-000225\pano_0008_000621_heading199.03_pitch1.78_right90_square_fov90.0_640x640.jpg,0.47496330738067627,1
data/UrbanWaste-images-10k-right\year_2017\TMX7316010203-000225\pano_0008_000641_heading33.65_pitch0.07_right90_square_fov90.0_640x640.jpg,0.0,0
data/UrbanWaste-images-10k-right\year_2017\TMX7316010203-000225\pano_0008_000647_heading121.33_pitch-0.66_right90_square_fov90.0_640x640.jpg,0.0,0
data/UrbanWaste-images-10k-right\year_2017\TMX7316010203-000225\pano_0008_000673_heading197.55_pitch-0.35_right90_square_fov90.0_640x640.jpg,0.0,0
data/UrbanWaste-images-10k-right\year_2017\TMX7316010203-000225\pano_0008_000747_heading218.21_pitch-2.61_right90_square_fov90.0_640x640.jpg,0.35613125562667847,2
data/UrbanWaste-images-10k-right\year_2017\TMX7316010203-000225\pano_0008_000767_heading106.29_pitch0.72_right90_square_fov90.0_640x640.jpg,0.26211580634117126,1
data/UrbanWaste-images-10k-right\year_2017\TMX7316010203-000225\pano_0008_000799_heading127.00_pitch0.45_right90_square_fov90.0_640x640.jpg,0.0,0
data/UrbanWaste-images-10k-right\year_2017\TMX7316010203-000225\pano_0008_000807_heading211.45_pitch-1.32_right90_square_fov90.0_640x640.jpg,0.0,0
data/UrbanWaste-images-10k-right\year_2017\TMX7316010203-000225\pano_0008_001078_heading40.77_pitch-0.83_right90_square_fov90.0_640x640.jpg,0.0,0
data/UrbanWaste-images-10k-right\year_2017\TMX7316010203-000225\pano_0008_001090_heading130.99_pitch0.35_right90_square_fov90.0_640x640.jpg,0.0,0
data/UrbanWaste-images-10k-right\year_2017\TMX7316010203-000225\pano_0008_001096_heading219.05_pitch-0.69_right90_square_fov90.0_640x640.jpg,0.0,0
data/UrbanWaste-images-10k-right\year_2017\TMX7316010203-000225\pano_0008_001120_heading130.43_pitch-0.05_right90_square_fov90.0_640x640.jpg,0.37644681334495544,3
data/UrbanWaste-images-10k-right\year_2017\TMX7316010203-000225\pano_0008_001230_heading40.36_pitch-0.34_right90_square_fov90.0_640x640.jpg,0.0,0
data/UrbanWaste-images-10k-right\year_2017\TMX7316010203-000225\pano_0008_001244_heading324.39_pitch-0.07_right90_square_fov90.0_640x640.jpg,0.0,0
data/UrbanWaste-images-10k-right\year_2017\TMX7316010203-000225\pano_0008_001252_heading309.88_pitch-0.39_right90_square_fov90.0_640x640.jpg,0.0,0
data/UrbanWaste-images-10k-right\year_2017\TMX7316010203-000225\pano_0009_000005_heading217.56_pitch-1.87_right90_square_fov90.0_640x640.jpg,0.0,0
data/UrbanWaste-images-10k-right\year_2017\TMX7316010203-000225\pano_0009_000049_heading204.05_pitch0.16_right90_square_fov90.0_640x640.jpg,0.0,0
data/UrbanWaste-images-10k-right\year_2017\TMX7316010203-000225\pano_0009_000055_heading204.65_pitch-0.04_right90_square_fov90.0_640x640.jpg,0.0,0
data/UrbanWaste-images-10k-right\year_2017\TMX7316010203-000227\pano_0000_000042_heading19.87_pitch-3.24_right90_square_fov90.0_640x640.jpg,0.0,0
data/UrbanWaste-images-10k-right\year_2017\TMX7316010203-000227\pano_0000_000052_heading210.27_pitch-0.57_right90_square_fov90.0_640x640.jpg,0.0,0
data/UrbanWaste-images-10k-right\year_2017\TMX7316010203-000227\pano_0000_000076_heading343.49_pitch1.96_right90_square_fov90.0_640x640.jpg,0.30842897295951843,1
data/UrbanWaste-images-10k-right\year_2017\TMX7316010203-000227\pano_0000_000144_heading118.15_pitch-2.73_right90_square_fov90.0_640x640.jpg,0.0,0
data/UrbanWaste-images-10k-right\year_2017\TMX7316010203-000227\pano_0000_000156_heading13.48_pitch-0.34_right90_square_fov90.0_640x640.jpg,0.0,0
data/UrbanWaste-images-10k-right\year_2017\TMX7316010203-000227\pano_0000_000178_heading200.35_pitch-0.10_right90_square_fov90.0_640x640.jpg,0.33920717239379883,3
data/UrbanWaste-images-10k-right\year_2017\TMX7316010203-000227\pano_0000_000180_heading200.70_pitch-0.68_right90_square_fov90.0_640x640.jpg,0.0,0
data/UrbanWaste-images-10k-right\year_2017\TMX7316010203-000227\pano_0000_000188_heading201.87_pitch-0.28_right90_square_fov90.0_640x640.jpg,0.38305699825286865,1
data/UrbanWaste-images-10k-right\year_2017\TMX7316010203-000227\pano_0000_000226_heading20.88_pitch-1.39_right90_square_fov90.0_640x640.jpg,0.3726635277271271,1
data/UrbanWaste-images-10k-right\year_2017\TMX7316010203-000227\pano_0000_000352_heading131.72_pitch-0.72_right90_square_fov90.0_640x640.jpg,0.0,0
data/UrbanWaste-images-10k-right\year_2017\TMX7316010203-000227\pano_0000_000392_heading19.58_pitch-1.87_right90_square_fov90.0_640x640.jpg,0.2540959417819977,1
data/UrbanWaste-images-10k-right\year_2017\TMX7316010203-000227\pano_0000_000442_heading342.81_pitch0.01_right90_square_fov90.0_640x640.jpg,0.2695047855377197,1
data/UrbanWaste-images-10k-right\year_2017\TMX7316010203-000227\pano_0000_000456_heading130.24_pitch-0.37_right90_square_fov90.0_640x640.jpg,0.0,0
data/UrbanWaste-images-10k-right\year_2017\TMX7316010203-000227\pano_0000_000476_heading147.03_pitch-0.73_right90_square_fov90.0_640x640.jpg,0.0,0
data/UrbanWaste-images-10k-right\year_2017\TMX7316010203-000227\pano_0000_000478_heading152.53_pitch-1.06_right90_square_fov90.0_640x640.jpg,0.48148998618125916,2
data/UrbanWaste-images-10k-right\year_2017\TMX7316010203-000227\pano_0000_000492_heading300.65_pitch2.59_right90_square_fov90.0_640x640.jpg,0.3156408965587616,1
data/UrbanWaste-images-10k-right\year_2017\TMX7316010203-000227\pano_0000_000528_heading305.56_pitch-1.27_right90_square_fov90.0_640x640.jpg,0.0,0
data/UrbanWaste-images-10k-right\year_2017\TMX7316010203-000227\pano_0000_000536_heading304.98_pitch-0.55_right90_square_fov90.0_640x640.jpg,0.28602805733680725,1
data/UrbanWaste-images-10k-right\year_2017\TMX7316010203-000227\pano_0000_000578_heading2.30_pitch0.14_right90_square_fov90.0_640x640.jpg,0.0,0
data/UrbanWaste-images-10k-right\year_2017\TMX7316010203-000227\pano_0000_000642_heading118.38_pitch-0.30_right90_square_fov90.0_640x640.jpg,0.0,0
data/UrbanWaste-images-10k-right\year_2017\TMX7316010203-000227\pano_0000_000664_heading121.13_pitch-0.44_right90_square_fov90.0_640x640.jpg,0.2772672772407532,1
data/UrbanWaste-images-10k-right\year_2017\TMX7316010203-000227\pano_0000_000706_heading121.29_pitch2.66_right90_square_fov90.0_640x640.jpg,0.5817214250564575,3
data/UrbanWaste-images-10k-right\year_2017\TMX7316010203-000227\pano_0000_000752_heading300.53_pitch-0.45_right90_square_fov90.0_640x640.jpg,0.3852204382419586,1
data/UrbanWaste-images-10k-right\year_2017\TMX7316010203-000227\pano_0000_000754_heading303.97_pitch-0.97_right90_square_fov90.0_640x640.jpg,0.2758618891239166,1
data/UrbanWaste-images-10k-right\year_2017\TMX7316010203-000227\pano_0000_000762_heading301.59_pitch0.26_right90_square_fov90.0_640x640.jpg,0.27502039074897766,2
data/UrbanWaste-images-10k-right\year_2017\TMX7316010203-000227\pano_0000_000832_heading311.80_pitch-0.17_right90_square_fov90.0_640x640.jpg,0.0,0
data/UrbanWaste-images-10k-right\year_2017\TMX7316010203-000227\pano_0000_000838_heading26.34_pitch-0.60_right90_square_fov90.0_640x640.jpg,0.0,0
data/UrbanWaste-images-10k-right\year_2017\TMX7316010203-000227\pano_0000_000902_heading52.95_pitch1.76_right90_square_fov90.0_640x640.jpg,0.0,0
data/UrbanWaste-images-10k-right\year_2017\TMX7316010203-000227\pano_0000_000920_heading161.19_pitch-0.23_right90_square_fov90.0_640x640.jpg,0.0,0
data/UrbanWaste-images-10k-right\year_2017\TMX7316010203-000227\pano_0000_001070_heading52.15_pitch-0.36_right90_square_fov90.0_640x640.jpg,0.0,0
data/UrbanWaste-images-10k-right\year_2017\TMX7316010203-000227\pano_0000_001084_heading347.34_pitch0.07_right90_square_fov90.0_640x640.jpg,0.2817419767379761,1
data/UrbanWaste-images-10k-right\year_2017\TMX7316010203-000227\pano_0000_001122_heading308.62_pitch-0.75_right90_square_fov90.0_640x640.jpg,0.0,0
data/UrbanWaste-images-10k-right\year_2017\TMX7316010203-000227\pano_0000_001158_heading293.07_pitch-0.99_right90_square_fov90.0_640x640.jpg,0.0,0
data/UrbanWaste-images-10k-right\year_2017\TMX7316010203-000227\pano_0000_001180_heading276.52_pitch-0.36_right90_square_fov90.0_640x640.jpg,0.40612006187438965,1
data/UrbanWaste-images-10k-right\year_2017\TMX7316010203-000227\pano_0000_001228_heading254.97_pitch-1.46_right90_square_fov90.0_640x640.jpg,0.0,0
data/UrbanWaste-images-10k-right\year_2017\TMX7316010203-000227\pano_0000_001236_heading204.94_pitch0.92_right90_square_fov90.0_640x640.jpg,0.0,0
data/UrbanWaste-images-10k-right\year_2017\TMX7316010203-000227\pano_0000_001254_heading94.25_pitch-0.87_right90_square_fov90.0_640x640.jpg,0.0,0
data/UrbanWaste-images-10k-right\year_2017\TMX7316010203-000227\pano_0000_001280_heading264.31_pitch-3.67_right90_square_fov90.0_640x640.jpg,0.0,0
data/UrbanWaste-images-10k-right\year_2017\TMX7316010203-000227\pano_0000_001348_heading321.27_pitch-0.34_right90_square_fov90.0_640x640.jpg,0.31974878907203674,1
data/UrbanWaste-images-10k-right\year_2017\TMX7316010203-000227\pano_0000_001384_heading45.86_pitch-2.61_right90_square_fov90.0_640x640.jpg,0.0,0
data/UrbanWaste-images-10k-right\year_2017\TMX7316010203-000227\pano_0000_001482_heading169.19_pitch-1.15_right90_square_fov90.0_640x640.jpg,0.3140699863433838,1
data/UrbanWaste-images-10k-right\year_2017\TMX7316010203-000227\pano_0000_001532_heading100.77_pitch-1.36_right90_square_fov90.0_640x640.jpg,0.0,0
data/UrbanWaste-images-10k-right\year_2017\TMX7316010203-000227\pano_0000_001558_heading122.40_pitch-0.21_right90_square_fov90.0_640x640.jpg,0.0,0
data/UrbanWaste-images-10k-right\year_2017\TMX7316010203-000227\pano_0000_001568_heading121.96_pitch-1.59_right90_square_fov90.0_640x640.jpg,0.2603949308395386,1
data/UrbanWaste-images-10k-right\year_2017\TMX7316010203-000227\pano_0000_001604_heading296.42_pitch-0.56_right90_square_fov90.0_640x640.jpg,0.0,0
data/UrbanWaste-images-10k-right\year_2017\TMX7316010203-000227\pano_0000_001666_heading192.36_pitch-3.57_right90_square_fov90.0_640x640.jpg,0.2570874094963074,1
data/UrbanWaste-images-10k-right\year_2017\TMX7316010203-000227\pano_0000_001672_heading185.69_pitch-0.09_right90_square_fov90.0_640x640.jpg,0.0,0
data/UrbanWaste-images-10k-right\year_2017\TMX7316010203-000227\pano_0000_001686_heading273.26_pitch0.58_right90_square_fov90.0_640x640.jpg,0.0,0
data/UrbanWaste-images-10k-right\year_2017\TMX7316010203-000227\pano_0000_001700_heading276.25_pitch-0.54_right90_square_fov90.0_640x640.jpg,0.0,0
data/UrbanWaste-images-10k-right\year_2017\TMX7316010203-000227\pano_0000_001748_heading276.09_pitch-1.02_right90_square_fov90.0_640x640.jpg,0.29388871788978577,1
data/UrbanWaste-images-10k-right\year_2017\TMX7316010203-000227\pano_0000_001766_heading261.28_pitch-1.34_right90_square_fov90.0_640x640.jpg,0.5065990090370178,6
data/UrbanWaste-images-10k-right\year_2017\TMX7316010203-000227\pano_0000_001794_heading358.79_pitch2.34_right90_square_fov90.0_640x640.jpg,0.0,0
data/UrbanWaste-images-10k-right\year_2017\TMX7316010203-000227\pano_0000_001800_heading272.79_pitch-0.46_right90_square_fov90.0_640x640.jpg,0.42297178506851196,3
data/UrbanWaste-images-10k-right\year_2017\TMX7316010203-000227\pano_0000_001862_heading358.91_pitch-2.31_right90_square_fov90.0_640x640.jpg,0.0,0
data/UrbanWaste-images-10k-right\year_2017\TMX7316010203-000227\pano_0000_001934_heading274.91_pitch-0.24_right90_square_fov90.0_640x640.jpg,0.0,0
data/UrbanWaste-images-10k-right\year_2017\TMX7316010203-000227\pano_0000_001946_heading91.64_pitch1.93_right90_square_fov90.0_640x640.jpg,0.29687196016311646,2
data/UrbanWaste-images-10k-right\year_2017\TMX7316010203-000227\pano_0000_001960_heading92.13_pitch-0.83_right90_square_fov90.0_640x640.jpg,0.33578184247016907,2
data/UrbanWaste-images-10k-right\year_2017\TMX7316010203-000227\pano_0000_002004_heading275.56_pitch-0.42_right90_square_fov90.0_640x640.jpg,0.0,0
data/UrbanWaste-images-10k-right\year_2017\TMX7316010203-000227\pano_0000_002006_heading275.07_pitch-0.72_right90_square_fov90.0_640x640.jpg,0.0,0
data/UrbanWaste-images-10k-right\year_2017\TMX7316010203-000227\pano_0000_002064_heading93.28_pitch-2.52_right90_square_fov90.0_640x640.jpg,0.0,0
data/UrbanWaste-images-10k-right\year_2017\TMX7316010203-000227\pano_0000_002108_heading168.02_pitch-0.74_right90_square_fov90.0_640x640.jpg,0.0,0
data/UrbanWaste-images-10k-right\year_2017\TMX7316010203-000227\pano_0000_002142_heading284.65_pitch-1.65_right90_square_fov90.0_640x640.jpg,0.0,0
data/UrbanWaste-images-10k-right\year_2017\TMX7316010203-000227\pano_0000_002162_heading280.88_pitch-1.09_right90_square_fov90.0_640x640.jpg,0.0,0
data/UrbanWaste-images-10k-right\year_2017\TMX7316010203-000227\pano_0000_002164_heading275.79_pitch-1.85_right90_square_fov90.0_640x640.jpg,0.5020618438720703,2
data/UrbanWaste-images-10k-right\year_2017\TMX7316010203-000227\pano_0000_002176_heading12.02_pitch0.03_right90_square_fov90.0_640x640.jpg,0.0,0
data/UrbanWaste-images-10k-right\year_2017\TMX7316010203-000227\pano_0000_002196_heading1.81_pitch-0.63_right90_square_fov90.0_640x640.jpg,0.0,0
data/UrbanWaste-images-10k-right\year_2017\TMX7316010203-000227\pano_0000_002228_heading117.61_pitch0.55_right90_square_fov90.0_640x640.jpg,0.0,0
data/UrbanWaste-images-10k-right\year_2017\TMX7316010203-000227\pano_0000_002230_heading116.80_pitch-0.23_right90_square_fov90.0_640x640.jpg,0.0,0
data/UrbanWaste-images-10k-right\year_2017\TMX7316010203-000227\pano_0000_002232_heading117.33_pitch-0.15_right90_square_fov90.0_640x640.jpg,0.0,0
data/UrbanWaste-images-10k-right\year_2017\TMX7316010203-000227\pano_0000_002236_heading117.96_pitch-1.23_right90_square_fov90.0_640x640.jpg,0.3212152421474457,1
data/UrbanWaste-images-10k-right\year_2017\TMX7316010203-000227\pano_0000_002238_heading123.33_pitch-6.07_right90_square_fov90.0_640x640.jpg,0.0,0
data/UrbanWaste-images-10k-right\year_2017\TMX7316010203-000227\pano_0000_002282_heading117.43_pitch-0.11_right90_square_fov90.0_640x640.jpg,0.40609487891197205,1
data/UrbanWaste-images-10k-right\year_2017\TMX7316010203-000227\pano_0000_002286_heading116.88_pitch-0.12_right90_square_fov90.0_640x640.jpg,0.0,0
data/UrbanWaste-images-10k-right\year_2017\TMX7316010203-000227\pano_0000_002322_heading296.81_pitch0.19_right90_square_fov90.0_640x640.jpg,0.0,0
data/UrbanWaste-images-10k-right\year_2017\TMX7316010203-000227\pano_0000_002350_heading298.59_pitch2.71_right90_square_fov90.0_640x640.jpg,0.0,0
data/UrbanWaste-images-10k-right\year_2017\TMX7316010203-000227\pano_0000_002422_heading92.42_pitch-2.37_right90_square_fov90.0_640x640.jpg,0.0,0
data/UrbanWaste-images-10k-right\year_2017\TMX7316010203-000227\pano_0000_002462_heading93.02_pitch-0.18_right90_square_fov90.0_640x640.jpg,0.2504332661628723,1
data/UrbanWaste-images-10k-right\year_2017\TMX7316010203-000227\pano_0000_002484_heading35.79_pitch-0.37_right90_square_fov90.0_640x640.jpg,0.4631730020046234,1
data/UrbanWaste-images-10k-right\year_2017\TMX7316010203-000227\pano_0000_002510_heading116.76_pitch-0.33_right90_square_fov90.0_640x640.jpg,0.2625681757926941,1
data/UrbanWaste-images-10k-right\year_2017\TMX7316010203-000227\pano_0000_002536_heading116.33_pitch-1.87_right90_square_fov90.0_640x640.jpg,0.0,0
data/UrbanWaste-images-10k-right\year_2017\TMX7316010203-000227\pano_0000_002558_heading297.16_pitch0.04_right90_square_fov90.0_640x640.jpg,0.0,0
data/UrbanWaste-images-10k-right\year_2017\TMX7316010203-000227\pano_0000_002560_heading295.92_pitch-0.36_right90_square_fov90.0_640x640.jpg,0.0,0
data/UrbanWaste-images-10k-right\year_2017\TMX7316010203-000227\pano_0000_002592_heading297.38_pitch-0.16_right90_square_fov90.0_640x640.jpg,0.0,0
data/UrbanWaste-images-10k-right\year_2017\TMX7316010203-000227\pano_0000_002594_heading297.72_pitch-0.59_right90_square_fov90.0_640x640.jpg,0.0,0
data/UrbanWaste-images-10k-right\year_2017\TMX7316010203-000227\pano_0000_002604_heading297.97_pitch-0.38_right90_square_fov90.0_640x640.jpg,0.0,0
data/UrbanWaste-images-10k-right\year_2017\TMX7316010203-000227\pano_0001_000017_heading137.54_pitch-0.50_right90_square_fov90.0_640x640.jpg,0.0,0
data/UrbanWaste-images-10k-right\year_2017\TMX7316010203-000227\pano_0001_000047_heading130.02_pitch-0.35_right90_square_fov90.0_640x640.jpg,0.0,0
data/UrbanWaste-images-10k-right\year_2017\TMX7316010203-000227\pano_0001_000051_heading129.60_pitch-0.24_right90_square_fov90.0_640x640.jpg,0.0,0
data/UrbanWaste-images-10k-right\year_2017\TMX7316010203-000227\pano_0001_000065_heading137.24_pitch-0.67_right90_square_fov90.0_640x640.jpg,0.0,0
data/UrbanWaste-images-10k-right\year_2017\TMX7316010203-000227\pano_0001_000081_heading328.02_pitch-0.34_right90_square_fov90.0_640x640.jpg,0.0,0
data/UrbanWaste-images-10k-right\year_2017\TMX7316010203-000227\pano_0001_000115_heading307.00_pitch-0.46_right90_square_fov90.0_640x640.jpg,0.0,0
data/UrbanWaste-images-10k-right\year_2017\TMX7316010203-000227\pano_0001_000155_heading129.83_pitch-0.23_right90_square_fov90.0_640x640.jpg,0.0,0
data/UrbanWaste-images-10k-right\year_2017\TMX7316010203-000227\pano_0001_000239_heading236.15_pitch-0.80_right90_square_fov90.0_640x640.jpg,0.4208282232284546,1
data/UrbanWaste-images-10k-right\year_2017\TMX7316010203-000227\pano_0001_000243_heading233.15_pitch-0.66_right90_square_fov90.0_640x640.jpg,0.0,0
data/UrbanWaste-images-10k-right\year_2017\TMX7316010203-000227\pano_0001_000271_heading218.27_pitch-0.78_right90_square_fov90.0_640x640.jpg,0.0,0
data/UrbanWaste-images-10k-right\year_2017\TMX7316010203-000227\pano_0001_000275_heading218.78_pitch-0.43_right90_square_fov90.0_640x640.jpg,0.0,0
data/UrbanWaste-images-10k-right\year_2017\TMX7316010203-000227\pano_0001_000321_heading207.00_pitch-0.70_right90_square_fov90.0_640x640.jpg,0.0,0
data/UrbanWaste-images-10k-right\year_2017\TMX7316010203-000227\pano_0001_000331_heading205.38_pitch-1.84_right90_square_fov90.0_640x640.jpg,0.0,0
data/UrbanWaste-images-10k-right\year_2017\TMX7316010203-000227\pano_0001_000339_heading206.57_pitch0.30_right90_square_fov90.0_640x640.jpg,0.0,0
data/UrbanWaste-images-10k-right\year_2017\TMX7316010203-000227\pano_0001_000387_heading208.77_pitch-0.39_right90_square_fov90.0_640x640.jpg,0.33477669954299927,1
data/UrbanWaste-images-10k-right\year_2017\TMX7316010203-000227\pano_0001_000453_heading223.70_pitch-1.54_right90_square_fov90.0_640x640.jpg,0.0,0
data/UrbanWaste-images-10k-right\year_2017\TMX7316010203-000234\pano_0001_000725_heading68.60_pitch2.15_right90_square_fov90.0_640x640.jpg,0.2866530418395996,1
data/UrbanWaste-images-10k-right\year_2017\TMX7316010203-000234\pano_0001_000727_heading68.64_pitch0.62_right90_square_fov90.0_640x640.jpg,0.28806281089782715,1
data/UrbanWaste-images-10k-right\year_2017\TMX7316010203-000234\pano_0001_000745_heading339.50_pitch-0.47_right90_square_fov90.0_640x640.jpg,0.0,0
data/UrbanWaste-images-10k-right\year_2017\TMX7316010203-000234\pano_0001_000760_heading335.41_pitch-0.55_right90_square_fov90.0_640x640.jpg,0.2504311203956604,1
data/UrbanWaste-images-10k-right\year_2017\TMX7316010203-000234\pano_0001_000770_heading339.82_pitch-0.01_right90_square_fov90.0_640x640.jpg,0.0,0
data/UrbanWaste-images-10k-right\year_2017\TMX7316010203-000234\pano_0002_000013_heading215.96_pitch0.30_right90_square_fov90.0_640x640.jpg,0.47279074788093567,1
data/UrbanWaste-images-10k-right\year_2017\TMX7316010203-000234\pano_0002_000049_heading112.18_pitch0.55_right90_square_fov90.0_640x640.jpg,0.0,0
data/UrbanWaste-images-10k-right\year_2017\TMX7316010203-000234\pano_0002_000077_heading306.64_pitch-0.93_right90_square_fov90.0_640x640.jpg,0.0,0
data/UrbanWaste-images-10k-right\year_2017\TMX7316010203-000234\pano_0002_000139_heading85.84_pitch-0.40_right90_square_fov90.0_640x640.jpg,0.38626834750175476,1
data/UrbanWaste-images-10k-right\year_2017\TMX7316010203-000234\pano_0002_000197_heading208.56_pitch0.75_right90_square_fov90.0_640x640.jpg,0.0,0
data/UrbanWaste-images-10k-right\year_2017\TMX7316010203-000234\pano_0003_000005_heading356.56_pitch0.16_right90_square_fov90.0_640x640.jpg,0.4025503396987915,4
data/UrbanWaste-images-10k-right\year_2017\TMX7316010203-000234\pano_0005_000024_heading217.86_pitch-1.06_right90_square_fov90.0_640x640.jpg,0.42762109637260437,2
data/UrbanWaste-images-10k-right\year_2017\TMX7316010203-000234\pano_0005_000040_heading222.87_pitch-0.10_right90_square_fov90.0_640x640.jpg,0.0,0
data/UrbanWaste-images-10k-right\year_2017\TMX7316010203-000234\pano_0005_000046_heading216.24_pitch-0.25_right90_square_fov90.0_640x640.jpg,0.0,0
data/UrbanWaste-images-10k-right\year_2017\TMX7316010203-000234\pano_0005_000097_heading9.78_pitch0.25_right90_square_fov90.0_640x640.jpg,0.2665751576423645,1
data/UrbanWaste-images-10k-right\year_2017\TMX7316010203-000234\pano_0005_000107_heading18.31_pitch0.65_right90_square_fov90.0_640x640.jpg,0.0,0
data/UrbanWaste-images-10k-right\year_2017\TMX7316010203-000234\pano_0005_000157_heading280.07_pitch-1.82_right90_square_fov90.0_640x640.jpg,0.4938337802886963,1
data/UrbanWaste-images-10k-right\year_2017\TMX7316010203-000234\pano_0005_000177_heading301.26_pitch-2.12_right90_square_fov90.0_640x640.jpg,0.0,0
data/UrbanWaste-images-10k-right\year_2017\TMX7316010203-000243\pano_0001_001829_heading357.81_pitch-1.41_right90_square_fov90.0_640x640.jpg,0.0,0
data/UrbanWaste-images-10k-right\year_2017\TMX7316010203-000243\pano_0001_001833_heading337.53_pitch-1.31_right90_square_fov90.0_640x640.jpg,0.25438734889030457,2
data/UrbanWaste-images-10k-right\year_2017\TMX7316010203-000243\pano_0001_001938_heading339.65_pitch-0.51_right90_square_fov90.0_640x640.jpg,0.0,0
data/UrbanWaste-images-10k-right\year_2017\TMX7316010203-000243\pano_0001_001992_heading342.12_pitch-0.39_right90_square_fov90.0_640x640.jpg,0.4085152745246887,2
data/UrbanWaste-images-10k-right\year_2017\TMX7316010203-000247\pano_0000_000020_heading144.86_pitch-0.67_right90_square_fov90.0_640x640.jpg,0.40750885009765625,1
data/UrbanWaste-images-10k-right\year_2017\TMX7316010203-000247\pano_0000_000031_heading133.68_pitch0.03_right90_square_fov90.0_640x640.jpg,0.0,0
data/UrbanWaste-images-10k-right\year_2017\TMX7316010203-000247\pano_0000_000117_heading311.18_pitch-0.48_right90_square_fov90.0_640x640.jpg,0.0,0
data/UrbanWaste-images-10k-right\year_2017\TMX7316010203-000247\pano_0000_000185_heading132.06_pitch0.05_right90_square_fov90.0_640x640.jpg,0.26025116443634033,1
data/UrbanWaste-images-10k-right\year_2017\TMX7316010203-000247\pano_0000_000205_heading135.14_pitch-2.20_right90_square_fov90.0_640x640.jpg,0.0,0
data/UrbanWaste-images-10k-right\year_2017\TMX7316010203-000247\pano_0000_000320_heading222.94_pitch-1.51_right90_square_fov90.0_640x640.jpg,0.25466564297676086,1
data/UrbanWaste-images-10k-right\year_2017\TMX7316010203-000247\pano_0000_000335_heading131.69_pitch-0.67_right90_square_fov90.0_640x640.jpg,0.0,0
data/UrbanWaste-images-10k-right\year_2017\TMX7316010203-000247\pano_0000_000348_heading42.85_pitch-1.21_right90_square_fov90.0_640x640.jpg,0.0,0
data/UrbanWaste-images-10k-right\year_2017\TMX7316010203-000247\pano_0000_000370_heading313.37_pitch0.10_right90_square_fov90.0_640x640.jpg,0.44685468077659607,1
data/UrbanWaste-images-10k-right\year_2017\TMX7316010203-000247\pano_0000_000433_heading131.63_pitch-1.21_right90_square_fov90.0_640x640.jpg,0.0,0
data/UrbanWaste-images-10k-right\year_2017\TMX7316010203-000247\pano_0000_000445_heading309.86_pitch-0.63_right90_square_fov90.0_640x640.jpg,0.33930885791778564,5
data/UrbanWaste-images-10k-right\year_2017\TMX7316010203-000247\pano_0000_000465_heading220.02_pitch-0.02_right90_square_fov90.0_640x640.jpg,0.0,0
data/UrbanWaste-images-10k-right\year_2017\TMX7316010203-000247\pano_0000_000513_heading26.97_pitch-0.96_right90_square_fov90.0_640x640.jpg,0.3733055889606476,6
data/UrbanWaste-images-10k-right\year_2017\TMX7316010203-000247\pano_0000_000515_heading26.55_pitch-0.11_right90_square_fov90.0_640x640.jpg,0.2835021913051605,2
data/UrbanWaste-images-10k-right\year_2017\TMX7316010203-000247\pano_0000_000568_heading208.53_pitch-0.56_right90_square_fov90.0_640x640.jpg,0.2623896896839142,1
data/UrbanWaste-images-10k-right\year_2017\TMX7316010203-000247\pano_0000_000703_heading310.35_pitch-0.94_right90_square_fov90.0_640x640.jpg,0.3540340065956116,2
data/UrbanWaste-images-10k-right\year_2017\TMX7316010203-000247\pano_0000_000783_heading313.14_pitch-0.53_right90_square_fov90.0_640x640.jpg,0.3254314959049225,2
data/UrbanWaste-images-10k-right\year_2017\TMX7316010203-000247\pano_0000_000791_heading313.14_pitch0.29_right90_square_fov90.0_640x640.jpg,0.3033367693424225,2
data/UrbanWaste-images-10k-right\year_2017\TMX7316010203-000247\pano_0000_000846_heading59.72_pitch1.78_right90_square_fov90.0_640x640.jpg,0.682633638381958,1
data/UrbanWaste-images-10k-right\year_2017\TMX7316010203-000247\pano_0000_000914_heading341.45_pitch-1.18_right90_square_fov90.0_640x640.jpg,0.0,0
data/UrbanWaste-images-10k-right\year_2017\TMX7316010203-000247\pano_0000_000925_heading313.60_pitch0.83_right90_square_fov90.0_640x640.jpg,0.0,0
data/UrbanWaste-images-10k-right\year_2017\TMX7316010203-000247\pano_0000_000931_heading41.61_pitch-0.45_right90_square_fov90.0_640x640.jpg,0.0,0
data/UrbanWaste-images-10k-right\year_2017\TMX7316010203-000248\pano_0000_000091_heading240.75_pitch-1.24_right90_square_fov90.0_640x640.jpg,0.3871740996837616,2
data/UrbanWaste-images-10k-right\year_2017\TMX7316010203-000248\pano_0000_000251_heading246.59_pitch-0.46_right90_square_fov90.0_640x640.jpg,0.0,0
data/UrbanWaste-images-10k-right\year_2017\TMX7316010203-000248\pano_0000_000265_heading246.15_pitch-0.90_right90_square_fov90.0_640x640.jpg,0.0,0
data/UrbanWaste-images-10k-right\year_2017\TMX7316010203-000248\pano_0000_000291_heading220.00_pitch-0.74_right90_square_fov90.0_640x640.jpg,0.43985456228256226,8
data/UrbanWaste-images-10k-right\year_2017\TMX7316010203-000248\pano_0000_000293_heading223.99_pitch-0.94_right90_square_fov90.0_640x640.jpg,0.0,0
data/UrbanWaste-images-10k-right\year_2017\TMX7316010203-000248\pano_0000_000295_heading222.45_pitch-0.69_right90_square_fov90.0_640x640.jpg,0.0,0
data/UrbanWaste-images-10k-right\year_2017\TMX7316010203-000248\pano_0000_000336_heading205.69_pitch0.24_right90_square_fov90.0_640x640.jpg,0.2543783187866211,1
data/UrbanWaste-images-10k-right\year_2017\TMX7316010203-000248\pano_0000_000340_heading206.02_pitch0.27_right90_square_fov90.0_640x640.jpg,0.0,0
data/UrbanWaste-images-10k-right\year_2017\TMX7316010203-000248\pano_0000_000344_heading206.16_pitch-0.25_right90_square_fov90.0_640x640.jpg,0.0,0
data/UrbanWaste-images-10k-right\year_2017\TMX7316010203-000248\pano_0000_000352_heading208.10_pitch-0.22_right90_square_fov90.0_640x640.jpg,0.0,0
data/UrbanWaste-images-10k-right\year_2017\TMX7316010203-000248\pano_0000_000360_heading204.91_pitch-0.11_right90_square_fov90.0_640x640.jpg,0.0,0
data/UrbanWaste-images-10k-right\year_2017\TMX7316010203-000248\pano_0000_000440_heading133.07_pitch0.85_right90_square_fov90.0_640x640.jpg,0.296234130859375,1
data/UrbanWaste-images-10k-right\year_2017\TMX7316010203-000248\pano_0000_000486_heading311.34_pitch1.04_right90_square_fov90.0_640x640.jpg,0.27604472637176514,1
data/UrbanWaste-images-10k-right\year_2017\TMX7316010203-000248\pano_0000_000490_heading315.35_pitch-1.16_right90_square_fov90.0_640x640.jpg,0.0,0
data/UrbanWaste-images-10k-right\year_2017\TMX7316010203-000248\pano_0000_000498_heading314.06_pitch0.50_right90_square_fov90.0_640x640.jpg,0.0,0
data/UrbanWaste-images-10k-right\year_2017\TMX7316010203-000248\pano_0000_000517_heading133.54_pitch-0.48_right90_square_fov90.0_640x640.jpg,0.38093751668930054,1
data/UrbanWaste-images-10k-right\year_2017\TMX7316010203-000248\pano_0000_000537_heading134.72_pitch-1.81_right90_square_fov90.0_640x640.jpg,0.4914119243621826,1
data/UrbanWaste-images-10k-right\year_2017\TMX7316010203-000248\pano_0000_000598_heading341.72_pitch0.42_right90_square_fov90.0_640x640.jpg,0.0,0
data/UrbanWaste-images-10k-right\year_2017\TMX7316010203-000248\pano_0000_000642_heading128.13_pitch-0.25_right90_square_fov90.0_640x640.jpg,0.29353219270706177,1
data/UrbanWaste-images-10k-right\year_2017\TMX7316010203-000248\pano_0000_000706_heading225.25_pitch-0.12_right90_square_fov90.0_640x640.jpg,0.0,0
data/UrbanWaste-images-10k-right\year_2017\TMX7316010203-000248\pano_0000_000718_heading257.81_pitch-0.37_right90_square_fov90.0_640x640.jpg,0.0,0
data/UrbanWaste-images-10k-right\year_2017\TMX7316010203-000248\pano_0000_000742_heading276.19_pitch-0.62_right90_square_fov90.0_640x640.jpg,0.0,0
data/UrbanWaste-images-10k-right\year_2017\TMX7316010203-000248\pano_0000_000806_heading326.44_pitch-1.18_right90_square_fov90.0_640x640.jpg,0.0,0
data/UrbanWaste-images-10k-right\year_2017\TMX7316010203-000248\pano_0000_000816_heading222.36_pitch-0.29_right90_square_fov90.0_640x640.jpg,0.2620868980884552,1
data/UrbanWaste-images-10k-right\year_2017\TMX7316010203-000254\pano_0001_000593_heading69.09_pitch-0.26_right90_square_fov90.0_640x640.jpg,0.4066088795661926,2
data/UrbanWaste-images-10k-right\year_2017\TMX7316010203-000299\pano_0002_004124_heading279.60_pitch-3.90_right90_square_fov90.0_640x640.jpg,0.31038713455200195,1
data/UrbanWaste-images-10k-right\year_2017\TMX7316010203-000299\pano_0002_004126_heading281.47_pitch-2.14_right90_square_fov90.0_640x640.jpg,0.0,0
data/UrbanWaste-images-10k-right\year_2017\TMX7316010203-000299\pano_0002_004140_heading303.88_pitch-0.12_right90_square_fov90.0_640x640.jpg,0.0,0
data/UrbanWaste-images-10k-right\year_2017\TMX7316010203-000299\pano_0002_004142_heading310.97_pitch-0.61_right90_square_fov90.0_640x640.jpg,0.2715328633785248,1
data/UrbanWaste-images-10k-right\year_2017\TMX7316010203-000299\pano_0002_004204_heading28.42_pitch-0.13_right90_square_fov90.0_640x640.jpg,0.2695646286010742,1
data/UrbanWaste-images-10k-right\year_2017\TMX7316010203-000299\pano_0002_004225_heading321.10_pitch-1.11_right90_square_fov90.0_640x640.jpg,0.0,0
data/UrbanWaste-images-10k-right\year_2017\TMX7316010203-000299\pano_0002_004267_heading326.18_pitch-0.00_right90_square_fov90.0_640x640.jpg,0.0,0
data/UrbanWaste-images-10k-right\year_2017\TMX7316010203-000299\pano_0002_004289_heading294.79_pitch1.01_right90_square_fov90.0_640x640.jpg,0.0,0
data/UrbanWaste-images-10k-right\year_2017\TMX7316010203-000299\pano_0002_004313_heading248.61_pitch0.54_right90_square_fov90.0_640x640.jpg,0.3608345091342926,1
data/UrbanWaste-images-10k-right\year_2017\TMX7316010203-000299\pano_0002_004323_heading247.04_pitch-0.78_right90_square_fov90.0_640x640.jpg,0.27617186307907104,1
data/UrbanWaste-images-10k-right\year_2017\TMX7316010203-000299\pano_0002_004365_heading37.94_pitch-0.28_right90_square_fov90.0_640x640.jpg,0.0,0
data/UrbanWaste-images-10k-right\year_2017\TMX7316010203-000301\pano_0000_007210_heading264.82_pitch-2.39_right90_square_fov90.0_640x640.jpg,0.2614789605140686,1
data/UrbanWaste-images-10k-right\year_2017\TMX7316010203-000301\pano_0000_007222_heading277.20_pitch-2.29_right90_square_fov90.0_640x640.jpg,0.0,0
data/UrbanWaste-images-10k-right\year_2017\TMX7316010203-000301\pano_0000_007302_heading297.45_pitch0.22_right90_square_fov90.0_640x640.jpg,0.0,0
data/UrbanWaste-images-10k-right\year_2017\TMX7316010203-000301\pano_0000_007354_heading277.97_pitch0.64_right90_square_fov90.0_640x640.jpg,0.2518041431903839,1
data/UrbanWaste-images-10k-right\year_2017\TMX7316010203-000492\pano_0000_000036_heading47.56_pitch1.56_right90_square_fov90.0_640x640.jpg,0.2708997428417206,1
data/UrbanWaste-images-10k-right\year_2017\TMX7316010203-000492\pano_0000_000042_heading64.57_pitch0.82_right90_square_fov90.0_640x640.jpg,0.0,0
data/UrbanWaste-images-10k-right\year_2017\TMX7316010203-000492\pano_0000_000050_heading74.78_pitch0.84_right90_square_fov90.0_640x640.jpg,0.0,0
data/UrbanWaste-images-10k-right\year_2017\TMX7316010203-000492\pano_0000_000052_heading76.90_pitch0.26_right90_square_fov90.0_640x640.jpg,0.25793886184692383,1
data/UrbanWaste-images-10k-right\year_2017\TMX7316010203-000492\pano_0000_000068_heading83.11_pitch-0.99_right90_square_fov90.0_640x640.jpg,0.0,0
data/UrbanWaste-images-10k-right\year_2017\TMX7316010203-000492\pano_0000_000225_heading292.35_pitch0.49_right90_square_fov90.0_640x640.jpg,0.41160738468170166,4
data/UrbanWaste-images-10k-right\year_2017\TMX7316010203-000492\pano_0000_000352_heading86.50_pitch-1.45_right90_square_fov90.0_640x640.jpg,0.29396918416023254,1
data/UrbanWaste-images-10k-right\year_2017\TMX7316010203-000492\pano_0000_000412_heading198.44_pitch-0.70_right90_square_fov90.0_640x640.jpg,0.3180038332939148,1
data/UrbanWaste-images-10k-right\year_2017\TMX7316010203-000492\pano_0000_000424_heading210.18_pitch-2.12_right90_square_fov90.0_640x640.jpg,0.29863932728767395,2
data/UrbanWaste-images-10k-right\year_2017\TMX7316010203-000492\pano_0000_000426_heading212.86_pitch-1.53_right90_square_fov90.0_640x640.jpg,0.2529210150241852,1
data/UrbanWaste-images-10k-right\year_2017\TMX7316010203-000492\pano_0000_000522_heading308.93_pitch-1.32_right90_square_fov90.0_640x640.jpg,0.0,0
data/UrbanWaste-images-10k-right\year_2017\TMX7316010203-000492\pano_0000_000560_heading334.80_pitch1.53_right90_square_fov90.0_640x640.jpg,0.3878366947174072,1
data/UrbanWaste-images-10k-right\year_2017\TMX7316010203-000492\pano_0000_000570_heading286.94_pitch-1.27_right90_square_fov90.0_640x640.jpg,0.28841856122016907,1
data/UrbanWaste-images-10k-right\year_2017\TMX7316010203-000492\pano_0000_000572_heading285.87_pitch0.65_right90_square_fov90.0_640x640.jpg,0.30010494589805603,1
data/UrbanWaste-images-10k-right\year_2017\TMX7316010203-000492\pano_0000_000606_heading40.53_pitch-0.84_right90_square_fov90.0_640x640.jpg,0.0,0
data/UrbanWaste-images-10k-right\year_2017\TMX7316010203-000492\pano_0000_000630_heading40.09_pitch-1.49_right90_square_fov90.0_640x640.jpg,0.3295828104019165,2
data/UrbanWaste-images-10k-right\year_2017\TMX7316010203-000492\pano_0000_000670_heading308.05_pitch-1.69_right90_square_fov90.0_640x640.jpg,0.4634197950363159,1
data/UrbanWaste-images-10k-right\year_2017\TMX7316010203-000492\pano_0000_000688_heading18.34_pitch-0.65_right90_square_fov90.0_640x640.jpg,0.41310930252075195,1
data/UrbanWaste-images-10k-right\year_2017\TMX7316010203-000492\pano_0000_000732_heading298.62_pitch-0.90_right90_square_fov90.0_640x640.jpg,0.3499125838279724,2
data/UrbanWaste-images-10k-right\year_2017\TMX7316010203-000492\pano_0000_000734_heading298.98_pitch-0.91_right90_square_fov90.0_640x640.jpg,0.3757345676422119,2
data/UrbanWaste-images-10k-right\year_2017\TMX7316010203-000492\pano_0000_000736_heading298.76_pitch-0.94_right90_square_fov90.0_640x640.jpg,0.3376286029815674,1
data/UrbanWaste-images-10k-right\year_2017\TMX7316010203-000492\pano_0000_000750_heading293.48_pitch-3.22_right90_square_fov90.0_640x640.jpg,0.0,0
data/UrbanWaste-images-10k-right\year_2018\TMX7316010203-000702\pano_0000_000085_heading312.37_pitch-1.28_right90_square_fov90.0_640x640.jpg,0.2745274007320404,1
data/UrbanWaste-images-10k-right\year_2018\TMX7316010203-000702\pano_0000_000089_heading309.19_pitch-2.34_right90_square_fov90.0_640x640.jpg,0.0,0
data/UrbanWaste-images-10k-right\year_2018\TMX7316010203-000702\pano_0000_000107_heading303.42_pitch0.43_right90_square_fov90.0_640x640.jpg,0.0,0
data/UrbanWaste-images-10k-right\year_2018\TMX7316010203-000702\pano_0000_000129_heading319.10_pitch0.31_right90_square_fov90.0_640x640.jpg,0.0,0
data/UrbanWaste-images-10k-right\year_2018\TMX7316010203-000702\pano_0000_000167_heading311.48_pitch-0.36_right90_square_fov90.0_640x640.jpg,0.0,0
data/UrbanWaste-images-10k-right\year_2018\TMX7316010203-000702\pano_0000_000205_heading323.10_pitch-0.56_right90_square_fov90.0_640x640.jpg,0.256008505821228,1
data/UrbanWaste-images-10k-right\year_2018\TMX7316010203-000702\pano_0000_000207_heading323.67_pitch-0.70_right90_square_fov90.0_640x640.jpg,0.0,0
data/UrbanWaste-images-10k-right\year_2018\TMX7316010203-000702\pano_0000_000241_heading338.13_pitch-0.24_right90_square_fov90.0_640x640.jpg,0.0,0
data/UrbanWaste-images-10k-right\year_2018\TMX7316010203-000702\pano_0000_000293_heading337.69_pitch-0.25_right90_square_fov90.0_640x640.jpg,0.0,0
data/UrbanWaste-images-10k-right\year_2018\TMX7316010203-000702\pano_0000_000309_heading338.02_pitch-0.29_right90_square_fov90.0_640x640.jpg,0.0,0
data/UrbanWaste-images-10k-right\year_2018\TMX7316010203-000702\pano_0000_000329_heading338.00_pitch-0.29_right90_square_fov90.0_640x640.jpg,0.0,0
data/UrbanWaste-images-10k-right\year_2018\TMX7316010203-000702\pano_0000_000337_heading338.39_pitch-0.32_right90_square_fov90.0_640x640.jpg,0.0,0
data/UrbanWaste-images-10k-right\year_2018\TMX7316010203-000702\pano_0000_000341_heading338.20_pitch0.10_right90_square_fov90.0_640x640.jpg,0.0,0
data/UrbanWaste-images-10k-right\year_2018\TMX7316010203-000702\pano_0000_000351_heading337.62_pitch-0.18_right90_square_fov90.0_640x640.jpg,0.0,0
data/UrbanWaste-images-10k-right\year_2018\TMX7316010203-000702\pano_0000_000493_heading344.26_pitch0.35_right90_square_fov90.0_640x640.jpg,0.29630252718925476,2
data/UrbanWaste-images-10k-right\year_2018\TMX7316010203-000702\pano_0000_000505_heading344.39_pitch0.20_right90_square_fov90.0_640x640.jpg,0.3375908136367798,2
data/UrbanWaste-images-10k-right\year_2018\TMX7316010203-000702\pano_0000_000535_heading345.36_pitch-0.27_right90_square_fov90.0_640x640.jpg,0.3406010866165161,2
data/UrbanWaste-images-10k-right\year_2018\TMX7316010203-000702\pano_0000_000559_heading2.64_pitch0.01_right90_square_fov90.0_640x640.jpg,0.0,0
data/UrbanWaste-images-10k-right\year_2018\TMX7316010203-000702\pano_0000_000609_heading4.48_pitch-0.23_right90_square_fov90.0_640x640.jpg,0.0,0
data/UrbanWaste-images-10k-right\year_2018\TMX7316010203-000702\pano_0000_000613_heading3.45_pitch0.57_right90_square_fov90.0_640x640.jpg,0.0,0
data/UrbanWaste-images-10k-right\year_2018\TMX7316010203-000702\pano_0000_000625_heading92.73_pitch-0.67_right90_square_fov90.0_640x640.jpg,0.4338519871234894,3
data/UrbanWaste-images-10k-right\year_2018\TMX7316010203-000702\pano_0000_000643_heading303.66_pitch0.16_right90_square_fov90.0_640x640.jpg,0.3574379086494446,1
data/UrbanWaste-images-10k-right\year_2018\TMX7316010203-000702\pano_0000_000655_heading261.20_pitch0.18_right90_square_fov90.0_640x640.jpg,0.0,0
data/UrbanWaste-images-10k-right\year_2018\TMX7316010203-000702\pano_0000_000663_heading225.11_pitch-0.91_right90_square_fov90.0_640x640.jpg,0.2800033390522003,1
data/UrbanWaste-images-10k-right\year_2018\TMX7316010203-000702\pano_0000_000715_heading33.80_pitch-0.31_right90_square_fov90.0_640x640.jpg,0.0,0
data/UrbanWaste-images-10k-right\year_2018\TMX7316010203-000702\pano_0000_000763_heading37.69_pitch-0.44_right90_square_fov90.0_640x640.jpg,0.4207582175731659,1
data/UrbanWaste-images-10k-right\year_2018\TMX7316010203-000702\pano_0000_000887_heading61.57_pitch-1.84_right90_square_fov90.0_640x640.jpg,0.0,0
data/UrbanWaste-images-10k-right\year_2018\TMX7316010203-000702\pano_0000_000895_heading65.25_pitch1.34_right90_square_fov90.0_640x640.jpg,0.0,0
data/UrbanWaste-images-10k-right\year_2018\TMX7316010203-000702\pano_0000_000901_heading72.29_pitch0.65_right90_square_fov90.0_640x640.jpg,0.28748616576194763,2
data/UrbanWaste-images-10k-right\year_2018\TMX7316010203-000702\pano_0000_000907_heading75.21_pitch0.32_right90_square_fov90.0_640x640.jpg,0.3045550286769867,1
data/UrbanWaste-images-10k-right\year_2018\TMX7316010203-000702\pano_0000_000929_heading64.55_pitch-0.31_right90_square_fov90.0_640x640.jpg,0.0,0
data/UrbanWaste-images-10k-right\year_2018\TMX7316010203-000702\pano_0000_000931_heading63.71_pitch-0.45_right90_square_fov90.0_640x640.jpg,0.2918495833873749,1
data/UrbanWaste-images-10k-right\year_2018\TMX7316010203-000702\pano_0000_000967_heading62.11_pitch0.04_right90_square_fov90.0_640x640.jpg,0.0,0
data/UrbanWaste-images-10k-right\year_2018\TMX7316010203-000702\pano_0000_001155_heading107.55_pitch-0.10_right90_square_fov90.0_640x640.jpg,0.0,0
data/UrbanWaste-images-10k-right\year_2018\TMX7316010203-000702\pano_0000_001167_heading107.53_pitch-0.24_right90_square_fov90.0_640x640.jpg,0.3386235237121582,1
data/UrbanWaste-images-10k-right\year_2018\TMX7316010203-000702\pano_0000_001189_heading114.30_pitch-0.45_right90_square_fov90.0_640x640.jpg,0.4777221083641052,2
data/UrbanWaste-images-10k-right\year_2018\TMX7316010203-000702\pano_0000_001207_heading104.61_pitch0.14_right90_square_fov90.0_640x640.jpg,0.0,0
data/UrbanWaste-images-10k-right\year_2018\TMX7316010203-000702\pano_0000_001265_heading108.16_pitch-0.21_right90_square_fov90.0_640x640.jpg,0.4077380299568176,8
data/UrbanWaste-images-10k-right\year_2018\TMX7316010203-000702\pano_0000_001269_heading106.94_pitch-0.04_right90_square_fov90.0_640x640.jpg,0.0,0
data/UrbanWaste-images-10k-right\year_2018\TMX7316010203-000702\pano_0000_001319_heading107.61_pitch-0.10_right90_square_fov90.0_640x640.jpg,0.0,0
data/UrbanWaste-images-10k-right\year_2018\TMX7316010203-000702\pano_0000_001399_heading112.06_pitch1.10_right90_square_fov90.0_640x640.jpg,0.0,0
data/UrbanWaste-images-10k-right\year_2018\TMX7316010203-000702\pano_0000_001445_heading109.06_pitch-0.20_right90_square_fov90.0_640x640.jpg,0.337121844291687,1
data/UrbanWaste-images-10k-right\year_2018\TMX7316010203-000702\pano_0000_001447_heading109.11_pitch-0.41_right90_square_fov90.0_640x640.jpg,0.3215387463569641,2
data/UrbanWaste-images-10k-right\year_2018\TMX7316010203-000702\pano_0000_001459_heading108.94_pitch0.03_right90_square_fov90.0_640x640.jpg,0.0,0
data/UrbanWaste-images-10k-right\year_2018\TMX7316010203-000702\pano_0000_002520_heading359.56_pitch-0.51_right90_square_fov90.0_640x640.jpg,0.0,0
data/UrbanWaste-images-10k-right\year_2018\TMX7316010203-000702\pano_0000_002542_heading260.02_pitch-0.40_right90_square_fov90.0_640x640.jpg,0.0,0
data/UrbanWaste-images-10k-right\year_2018\TMX7316010203-000702\pano_0000_002604_heading169.02_pitch0.21_right90_square_fov90.0_640x640.jpg,0.29581260681152344,1
data/UrbanWaste-images-10k-right\year_2018\TMX7316010203-000702\pano_0000_002626_heading256.12_pitch0.25_right90_square_fov90.0_640x640.jpg,0.0,0
data/UrbanWaste-images-10k-right\year_2018\TMX7316010203-000702\pano_0000_002654_heading58.81_pitch-1.23_right90_square_fov90.0_640x640.jpg,0.0,0
data/UrbanWaste-images-10k-right\year_2018\TMX7316010203-000702\pano_0000_002728_heading92.40_pitch-1.63_right90_square_fov90.0_640x640.jpg,0.2899501323699951,1
data/UrbanWaste-images-10k-right\year_2018\TMX7316010203-000702\pano_0000_002748_heading350.83_pitch-0.09_right90_square_fov90.0_640x640.jpg,0.3554013669490814,1
data/UrbanWaste-images-10k-right\year_2018\TMX7316010203-000702\pano_0000_002764_heading260.60_pitch-0.13_right90_square_fov90.0_640x640.jpg,0.0,0
data/UrbanWaste-images-10k-right\year_2018\TMX7316010203-000702\pano_0000_002792_heading84.45_pitch0.20_right90_square_fov90.0_640x640.jpg,0.2983487844467163,1
data/UrbanWaste-images-10k-right\year_2018\TMX7316010203-000702\pano_0000_002914_heading271.49_pitch-0.88_right90_square_fov90.0_640x640.jpg,0.3160933554172516,1
data/UrbanWaste-images-10k-right\year_2018\TMX7316010203-000702\pano_0000_002926_heading270.99_pitch-0.55_right90_square_fov90.0_640x640.jpg,0.0,0
data/UrbanWaste-images-10k-right\year_2018\TMX7316010203-000702\pano_0000_003068_heading90.69_pitch-0.65_right90_square_fov90.0_640x640.jpg,0.0,0
data/UrbanWaste-images-10k-right\year_2018\TMX7316010203-000702\pano_0000_003166_heading270.32_pitch0.31_right90_square_fov90.0_640x640.jpg,0.2984790802001953,3
data/UrbanWaste-images-10k-right\year_2018\TMX7316010203-000702\pano_0000_003178_heading100.91_pitch-0.50_right90_square_fov90.0_640x640.jpg,0.0,0
data/UrbanWaste-images-10k-right\year_2018\TMX7316010203-000702\pano_0000_003180_heading94.16_pitch0.21_right90_square_fov90.0_640x640.jpg,0.0,0
data/UrbanWaste-images-10k-right\year_2018\TMX7316010203-000702\pano_0000_003266_heading91.83_pitch0.06_right90_square_fov90.0_640x640.jpg,0.5091161727905273,2
data/UrbanWaste-images-10k-right\year_2018\TMX7316010203-000702\pano_0000_003276_heading90.71_pitch1.17_right90_square_fov90.0_640x640.jpg,0.0,0
data/UrbanWaste-images-10k-right\year_2018\TMX7316010203-000702\pano_0000_003344_heading1.64_pitch-1.27_right90_square_fov90.0_640x640.jpg,0.0,0
data/UrbanWaste-images-10k-right\year_2018\TMX7316010203-000702\pano_0000_003368_heading89.37_pitch0.32_right90_square_fov90.0_640x640.jpg,0.0,0
data/UrbanWaste-images-10k-right\year_2018\TMX7316010203-000702\pano_0000_003412_heading271.11_pitch0.11_right90_square_fov90.0_640x640.jpg,0.2687092423439026,2
data/UrbanWaste-images-10k-right\year_2018\TMX7316010203-000702\pano_0000_003416_heading288.30_pitch-0.67_right90_square_fov90.0_640x640.jpg,0.0,0
data/UrbanWaste-images-10k-right\year_2018\TMX7316010203-000703\pano_0000_000012_heading108.56_pitch-0.68_right90_square_fov90.0_640x640.jpg,0.0,0
data/UrbanWaste-images-10k-right\year_2018\TMX7316010203-000703\pano_0000_000044_heading282.52_pitch-0.35_right90_square_fov90.0_640x640.jpg,0.2574416399002075,1
data/UrbanWaste-images-10k-right\year_2018\TMX7316010203-000703\pano_0000_000148_heading180.50_pitch-1.33_right90_square_fov90.0_640x640.jpg,0.0,0
data/UrbanWaste-images-10k-right\year_2018\TMX7316010203-000703\pano_0000_000166_heading181.97_pitch1.57_right90_square_fov90.0_640x640.jpg,0.30433300137519836,1
data/UrbanWaste-images-10k-right\year_2018\TMX7316010203-000703\pano_0000_000246_heading270.31_pitch-0.04_right90_square_fov90.0_640x640.jpg,0.0,0
data/UrbanWaste-images-10k-right\year_2018\TMX7316010203-000703\pano_0000_000250_heading269.84_pitch-0.47_right90_square_fov90.0_640x640.jpg,0.27620628476142883,1
data/UrbanWaste-images-10k-right\year_2018\TMX7316010203-000703\pano_0000_000290_heading359.26_pitch-2.06_right90_square_fov90.0_640x640.jpg,0.4672906994819641,1
data/UrbanWaste-images-10k-right\year_2018\TMX7316010203-000703\pano_0000_000368_heading107.98_pitch-0.69_right90_square_fov90.0_640x640.jpg,0.4618873596191406,4
data/UrbanWaste-images-10k-right\year_2018\TMX7316010203-000703\pano_0000_000370_heading107.79_pitch-1.04_right90_square_fov90.0_640x640.jpg,0.0,0
data/UrbanWaste-images-10k-right\year_2018\TMX7316010203-000703\pano_0000_000450_heading216.46_pitch0.15_right90_square_fov90.0_640x640.jpg,0.30755847692489624,2
data/UrbanWaste-images-10k-right\year_2018\TMX7316010203-000703\pano_0000_000460_heading108.54_pitch-0.05_right90_square_fov90.0_640x640.jpg,0.5855920314788818,1
data/UrbanWaste-images-10k-right\year_2018\TMX7316010203-000703\pano_0000_000492_heading291.18_pitch0.06_right90_square_fov90.0_640x640.jpg,0.37953048944473267,2
data/UrbanWaste-images-10k-right\year_2018\TMX7316010203-000703\pano_0000_000504_heading286.27_pitch-0.21_right90_square_fov90.0_640x640.jpg,0.44345125555992126,2
data/UrbanWaste-images-10k-right\year_2018\TMX7316010203-000703\pano_0000_000528_heading108.99_pitch-0.43_right90_square_fov90.0_640x640.jpg,0.0,0
data/UrbanWaste-images-10k-right\year_2018\TMX7316010203-000703\pano_0000_000712_heading0.14_pitch1.20_right90_square_fov90.0_640x640.jpg,0.2550462484359741,1
data/UrbanWaste-images-10k-right\year_2018\TMX7316010203-000703\pano_0000_000734_heading90.96_pitch-1.53_right90_square_fov90.0_640x640.jpg,0.0,0
data/UrbanWaste-images-10k-right\year_2018\TMX7316010203-000703\pano_0000_000746_heading269.05_pitch-0.77_right90_square_fov90.0_640x640.jpg,0.2993779182434082,1
data/UrbanWaste-images-10k-right\year_2018\TMX7316010203-000703\pano_0000_000754_heading270.30_pitch-0.08_right90_square_fov90.0_640x640.jpg,0.4593169391155243,3
data/UrbanWaste-images-10k-right\year_2018\TMX7316010203-000703\pano_0000_000762_heading268.49_pitch-0.67_right90_square_fov90.0_640x640.jpg,0.35162651538848877,2
data/UrbanWaste-images-10k-right\year_2018\TMX7316010203-000703\pano_0000_000774_heading271.63_pitch-0.47_right90_square_fov90.0_640x640.jpg,0.0,0
data/UrbanWaste-images-10k-right\year_2018\TMX7316010203-000703\pano_0000_000816_heading232.31_pitch-0.38_right90_square_fov90.0_640x640.jpg,0.0,0
data/UrbanWaste-images-10k-right\year_2018\TMX7316010203-000703\pano_0000_000900_heading53.80_pitch0.43_right90_square_fov90.0_640x640.jpg,0.37595540285110474,1
data/UrbanWaste-images-10k-right\year_2018\TMX7316010203-000703\pano_0000_000956_heading282.43_pitch0.10_right90_square_fov90.0_640x640.jpg,0.0,0
data/UrbanWaste-images-10k-right\year_2018\TMX7316010203-000703\pano_0000_001014_heading178.63_pitch-0.74_right90_square_fov90.0_640x640.jpg,0.0,0
data/UrbanWaste-images-10k-right\year_2018\TMX7316010203-000703\pano_0000_001032_heading341.18_pitch0.08_right90_square_fov90.0_640x640.jpg,0.2626948356628418,1
data/UrbanWaste-images-10k-right\year_2018\TMX7316010203-000703\pano_0000_001038_heading355.56_pitch-0.35_right90_square_fov90.0_640x640.jpg,0.4134926497936249,4
data/UrbanWaste-images-10k-right\year_2018\TMX7316010203-000703\pano_0000_001076_heading91.94_pitch-0.12_right90_square_fov90.0_640x640.jpg,0.0,0
data/UrbanWaste-images-10k-right\year_2018\TMX7316010203-000703\pano_0000_001088_heading110.75_pitch0.17_right90_square_fov90.0_640x640.jpg,0.25612127780914307,1
data/UrbanWaste-images-10k-right\year_2018\TMX7316010203-000703\pano_0000_001247_heading90.94_pitch-0.65_right90_square_fov90.0_640x640.jpg,0.0,0
data/UrbanWaste-images-10k-right\year_2018\TMX7316010203-000703\pano_0000_001257_heading251.38_pitch-0.77_right90_square_fov90.0_640x640.jpg,0.0,0
data/UrbanWaste-images-10k-right\year_2018\TMX7316010203-000703\pano_0000_001357_heading252.03_pitch-0.14_right90_square_fov90.0_640x640.jpg,0.0,0
data/UrbanWaste-images-10k-right\year_2018\TMX7316010203-000703\pano_0000_001379_heading352.16_pitch1.43_right90_square_fov90.0_640x640.jpg,0.571371853351593,1
data/UrbanWaste-images-10k-right\year_2018\TMX7316010203-000703\pano_0000_001395_heading346.32_pitch-0.29_right90_square_fov90.0_640x640.jpg,0.0,0
data/UrbanWaste-images-10k-right\year_2018\TMX7316010203-000703\pano_0000_001405_heading301.60_pitch-0.51_right90_square_fov90.0_640x640.jpg,0.36398494243621826,2
data/UrbanWaste-images-10k-right\year_2018\TMX7316010203-000703\pano_0000_001483_heading55.32_pitch0.27_right90_square_fov90.0_640x640.jpg,0.0,0
data/UrbanWaste-images-10k-right\year_2018\TMX7316010203-000703\pano_0000_001489_heading40.35_pitch-0.32_right90_square_fov90.0_640x640.jpg,0.0,0
data/UrbanWaste-images-10k-right\year_2018\TMX7316010203-000703\pano_0000_001541_heading41.15_pitch-0.09_right90_square_fov90.0_640x640.jpg,0.0,0
data/UrbanWaste-images-10k-right\year_2018\TMX7316010203-000703\pano_0000_001561_heading6.07_pitch0.55_right90_square_fov90.0_640x640.jpg,0.0,0
data/UrbanWaste-images-10k-right\year_2018\TMX7316010203-000703\pano_0000_001616_heading198.25_pitch1.18_right90_square_fov90.0_640x640.jpg,0.0,0
data/UrbanWaste-images-10k-right\year_2018\TMX7316010203-000703\pano_0000_001636_heading145.09_pitch0.39_right90_square_fov90.0_640x640.jpg,0.26500433683395386,1
data/UrbanWaste-images-10k-right\year_2018\TMX7316010203-000703\pano_0000_001784_heading41.35_pitch0.19_right90_square_fov90.0_640x640.jpg,0.30503344535827637,1
data/UrbanWaste-images-10k-right\year_2018\TMX7316010203-000703\pano_0000_001804_heading219.25_pitch-0.44_right90_square_fov90.0_640x640.jpg,0.0,0
data/UrbanWaste-images-10k-right\year_2018\TMX7316010203-000703\pano_0000_001932_heading203.51_pitch-0.27_right90_square_fov90.0_640x640.jpg,0.0,0
data/UrbanWaste-images-10k-right\year_2018\TMX7316010203-000703\pano_0000_001948_heading210.16_pitch-0.87_right90_square_fov90.0_640x640.jpg,0.0,0
data/UrbanWaste-images-10k-right\year_2018\TMX7316010203-000703\pano_0000_002016_heading229.59_pitch-0.80_right90_square_fov90.0_640x640.jpg,0.0,0
data/UrbanWaste-images-10k-right\year_2018\TMX7316010203-000703\pano_0000_002028_heading37.83_pitch-0.73_right90_square_fov90.0_640x640.jpg,0.0,0
data/UrbanWaste-images-10k-right\year_2018\TMX7316010203-000703\pano_0000_002052_heading40.60_pitch-1.59_right90_square_fov90.0_640x640.jpg,0.2822548449039459,1
data/UrbanWaste-images-10k-right\year_2018\TMX7316010203-000703\pano_0000_002116_heading21.97_pitch-0.49_right90_square_fov90.0_640x640.jpg,0.0,0
data/UrbanWaste-images-10k-right\year_2018\TMX7316010203-000703\pano_0000_002152_heading186.18_pitch0.65_right90_square_fov90.0_640x640.jpg,0.0,0
data/UrbanWaste-images-10k-right\year_2018\TMX7316010203-000703\pano_0000_002156_heading304.75_pitch-0.76_right90_square_fov90.0_640x640.jpg,0.3507784307003021,3
data/UrbanWaste-images-10k-right\year_2018\TMX7316010203-000703\pano_0000_002184_heading38.88_pitch-0.71_right90_square_fov90.0_640x640.jpg,0.0,0
data/UrbanWaste-images-10k-right\year_2018\TMX7316010203-000703\pano_0000_002250_heading25.49_pitch-1.35_right90_square_fov90.0_640x640.jpg,0.0,0
data/UrbanWaste-images-10k-right\year_2018\TMX7316010203-000703\pano_0000_002262_heading32.89_pitch-2.37_right90_square_fov90.0_640x640.jpg,0.0,0
data/UrbanWaste-images-10k-right\year_2018\TMX7316010203-000703\pano_0000_002282_heading34.23_pitch-0.42_right90_square_fov90.0_640x640.jpg,0.38490939140319824,3
data/UrbanWaste-images-10k-right\year_2018\TMX7316010203-000703\pano_0000_002318_heading117.27_pitch-3.44_right90_square_fov90.0_640x640.jpg,0.2557842433452606,1
data/UrbanWaste-images-10k-right\year_2018\TMX7316010203-000703\pano_0000_002452_heading37.34_pitch-0.26_right90_square_fov90.0_640x640.jpg,0.0,0
data/UrbanWaste-images-10k-right\year_2018\TMX7316010203-000703\pano_0000_002454_heading175.28_pitch-0.99_right90_square_fov90.0_640x640.jpg,0.0,0
data/UrbanWaste-images-10k-right\year_2018\TMX7316010203-000703\pano_0000_002512_heading125.03_pitch-2.54_right90_square_fov90.0_640x640.jpg,0.0,0
data/UrbanWaste-images-10k-right\year_2018\TMX7316010203-000703\pano_0000_002792_heading107.32_pitch-0.54_right90_square_fov90.0_640x640.jpg,0.34947535395622253,1
data/UrbanWaste-images-10k-right\year_2018\TMX7316010203-000703\pano_0000_002832_heading163.32_pitch-0.78_right90_square_fov90.0_640x640.jpg,0.0,0
data/UrbanWaste-images-10k-right\year_2018\TMX7316010203-000703\pano_0000_002854_heading58.09_pitch-0.21_right90_square_fov90.0_640x640.jpg,0.0,0
data/UrbanWaste-images-10k-right\year_2018\TMX7316010203-000703\pano_0000_002866_heading18.18_pitch-0.95_right90_square_fov90.0_640x640.jpg,0.0,0
data/UrbanWaste-images-10k-right\year_2018\TMX7316010203-000703\pano_0000_002916_heading288.17_pitch-0.23_right90_square_fov90.0_640x640.jpg,0.517444372177124,3
data/UrbanWaste-images-10k-right\year_2018\TMX7316010203-000703\pano_0000_002974_heading288.05_pitch0.21_right90_square_fov90.0_640x640.jpg,0.0,0
data/UrbanWaste-images-10k-right\year_2018\TMX7316010203-000703\pano_0000_003014_heading285.81_pitch-0.75_right90_square_fov90.0_640x640.jpg,0.28644952178001404,1
data/UrbanWaste-images-10k-right\year_2018\TMX7316010203-000703\pano_0000_003016_heading287.94_pitch-1.03_right90_square_fov90.0_640x640.jpg,0.0,0
data/UrbanWaste-images-10k-right\year_2018\TMX7316010203-000703\pano_0000_003028_heading247.23_pitch1.22_right90_square_fov90.0_640x640.jpg,0.0,0
data/UrbanWaste-images-10k-right\year_2018\TMX7316010203-000703\pano_0000_003096_heading288.71_pitch-0.31_right90_square_fov90.0_640x640.jpg,0.0,0
data/UrbanWaste-images-10k-right\year_2018\TMX7316010203-000703\pano_0000_003150_heading185.55_pitch-1.73_right90_square_fov90.0_640x640.jpg,0.0,0
data/UrbanWaste-images-10k-right\year_2018\TMX7316010203-000703\pano_0000_003164_heading108.50_pitch-0.55_right90_square_fov90.0_640x640.jpg,0.3085308074951172,1
data/UrbanWaste-images-10k-right\year_2018\TMX7316010203-000703\pano_0000_003211_heading106.80_pitch-0.36_right90_square_fov90.0_640x640.jpg,0.32539620995521545,3
data/UrbanWaste-images-10k-right\year_2018\TMX7316010203-000703\pano_0000_003215_heading170.84_pitch-1.64_right90_square_fov90.0_640x640.jpg,0.34862470626831055,1
data/UrbanWaste-images-10k-right\year_2018\TMX7316010203-000703\pano_0000_003219_heading198.80_pitch-1.17_right90_square_fov90.0_640x640.jpg,0.0,0
data/UrbanWaste-images-10k-right\year_2018\TMX7316010203-000703\pano_0000_003229_heading287.98_pitch-0.47_right90_square_fov90.0_640x640.jpg,0.0,0
data/UrbanWaste-images-10k-right\year_2018\TMX7316010203-000703\pano_0000_003267_heading288.56_pitch-0.24_right90_square_fov90.0_640x640.jpg,0.2698777914047241,3
data/UrbanWaste-images-10k-right\year_2018\TMX7316010203-000703\pano_0000_003275_heading287.90_pitch-0.68_right90_square_fov90.0_640x640.jpg,0.0,0
data/UrbanWaste-images-10k-right\year_2018\TMX7316010203-000703\pano_0000_003301_heading289.63_pitch-0.40_right90_square_fov90.0_640x640.jpg,0.0,0
data/UrbanWaste-images-10k-right\year_2018\TMX7316010203-000703\pano_0000_003315_heading110.63_pitch-0.37_right90_square_fov90.0_640x640.jpg,0.2632140517234802,1
data/UrbanWaste-images-10k-right\year_2018\TMX7316010203-000703\pano_0000_003317_heading108.41_pitch-0.18_right90_square_fov90.0_640x640.jpg,0.0,0
data/UrbanWaste-images-10k-right\year_2018\TMX7316010203-000703\pano_0000_003319_heading107.59_pitch-0.53_right90_square_fov90.0_640x640.jpg,0.0,0
data/UrbanWaste-images-10k-right\year_2018\TMX7316010203-000703\pano_0000_003331_heading315.04_pitch-0.14_right90_square_fov90.0_640x640.jpg,0.0,0
data/UrbanWaste-images-10k-right\year_2018\TMX7316010203-000703\pano_0000_003433_heading155.58_pitch1.89_right90_square_fov90.0_640x640.jpg,0.0,0
data/UrbanWaste-images-10k-right\year_2018\TMX7316010203-000703\pano_0000_003451_heading156.13_pitch-0.42_right90_square_fov90.0_640x640.jpg,0.25041231513023376,1
data/UrbanWaste-images-10k-right\year_2018\TMX7316010203-000703\pano_0000_003453_heading155.93_pitch-0.47_right90_square_fov90.0_640x640.jpg,0.0,0
data/UrbanWaste-images-10k-right\year_2018\TMX7316010203-000703\pano_0000_003487_heading269.63_pitch-3.95_right90_square_fov90.0_640x640.jpg,0.5334690809249878,1
data/UrbanWaste-images-10k-right\year_2018\TMX7316010203-000703\pano_0000_003529_heading332.40_pitch-0.45_right90_square_fov90.0_640x640.jpg,0.0,0
data/UrbanWaste-images-10k-right\year_2018\TMX7316010203-000703\pano_0000_003545_heading337.20_pitch-0.10_right90_square_fov90.0_640x640.jpg,0.0,0
data/UrbanWaste-images-10k-right\year_2018\TMX7316010203-000703\pano_0000_003557_heading335.29_pitch-0.18_right90_square_fov90.0_640x640.jpg,0.4282730519771576,1
data/UrbanWaste-images-10k-right\year_2018\TMX7316010203-000703\pano_0000_003635_heading107.67_pitch-1.29_right90_square_fov90.0_640x640.jpg,0.0,0
data/UrbanWaste-images-10k-right\year_2018\TMX7316010203-000703\pano_0000_003749_heading106.76_pitch0.00_right90_square_fov90.0_640x640.jpg,0.28344228863716125,2
data/UrbanWaste-images-10k-right\year_2018\TMX7316010203-000703\pano_0000_003771_heading107.17_pitch-2.06_right90_square_fov90.0_640x640.jpg,0.0,0
data/UrbanWaste-images-10k-right\year_2018\TMX7316010203-000703\pano_0000_003779_heading107.42_pitch0.71_right90_square_fov90.0_640x640.jpg,0.597758412361145,2
data/UrbanWaste-images-10k-right\year_2018\TMX7316010203-000703\pano_0000_003787_heading106.03_pitch0.03_right90_square_fov90.0_640x640.jpg,0.6498021483421326,1
data/UrbanWaste-images-10k-right\year_2018\TMX7316010203-000703\pano_0000_003789_heading107.03_pitch-0.04_right90_square_fov90.0_640x640.jpg,0.0,0
data/UrbanWaste-images-10k-right\year_2018\TMX7316010203-000703\pano_0000_003809_heading107.78_pitch-0.23_right90_square_fov90.0_640x640.jpg,0.3716348707675934,5
data/UrbanWaste-images-10k-right\year_2018\TMX7316010203-000703\pano_0000_003819_heading107.77_pitch0.51_right90_square_fov90.0_640x640.jpg,0.5546166300773621,2
data/UrbanWaste-images-10k-right\year_2018\TMX7316010203-000703\pano_0000_003847_heading217.52_pitch-0.41_right90_square_fov90.0_640x640.jpg,0.4574646055698395,1
data/UrbanWaste-images-10k-right\year_2018\TMX7316010203-000703\pano_0000_003877_heading342.20_pitch0.01_right90_square_fov90.0_640x640.jpg,0.0,0
data/UrbanWaste-images-10k-right\year_2018\TMX7316010203-000703\pano_0000_003881_heading341.49_pitch-0.92_right90_square_fov90.0_640x640.jpg,0.3230346441268921,1
data/UrbanWaste-images-10k-right\year_2018\TMX7316010203-000703\pano_0000_003885_heading67.49_pitch-0.90_right90_square_fov90.0_640x640.jpg,0.0,0
data/UrbanWaste-images-10k-right\year_2018\TMX7316010203-000703\pano_0000_003893_heading83.39_pitch-1.15_right90_square_fov90.0_640x640.jpg,0.0,0
data/UrbanWaste-images-10k-right\year_2018\TMX7316010203-000703\pano_0000_003941_heading343.53_pitch-0.17_right90_square_fov90.0_640x640.jpg,0.4727446436882019,1
data/UrbanWaste-images-10k-right\year_2018\TMX7316010203-000703\pano_0000_003963_heading107.60_pitch-0.04_right90_square_fov90.0_640x640.jpg,0.25599491596221924,1
data/UrbanWaste-images-10k-right\year_2018\TMX7316010203-000703\pano_0000_003975_heading106.28_pitch-0.92_right90_square_fov90.0_640x640.jpg,0.3238472044467926,3
data/UrbanWaste-images-10k-right\year_2018\TMX7316010203-000703\pano_0000_004019_heading341.04_pitch1.64_right90_square_fov90.0_640x640.jpg,0.2658309042453766,1
data/UrbanWaste-images-10k-right\year_2018\TMX7316010203-000703\pano_0000_004037_heading342.19_pitch1.05_right90_square_fov90.0_640x640.jpg,0.0,0
data/UrbanWaste-images-10k-right\year_2018\TMX7316010203-000703\pano_0000_004083_heading218.89_pitch-0.75_right90_square_fov90.0_640x640.jpg,0.3107168972492218,1
data/UrbanWaste-images-10k-right\year_2018\TMX7316010203-000703\pano_0000_004085_heading219.10_pitch-0.67_right90_square_fov90.0_640x640.jpg,0.5075352191925049,1
data/UrbanWaste-images-10k-right\year_2018\TMX7316010203-000703\pano_0000_004215_heading219.05_pitch0.21_right90_square_fov90.0_640x640.jpg,0.3105861246585846,1
data/UrbanWaste-images-10k-right\year_2018\TMX7316010203-000703\pano_0000_004229_heading130.09_pitch-0.24_right90_square_fov90.0_640x640.jpg,0.0,0
data/UrbanWaste-images-10k-right\year_2018\TMX7316010203-000703\pano_0000_004271_heading42.65_pitch-0.35_right90_square_fov90.0_640x640.jpg,0.30960962176322937,1
data/UrbanWaste-images-10k-right\year_2018\TMX7316010203-000703\pano_0000_004321_heading6.86_pitch-0.15_right90_square_fov90.0_640x640.jpg,0.0,0
data/UrbanWaste-images-10k-right\year_2018\TMX7316010203-000703\pano_0000_004327_heading310.35_pitch-0.18_right90_square_fov90.0_640x640.jpg,0.0,0
data/UrbanWaste-images-10k-right\year_2018\TMX7316010203-000703\pano_0000_004407_heading218.58_pitch-2.88_right90_square_fov90.0_640x640.jpg,0.30654647946357727,1
data/UrbanWaste-images-10k-right\year_2018\TMX7316010203-000703\pano_0000_004435_heading219.04_pitch-0.23_right90_square_fov90.0_640x640.jpg,0.34338662028312683,2
data/UrbanWaste-images-10k-right\year_2018\TMX7316010203-000703\pano_0000_004447_heading344.35_pitch1.46_right90_square_fov90.0_640x640.jpg,0.2793170213699341,1
data/UrbanWaste-images-10k-right\year_2018\TMX7316010203-000703\pano_0000_004597_heading342.19_pitch-0.21_right90_square_fov90.0_640x640.jpg,0.27107635140419006,1
data/UrbanWaste-images-10k-right\year_2018\TMX7316010203-000703\pano_0000_004627_heading342.94_pitch-0.24_right90_square_fov90.0_640x640.jpg,0.0,0
data/UrbanWaste-images-10k-right\year_2018\TMX7316010203-000703\pano_0000_004695_heading162.80_pitch-0.70_right90_square_fov90.0_640x640.jpg,0.5024877190589905,1
data/UrbanWaste-images-10k-right\year_2018\TMX7316010203-000703\pano_0000_004709_heading164.09_pitch-0.45_right90_square_fov90.0_640x640.jpg,0.0,0
data/UrbanWaste-images-10k-right\year_2018\TMX7316010203-000703\pano_0000_004711_heading163.63_pitch-0.55_right90_square_fov90.0_640x640.jpg,0.3339967131614685,1
data/UrbanWaste-images-10k-right\year_2018\TMX7316010203-000703\pano_0000_004713_heading162.48_pitch2.05_right90_square_fov90.0_640x640.jpg,0.3033168911933899,2
data/UrbanWaste-images-10k-right\year_2018\TMX7316010203-000703\pano_0000_004793_heading343.20_pitch-0.60_right90_square_fov90.0_640x640.jpg,0.40540942549705505,3
data/UrbanWaste-images-10k-right\year_2018\TMX7316010203-000703\pano_0000_004801_heading343.34_pitch-1.12_right90_square_fov90.0_640x640.jpg,0.30076125264167786,1
data/UrbanWaste-images-10k-right\year_2018\TMX7316010203-000703\pano_0000_004809_heading343.07_pitch-0.28_right90_square_fov90.0_640x640.jpg,0.0,0
data/UrbanWaste-images-10k-right\year_2018\TMX7316010203-000703\pano_0000_004819_heading253.97_pitch-0.94_right90_square_fov90.0_640x640.jpg,0.0,0
data/UrbanWaste-images-10k-right\year_2018\TMX7316010203-000703\pano_0000_004829_heading253.76_pitch-0.17_right90_square_fov90.0_640x640.jpg,0.0,0
data/UrbanWaste-images-10k-right\year_2018\TMX7316010203-000703\pano_0000_004879_heading339.13_pitch-0.32_right90_square_fov90.0_640x640.jpg,0.0,0
data/UrbanWaste-images-10k-right\year_2018\TMX7316010203-000703\pano_0000_004899_heading335.92_pitch-0.73_right90_square_fov90.0_640x640.jpg,0.0,0
data/UrbanWaste-images-10k-right\year_2018\TMX7316010203-000703\pano_0000_004917_heading108.15_pitch-0.18_right90_square_fov90.0_640x640.jpg,0.0,0
data/UrbanWaste-images-10k-right\year_2018\TMX7316010203-000703\pano_0000_005007_heading348.74_pitch-0.33_right90_square_fov90.0_640x640.jpg,0.25250834226608276,1
data/UrbanWaste-images-10k-right\year_2018\TMX7316010203-000703\pano_0000_005031_heading68.67_pitch-0.29_right90_square_fov90.0_640x640.jpg,0.44358891248703003,2
data/UrbanWaste-images-10k-right\year_2018\TMX7316010203-000703\pano_0000_005155_heading309.94_pitch-0.08_right90_square_fov90.0_640x640.jpg,0.0,0
data/UrbanWaste-images-10k-right\year_2018\TMX7316010203-000703\pano_0000_005183_heading339.94_pitch0.02_right90_square_fov90.0_640x640.jpg,0.0,0
data/UrbanWaste-images-10k-right\year_2018\TMX7316010203-000703\pano_0000_005185_heading341.08_pitch0.66_right90_square_fov90.0_640x640.jpg,0.2610546946525574,1
data/UrbanWaste-images-10k-right\year_2018\TMX7316010203-000703\pano_0000_005187_heading340.00_pitch-0.51_right90_square_fov90.0_640x640.jpg,0.26847606897354126,1
data/UrbanWaste-images-10k-right\year_2018\TMX7316010203-000703\pano_0000_005297_heading72.96_pitch-0.98_right90_square_fov90.0_640x640.jpg,0.0,0
data/UrbanWaste-images-10k-right\year_2018\TMX7316010203-000703\pano_0000_005349_heading247.53_pitch-0.42_right90_square_fov90.0_640x640.jpg,0.0,0
data/UrbanWaste-images-10k-right\year_2018\TMX7316010203-000703\pano_0000_005365_heading158.72_pitch-0.58_right90_square_fov90.0_640x640.jpg,0.0,0
data/UrbanWaste-images-10k-right\year_2018\TMX7316010203-000703\pano_0000_005369_heading158.92_pitch-0.25_right90_square_fov90.0_640x640.jpg,0.0,0
data/UrbanWaste-images-10k-right\year_2018\TMX7316010203-000703\pano_0000_005411_heading116.05_pitch-0.61_right90_square_fov90.0_640x640.jpg,0.0,0
data/UrbanWaste-images-10k-right\year_2018\TMX7316010203-000703\pano_0000_005451_heading296.52_pitch-0.37_right90_square_fov90.0_640x640.jpg,0.0,0
data/UrbanWaste-images-10k-right\year_2018\TMX7316010203-000703\pano_0000_005481_heading339.78_pitch-0.32_right90_square_fov90.0_640x640.jpg,0.0,0
data/UrbanWaste-images-10k-right\year_2018\TMX7316010203-000703\pano_0000_005555_heading342.10_pitch-0.28_right90_square_fov90.0_640x640.jpg,0.2930853068828583,1
data/UrbanWaste-images-10k-right\year_2018\TMX7316010203-000703\pano_0000_005593_heading159.69_pitch-0.17_right90_square_fov90.0_640x640.jpg,0.0,0
data/UrbanWaste-images-10k-right\year_2018\TMX7316010203-000703\pano_0000_005637_heading159.28_pitch0.26_right90_square_fov90.0_640x640.jpg,0.28567221760749817,1
data/UrbanWaste-images-10k-right\year_2018\TMX7316010203-000703\pano_0000_005651_heading157.80_pitch-1.90_right90_square_fov90.0_640x640.jpg,0.0,0
data/UrbanWaste-images-10k-right\year_2018\TMX7316010203-000703\pano_0000_005657_heading157.33_pitch-0.16_right90_square_fov90.0_640x640.jpg,0.0,0
data/UrbanWaste-images-10k-right\year_2018\TMX7316010203-000703\pano_0000_005685_heading296.27_pitch-1.94_right90_square_fov90.0_640x640.jpg,0.7346888780593872,2
data/UrbanWaste-images-10k-right\year_2018\TMX7316010203-000703\pano_0000_005777_heading337.66_pitch-0.12_right90_square_fov90.0_640x640.jpg,0.0,0
data/UrbanWaste-images-10k-right\year_2018\TMX7316010203-000703\pano_0000_005779_heading336.25_pitch-0.43_right90_square_fov90.0_640x640.jpg,0.27503833174705505,2
data/UrbanWaste-images-10k-right\year_2018\TMX7316010203-000703\pano_0000_005835_heading336.79_pitch-0.42_right90_square_fov90.0_640x640.jpg,0.2501506507396698,1
data/UrbanWaste-images-10k-right\year_2018\TMX7316010203-000703\pano_0000_005845_heading336.96_pitch-0.66_right90_square_fov90.0_640x640.jpg,0.3735113739967346,1
data/UrbanWaste-images-10k-right\year_2018\TMX7316010203-000703\pano_0000_005927_heading157.38_pitch-0.04_right90_square_fov90.0_640x640.jpg,0.30739715695381165,1
data/UrbanWaste-images-10k-right\year_2018\TMX7316010203-000703\pano_0000_005997_heading338.01_pitch-0.60_right90_square_fov90.0_640x640.jpg,0.7233121395111084,1
data/UrbanWaste-images-10k-right\year_2018\TMX7316010203-000703\pano_0000_006005_heading337.03_pitch-3.17_right90_square_fov90.0_640x640.jpg,0.0,0
data/UrbanWaste-images-10k-right\year_2018\TMX7316010203-000703\pano_0000_006009_heading67.16_pitch0.71_right90_square_fov90.0_640x640.jpg,0.2670292258262634,1
data/UrbanWaste-images-10k-right\year_2018\TMX7316010203-000703\pano_0000_006029_heading339.15_pitch1.84_right90_square_fov90.0_640x640.jpg,0.29345595836639404,2
data/UrbanWaste-images-10k-right\year_2018\TMX7316010203-000703\pano_0000_006151_heading247.39_pitch-0.38_right90_square_fov90.0_640x640.jpg,0.6347990036010742,1
data/UrbanWaste-images-10k-right\year_2018\TMX7316010203-000703\pano_0000_006161_heading340.07_pitch-0.39_right90_square_fov90.0_640x640.jpg,0.37198981642723083,3
data/UrbanWaste-images-10k-right\year_2018\TMX7316010203-000703\pano_0000_006175_heading332.09_pitch0.03_right90_square_fov90.0_640x640.jpg,0.6397079229354858,1
data/UrbanWaste-images-10k-right\year_2018\TMX7316010203-000703\pano_0000_006201_heading337.77_pitch3.63_right90_square_fov90.0_640x640.jpg,0.697145938873291,1
data/UrbanWaste-images-10k-right\year_2018\TMX7316010203-000703\pano_0000_006253_heading336.85_pitch-0.54_right90_square_fov90.0_640x640.jpg,0.3296932280063629,5
data/UrbanWaste-images-10k-right\year_2018\TMX7316010203-000703\pano_0000_006265_heading107.74_pitch0.15_right90_square_fov90.0_640x640.jpg,0.0,0
data/UrbanWaste-images-10k-right\year_2018\TMX7316010203-000703\pano_0000_006273_heading107.66_pitch-0.56_right90_square_fov90.0_640x640.jpg,0.27621081471443176,2
data/UrbanWaste-images-10k-right\year_2018\TMX7316010203-000703\pano_0000_006295_heading158.66_pitch-1.11_right90_square_fov90.0_640x640.jpg,0.28487876057624817,1
data/UrbanWaste-images-10k-right\year_2018\TMX7316010203-000703\pano_0000_006339_heading248.35_pitch-0.80_right90_square_fov90.0_640x640.jpg,0.0,0
data/UrbanWaste-images-10k-right\year_2018\TMX7316010203-000703\pano_0000_006345_heading286.46_pitch0.08_right90_square_fov90.0_640x640.jpg,0.4632440209388733,2
data/UrbanWaste-images-10k-right\year_2018\TMX7316010203-000703\pano_0000_006349_heading337.68_pitch-1.02_right90_square_fov90.0_640x640.jpg,0.33308279514312744,3
data/UrbanWaste-images-10k-right\year_2018\TMX7316010203-000703\pano_0000_006363_heading336.68_pitch-0.64_right90_square_fov90.0_640x640.jpg,0.0,0
data/UrbanWaste-images-10k-right\year_2018\TMX7316010203-000703\pano_0000_006399_heading107.15_pitch0.12_right90_square_fov90.0_640x640.jpg,0.2712595462799072,1
data/UrbanWaste-images-10k-right\year_2018\TMX7316010203-000703\pano_0000_006403_heading107.93_pitch-0.22_right90_square_fov90.0_640x640.jpg,0.27866053581237793,2
data/UrbanWaste-images-10k-right\year_2018\TMX7316010203-000703\pano_0000_006643_heading343.40_pitch-0.48_right90_square_fov90.0_640x640.jpg,0.3794572055339813,5
data/UrbanWaste-images-10k-right\year_2018\TMX7316010203-000703\pano_0000_006649_heading343.44_pitch0.11_right90_square_fov90.0_640x640.jpg,0.37492313981056213,1
data/UrbanWaste-images-10k-right\year_2018\TMX7316010203-000703\pano_0000_006681_heading342.87_pitch-0.23_right90_square_fov90.0_640x640.jpg,0.0,0
data/UrbanWaste-images-10k-right\year_2018\TMX7316010203-000703\pano_0000_006747_heading170.03_pitch-0.07_right90_square_fov90.0_640x640.jpg,0.31266552209854126,1
data/UrbanWaste-images-10k-right\year_2018\TMX7316010203-000703\pano_0000_006775_heading163.11_pitch-1.01_right90_square_fov90.0_640x640.jpg,0.0,0
data/UrbanWaste-images-10k-right\year_2018\TMX7316010203-000703\pano_0000_006787_heading208.79_pitch-0.04_right90_square_fov90.0_640x640.jpg,0.32561635971069336,2
data/UrbanWaste-images-10k-right\year_2018\TMX7316010203-000703\pano_0000_006809_heading297.21_pitch1.49_right90_square_fov90.0_640x640.jpg,0.5343952775001526,5
data/UrbanWaste-images-10k-right\year_2018\TMX7316010203-000703\pano_0000_006839_heading297.70_pitch-0.41_right90_square_fov90.0_640x640.jpg,0.0,0
data/UrbanWaste-images-10k-right\year_2018\TMX7316010203-000703\pano_0000_006843_heading298.66_pitch-0.36_right90_square_fov90.0_640x640.jpg,0.0,0
data/UrbanWaste-images-10k-right\year_2018\TMX7316010203-000703\pano_0000_006869_heading295.93_pitch2.34_right90_square_fov90.0_640x640.jpg,0.0,0
data/UrbanWaste-images-10k-right\year_2018\TMX7316010203-000703\pano_0000_006893_heading296.02_pitch-0.70_right90_square_fov90.0_640x640.jpg,0.3171375095844269,1
data/UrbanWaste-images-10k-right\year_2018\TMX7316010203-000703\pano_0000_006915_heading295.66_pitch-2.34_right90_square_fov90.0_640x640.jpg,0.0,0
data/UrbanWaste-images-10k-right\year_2018\TMX7316010203-000703\pano_0000_006923_heading339.09_pitch-0.07_right90_square_fov90.0_640x640.jpg,0.0,0
data/UrbanWaste-images-10k-right\year_2018\TMX7316010203-000703\pano_0000_006927_heading337.60_pitch-0.07_right90_square_fov90.0_640x640.jpg,0.0,0
data/UrbanWaste-images-10k-right\year_2018\TMX7316010203-000703\pano_0000_006949_heading336.77_pitch-0.41_right90_square_fov90.0_640x640.jpg,0.2762724459171295,1
data/UrbanWaste-images-10k-right\year_2018\TMX7316010203-000703\pano_0000_006961_heading336.63_pitch-0.00_right90_square_fov90.0_640x640.jpg,0.0,0
data/UrbanWaste-images-10k-right\year_2018\TMX7316010203-000703\pano_0000_007011_heading336.38_pitch-0.34_right90_square_fov90.0_640x640.jpg,0.0,0
data/UrbanWaste-images-10k-right\year_2018\TMX7316010203-000703\pano_0000_007085_heading158.10_pitch-0.44_right90_square_fov90.0_640x640.jpg,0.0,0
data/UrbanWaste-images-10k-right\year_2018\TMX7316010203-000703\pano_0000_007113_heading156.87_pitch-0.28_right90_square_fov90.0_640x640.jpg,0.4157145023345947,2
data/UrbanWaste-images-10k-right\year_2018\TMX7316010203-000703\pano_0000_007149_heading299.46_pitch-1.98_right90_square_fov90.0_640x640.jpg,0.0,0
data/UrbanWaste-images-10k-right\year_2018\TMX7316010203-000703\pano_0000_007153_heading343.02_pitch0.72_right90_square_fov90.0_640x640.jpg,0.0,0
data/UrbanWaste-images-10k-right\year_2018\TMX7316010203-000703\pano_0000_007207_heading336.42_pitch-1.83_right90_square_fov90.0_640x640.jpg,0.3027939200401306,1
data/UrbanWaste-images-10k-right\year_2018\TMX7316010203-000703\pano_0000_007215_heading336.40_pitch2.15_right90_square_fov90.0_640x640.jpg,0.34197935461997986,1
data/UrbanWaste-images-10k-right\year_2018\TMX7316010203-000703\pano_0000_007257_heading156.84_pitch-0.48_right90_square_fov90.0_640x640.jpg,0.0,0
data/UrbanWaste-images-10k-right\year_2018\TMX7316010203-000703\pano_0000_007263_heading156.73_pitch-0.64_right90_square_fov90.0_640x640.jpg,0.0,0
data/UrbanWaste-images-10k-right\year_2018\TMX7316010203-000703\pano_0000_007267_heading156.26_pitch-0.11_right90_square_fov90.0_640x640.jpg,0.0,0
data/UrbanWaste-images-10k-right\year_2018\TMX7316010203-000703\pano_0000_007273_heading155.22_pitch-0.51_right90_square_fov90.0_640x640.jpg,0.0,0
data/UrbanWaste-images-10k-right\year_2018\TMX7316010203-000703\pano_0000_007319_heading156.69_pitch-1.42_right90_square_fov90.0_640x640.jpg,0.378900408744812,2
data/UrbanWaste-images-10k-right\year_2018\TMX7316010203-000703\pano_0000_007323_heading156.20_pitch-0.15_right90_square_fov90.0_640x640.jpg,0.43483638763427734,2
data/UrbanWaste-images-10k-right\year_2018\TMX7316010203-000703\pano_0000_007333_heading154.60_pitch-3.45_right90_square_fov90.0_640x640.jpg,0.0,0
data/UrbanWaste-images-10k-right\year_2018\TMX7316010203-000703\pano_0000_007403_heading334.05_pitch-0.50_right90_square_fov90.0_640x640.jpg,0.31236231327056885,1
data/UrbanWaste-images-10k-right\year_2018\TMX7316010203-000703\pano_0000_007457_heading335.21_pitch1.42_right90_square_fov90.0_640x640.jpg,0.25167858600616455,1
data/UrbanWaste-images-10k-right\year_2018\TMX7316010203-000703\pano_0000_007477_heading242.59_pitch-0.65_right90_square_fov90.0_640x640.jpg,0.0,0
data/UrbanWaste-images-10k-right\year_2018\TMX7316010203-000703\pano_0000_007501_heading243.60_pitch-1.22_right90_square_fov90.0_640x640.jpg,0.0,0
data/UrbanWaste-images-10k-right\year_2018\TMX7316010203-000703\pano_0000_007511_heading244.87_pitch0.95_right90_square_fov90.0_640x640.jpg,0.2874031066894531,1
data/UrbanWaste-images-10k-right\year_2018\TMX7316010203-000703\pano_0000_007517_heading248.41_pitch0.87_right90_square_fov90.0_640x640.jpg,0.33463871479034424,1
data/UrbanWaste-images-10k-right\year_2018\TMX7316010203-000703\pano_0000_007585_heading243.58_pitch-0.37_right90_square_fov90.0_640x640.jpg,0.0,0
data/UrbanWaste-images-10k-right\year_2018\TMX7316010203-000703\pano_0000_007605_heading248.94_pitch-0.44_right90_square_fov90.0_640x640.jpg,0.2889106571674347,1
data/UrbanWaste-images-10k-right\year_2018\TMX7316010203-000703\pano_0000_007667_heading229.69_pitch0.63_right90_square_fov90.0_640x640.jpg,0.3077619969844818,2
data/UrbanWaste-images-10k-right\year_2018\TMX7316010203-000703\pano_0000_007675_heading190.22_pitch-0.18_right90_square_fov90.0_640x640.jpg,0.0,0
data/UrbanWaste-images-10k-right\year_2018\TMX7316010203-000703\pano_0000_007823_heading195.57_pitch-0.32_right90_square_fov90.0_640x640.jpg,0.28183746337890625,1
data/UrbanWaste-images-10k-right\year_2018\TMX7316010203-000703\pano_0000_007889_heading181.58_pitch-0.27_right90_square_fov90.0_640x640.jpg,0.0,0
data/UrbanWaste-images-10k-right\year_2018\TMX7316010203-000703\pano_0000_007901_heading181.26_pitch-0.06_right90_square_fov90.0_640x640.jpg,0.39409202337265015,1
data/UrbanWaste-images-10k-right\year_2018\TMX7316010203-000703\pano_0000_007945_heading163.35_pitch-0.71_right90_square_fov90.0_640x640.jpg,0.0,0
data/UrbanWaste-images-10k-right\year_2018\TMX7316010203-000703\pano_0000_007971_heading163.32_pitch-0.29_right90_square_fov90.0_640x640.jpg,0.0,0
data/UrbanWaste-images-10k-right\year_2018\TMX7316010203-000703\pano_0000_007993_heading160.64_pitch-0.96_right90_square_fov90.0_640x640.jpg,0.29028570652008057,1
data/UrbanWaste-images-10k-right\year_2018\TMX7316010203-000703\pano_0000_008049_heading157.35_pitch0.62_right90_square_fov90.0_640x640.jpg,0.0,0
data/UrbanWaste-images-10k-right\year_2018\TMX7316010203-000703\pano_0000_008051_heading157.11_pitch0.50_right90_square_fov90.0_640x640.jpg,0.0,0
data/UrbanWaste-images-10k-right\year_2018\TMX7316010203-000703\pano_0000_008089_heading66.79_pitch-0.17_right90_square_fov90.0_640x640.jpg,0.0,0
data/UrbanWaste-images-10k-right\year_2018\TMX7316010203-000703\pano_0000_008105_heading179.00_pitch4.14_right90_square_fov90.0_640x640.jpg,0.0,0
data/UrbanWaste-images-10k-right\year_2018\TMX7316010203-000703\pano_0000_008109_heading247.30_pitch-1.06_right90_square_fov90.0_640x640.jpg,0.0,0
data/UrbanWaste-images-10k-right\year_2018\TMX7316010203-000703\pano_0000_008115_heading247.98_pitch-0.09_right90_square_fov90.0_640x640.jpg,0.0,0
data/UrbanWaste-images-10k-right\year_2018\TMX7316010203-000703\pano_0000_008117_heading235.22_pitch-0.99_right90_square_fov90.0_640x640.jpg,0.0,0
data/UrbanWaste-images-10k-right\year_2018\TMX7316010203-000703\pano_0000_008129_heading158.20_pitch-0.33_right90_square_fov90.0_640x640.jpg,0.0,0
data/UrbanWaste-images-10k-right\year_2018\TMX7316010203-000703\pano_0000_008155_heading158.70_pitch-0.51_right90_square_fov90.0_640x640.jpg,0.0,0
data/UrbanWaste-images-10k-right\year_2018\TMX7316010203-000703\pano_0000_008179_heading93.59_pitch1.28_right90_square_fov90.0_640x640.jpg,0.0,0
data/UrbanWaste-images-10k-right\year_2018\TMX7316010203-000704\pano_0000_000039_heading245.55_pitch2.85_right90_square_fov90.0_640x640.jpg,0.0,0
data/UrbanWaste-images-10k-right\year_2018\TMX7316010203-000704\pano_0000_000058_heading153.17_pitch-0.69_right90_square_fov90.0_640x640.jpg,0.0,0
data/UrbanWaste-images-10k-right\year_2018\TMX7316010203-000704\pano_0000_000078_heading154.29_pitch-2.02_right90_square_fov90.0_640x640.jpg,0.0,0
data/UrbanWaste-images-10k-right\year_2018\TMX7316010203-000704\pano_0000_000152_heading296.25_pitch1.23_right90_square_fov90.0_640x640.jpg,0.3303925395011902,1
data/UrbanWaste-images-10k-right\year_2018\TMX7316010203-000704\pano_0000_000231_heading334.31_pitch-0.77_right90_square_fov90.0_640x640.jpg,0.0,0
data/UrbanWaste-images-10k-right\year_2018\TMX7316010203-000704\pano_0000_000314_heading338.27_pitch-1.28_right90_square_fov90.0_640x640.jpg,0.0,0
data/UrbanWaste-images-10k-right\year_2018\TMX7316010203-000704\pano_0000_000340_heading98.38_pitch-0.44_right90_square_fov90.0_640x640.jpg,0.0,0
data/UrbanWaste-images-10k-right\year_2018\TMX7316010203-000704\pano_0000_000414_heading156.24_pitch-0.73_right90_square_fov90.0_640x640.jpg,0.3246704936027527,1
data/UrbanWaste-images-10k-right\year_2018\TMX7316010203-000704\pano_0000_000426_heading156.52_pitch-0.31_right90_square_fov90.0_640x640.jpg,0.0,0
data/UrbanWaste-images-10k-right\year_2018\TMX7316010203-000704\pano_0000_000452_heading245.14_pitch-6.40_right90_square_fov90.0_640x640.jpg,0.0,0
data/UrbanWaste-images-10k-right\year_2018\TMX7316010203-000704\pano_0000_000478_heading156.07_pitch-2.01_right90_square_fov90.0_640x640.jpg,0.3204437494277954,2
data/UrbanWaste-images-10k-right\year_2018\TMX7316010203-000704\pano_0000_000530_heading336.45_pitch-0.53_right90_square_fov90.0_640x640.jpg,0.38055819272994995,3
data/UrbanWaste-images-10k-right\year_2018\TMX7316010203-000704\pano_0000_000554_heading157.63_pitch0.00_right90_square_fov90.0_640x640.jpg,0.0,0
data/UrbanWaste-images-10k-right\year_2018\TMX7316010203-000704\pano_0000_000639_heading339.33_pitch-0.56_right90_square_fov90.0_640x640.jpg,0.0,0
data/UrbanWaste-images-10k-right\year_2018\TMX7316010203-000704\pano_0000_000671_heading65.95_pitch-0.41_right90_square_fov90.0_640x640.jpg,0.49636563658714294,1
data/UrbanWaste-images-10k-right\year_2018\TMX7316010203-000704\pano_0000_000677_heading144.89_pitch-1.17_right90_square_fov90.0_640x640.jpg,0.0,0
data/UrbanWaste-images-10k-right\year_2018\TMX7316010203-000704\pano_0000_000697_heading165.23_pitch0.23_right90_square_fov90.0_640x640.jpg,0.3736116290092468,1
data/UrbanWaste-images-10k-right\year_2018\TMX7316010203-000704\pano_0000_000723_heading159.21_pitch-0.29_right90_square_fov90.0_640x640.jpg,0.0,0
data/UrbanWaste-images-10k-right\year_2018\TMX7316010203-000704\pano_0000_000727_heading160.39_pitch-0.73_right90_square_fov90.0_640x640.jpg,0.0,0
data/UrbanWaste-images-10k-right\year_2018\TMX7316010203-000704\pano_0000_000753_heading159.60_pitch3.20_right90_square_fov90.0_640x640.jpg,0.0,0
data/UrbanWaste-images-10k-right\year_2018\TMX7316010203-000704\pano_0000_000769_heading73.47_pitch-1.13_right90_square_fov90.0_640x640.jpg,0.0,0
data/UrbanWaste-images-10k-right\year_2018\TMX7316010203-000704\pano_0000_000838_heading253.27_pitch-0.87_right90_square_fov90.0_640x640.jpg,0.255947470664978,1
data/UrbanWaste-images-10k-right\year_2018\TMX7316010203-000704\pano_0000_000840_heading253.16_pitch-0.40_right90_square_fov90.0_640x640.jpg,0.25115707516670227,1
data/UrbanWaste-images-10k-right\year_2018\TMX7316010203-000704\pano_0000_000885_heading344.43_pitch-0.80_right90_square_fov90.0_640x640.jpg,0.0,0
data/UrbanWaste-images-10k-right\year_2018\TMX7316010203-000704\pano_0000_000895_heading342.37_pitch0.08_right90_square_fov90.0_640x640.jpg,0.0,0
data/UrbanWaste-images-10k-right\year_2018\TMX7316010203-000704\pano_0000_000917_heading153.43_pitch0.57_right90_square_fov90.0_640x640.jpg,0.0,0
data/UrbanWaste-images-10k-right\year_2018\TMX7316010203-000704\pano_0000_000959_heading161.79_pitch0.05_right90_square_fov90.0_640x640.jpg,0.32809433341026306,1
data/UrbanWaste-images-10k-right\year_2018\TMX7316010203-000704\pano_0000_000961_heading162.67_pitch0.01_right90_square_fov90.0_640x640.jpg,0.28593331575393677,2
data/UrbanWaste-images-10k-right\year_2018\TMX7316010203-000704\pano_0000_000993_heading72.28_pitch-0.49_right90_square_fov90.0_640x640.jpg,0.4096677601337433,4
data/UrbanWaste-images-10k-right\year_2018\TMX7316010203-000704\pano_0000_001069_heading162.98_pitch-0.72_right90_square_fov90.0_640x640.jpg,0.0,0
data/UrbanWaste-images-10k-right\year_2018\TMX7316010203-000704\pano_0000_001103_heading219.04_pitch1.20_right90_square_fov90.0_640x640.jpg,0.4067574739456177,5
data/UrbanWaste-images-10k-right\year_2018\TMX7316010203-000704\pano_0000_001109_heading219.71_pitch-0.04_right90_square_fov90.0_640x640.jpg,0.2754775583744049,1
data/UrbanWaste-images-10k-right\year_2018\TMX7316010203-000704\pano_0000_001127_heading218.94_pitch-1.63_right90_square_fov90.0_640x640.jpg,0.5686550140380859,1
data/UrbanWaste-images-10k-right\year_2018\TMX7316010203-000704\pano_0000_001191_heading117.03_pitch-0.02_right90_square_fov90.0_640x640.jpg,0.0,0
data/UrbanWaste-images-10k-right\year_2018\TMX7316010203-000704\pano_0000_001426_heading216.31_pitch-0.57_right90_square_fov90.0_640x640.jpg,0.30720481276512146,3
data/UrbanWaste-images-10k-right\year_2018\TMX7316010203-000704\pano_0000_001486_heading316.03_pitch-0.99_right90_square_fov90.0_640x640.jpg,0.6735824942588806,3
data/UrbanWaste-images-10k-right\year_2018\TMX7316010203-000704\pano_0000_001498_heading16.31_pitch-0.16_right90_square_fov90.0_640x640.jpg,0.0,0
data/UrbanWaste-images-10k-right\year_2018\TMX7316010203-000704\pano_0000_001506_heading12.27_pitch-2.25_right90_square_fov90.0_640x640.jpg,0.2911044955253601,2
data/UrbanWaste-images-10k-right\year_2018\TMX7316010203-000704\pano_0000_001595_heading115.84_pitch0.06_right90_square_fov90.0_640x640.jpg,0.0,0
data/UrbanWaste-images-10k-right\year_2018\TMX7316010203-000704\pano_0000_001613_heading220.27_pitch-0.79_right90_square_fov90.0_640x640.jpg,0.3670268952846527,1
data/UrbanWaste-images-10k-right\year_2018\TMX7316010203-000704\pano_0000_001637_heading296.29_pitch-0.31_right90_square_fov90.0_640x640.jpg,0.255981981754303,1
data/UrbanWaste-images-10k-right\year_2018\TMX7316010203-000704\pano_0000_001732_heading303.13_pitch1.68_right90_square_fov90.0_640x640.jpg,0.0,0
data/UrbanWaste-images-10k-right\year_2018\TMX7316010203-000704\pano_0000_001742_heading298.36_pitch6.77_right90_square_fov90.0_640x640.jpg,0.28017207980155945,2
data/UrbanWaste-images-10k-right\year_2018\TMX7316010203-000704\pano_0000_001748_heading295.85_pitch0.36_right90_square_fov90.0_640x640.jpg,0.2531764805316925,1
data/UrbanWaste-images-10k-right\year_2018\TMX7316010203-000704\pano_0000_001768_heading16.74_pitch1.22_right90_square_fov90.0_640x640.jpg,0.0,0
data/UrbanWaste-images-10k-right\year_2018\TMX7316010203-000704\pano_0000_001826_heading116.20_pitch-2.52_right90_square_fov90.0_640x640.jpg,0.3043128252029419,1
data/UrbanWaste-images-10k-right\year_2018\TMX7316010203-000704\pano_0000_001874_heading38.97_pitch0.19_right90_square_fov90.0_640x640.jpg,0.3225233256816864,2
data/UrbanWaste-images-10k-right\year_2018\TMX7316010203-000704\pano_0000_001936_heading38.78_pitch-0.19_right90_square_fov90.0_640x640.jpg,0.0,0
data/UrbanWaste-images-10k-right\year_2018\TMX7316010203-000704\pano_0000_001952_heading38.52_pitch-0.09_right90_square_fov90.0_640x640.jpg,0.26014596223831177,2
data/UrbanWaste-images-10k-right\year_2018\TMX7316010203-000704\pano_0000_001972_heading219.02_pitch-0.50_right90_square_fov90.0_640x640.jpg,0.0,0
data/UrbanWaste-images-10k-right\year_2018\TMX7316010203-000704\pano_0000_002000_heading290.20_pitch-0.65_right90_square_fov90.0_640x640.jpg,0.0,0
data/UrbanWaste-images-10k-right\year_2018\TMX7316010203-000704\pano_0000_002045_heading38.96_pitch-0.35_right90_square_fov90.0_640x640.jpg,0.45395052433013916,1
data/UrbanWaste-images-10k-right\year_2018\TMX7316010203-000704\pano_0001_000172_heading218.24_pitch-0.51_right90_square_fov90.0_640x640.jpg,0.0,0
data/UrbanWaste-images-10k-right\year_2018\TMX7316010203-000704\pano_0001_000202_heading309.56_pitch2.68_right90_square_fov90.0_640x640.jpg,0.3724980652332306,1
data/UrbanWaste-images-10k-right\year_2018\TMX7316010203-000704\pano_0001_000240_heading342.98_pitch1.24_right90_square_fov90.0_640x640.jpg,0.2780524492263794,1
data/UrbanWaste-images-10k-right\year_2018\TMX7316010203-000704\pano_0001_000304_heading107.17_pitch-0.33_right90_square_fov90.0_640x640.jpg,0.0,0
data/UrbanWaste-images-10k-right\year_2018\TMX7316010203-000704\pano_0001_000306_heading104.52_pitch-0.19_right90_square_fov90.0_640x640.jpg,0.0,0
data/UrbanWaste-images-10k-right\year_2018\TMX7316010203-000704\pano_0001_000346_heading106.21_pitch-1.13_right90_square_fov90.0_640x640.jpg,0.327911913394928,2
data/UrbanWaste-images-10k-right\year_2018\TMX7316010203-000704\pano_0001_000358_heading222.93_pitch1.82_right90_square_fov90.0_640x640.jpg,0.0,0
data/UrbanWaste-images-10k-right\year_2018\TMX7316010203-000704\pano_0001_000388_heading222.16_pitch-0.41_right90_square_fov90.0_640x640.jpg,0.3132591247558594,1
data/UrbanWaste-images-10k-right\year_2018\TMX7316010203-000705\pano_0000_000036_heading333.82_pitch0.28_right90_square_fov90.0_640x640.jpg,0.0,0
data/UrbanWaste-images-10k-right\year_2018\TMX7316010203-000705\pano_0000_000068_heading334.02_pitch-0.52_right90_square_fov90.0_640x640.jpg,0.0,0
data/UrbanWaste-images-10k-right\year_2018\TMX7316010203-000705\pano_0000_000082_heading339.29_pitch0.41_right90_square_fov90.0_640x640.jpg,0.0,0
data/UrbanWaste-images-10k-right\year_2018\TMX7316010203-000705\pano_0000_000094_heading334.08_pitch0.02_right90_square_fov90.0_640x640.jpg,0.7160595059394836,1
data/UrbanWaste-images-10k-right\year_2018\TMX7316010203-000705\pano_0000_000106_heading334.15_pitch0.06_right90_square_fov90.0_640x640.jpg,0.509257972240448,3
data/UrbanWaste-images-10k-right\year_2018\TMX7316010203-000705\pano_0000_000241_heading62.51_pitch0.49_right90_square_fov90.0_640x640.jpg,0.0,0
data/UrbanWaste-images-10k-right\year_2018\TMX7316010203-000705\pano_0000_000328_heading327.62_pitch-0.21_right90_square_fov90.0_640x640.jpg,0.0,0
data/UrbanWaste-images-10k-right\year_2018\TMX7316010203-000705\pano_0000_000334_heading327.24_pitch0.30_right90_square_fov90.0_640x640.jpg,0.25765183568000793,1
data/UrbanWaste-images-10k-right\year_2018\TMX7316010203-000705\pano_0000_000336_heading327.57_pitch-0.33_right90_square_fov90.0_640x640.jpg,0.3570144772529602,1
data/UrbanWaste-images-10k-right\year_2018\TMX7316010203-000705\pano_0000_000340_heading327.46_pitch-0.27_right90_square_fov90.0_640x640.jpg,0.46130815148353577,1
data/UrbanWaste-images-10k-right\year_2018\TMX7316010203-000705\pano_0000_000433_heading327.37_pitch-0.71_right90_square_fov90.0_640x640.jpg,0.0,0
data/UrbanWaste-images-10k-right\year_2018\TMX7316010203-000705\pano_0000_000445_heading328.23_pitch-1.16_right90_square_fov90.0_640x640.jpg,0.0,0
data/UrbanWaste-images-10k-right\year_2018\TMX7316010203-000705\pano_0000_000461_heading327.65_pitch-0.44_right90_square_fov90.0_640x640.jpg,0.0,0
data/UrbanWaste-images-10k-right\year_2018\TMX7316010203-000705\pano_0000_000463_heading327.56_pitch-0.04_right90_square_fov90.0_640x640.jpg,0.26493823528289795,1
data/UrbanWaste-images-10k-right\year_2018\TMX7316010203-000705\pano_0000_000645_heading149.27_pitch3.05_right90_square_fov90.0_640x640.jpg,0.2742999196052551,1
data/UrbanWaste-images-10k-right\year_2018\TMX7316010203-000705\pano_0000_000655_heading149.29_pitch-0.43_right90_square_fov90.0_640x640.jpg,0.260021448135376,1
data/UrbanWaste-images-10k-right\year_2018\TMX7316010203-000705\pano_0000_000855_heading148.37_pitch1.75_right90_square_fov90.0_640x640.jpg,0.0,0
data/UrbanWaste-images-10k-right\year_2018\TMX7316010203-000705\pano_0000_000975_heading328.37_pitch-0.17_right90_square_fov90.0_640x640.jpg,0.0,0
data/UrbanWaste-images-10k-right\year_2018\TMX7316010203-000705\pano_0000_000983_heading326.25_pitch-0.55_right90_square_fov90.0_640x640.jpg,0.0,0
data/UrbanWaste-images-10k-right\year_2018\TMX7316010203-000705\pano_0000_001118_heading147.60_pitch0.55_right90_square_fov90.0_640x640.jpg,0.0,0
data/UrbanWaste-images-10k-right\year_2018\TMX7316010203-000705\pano_0000_001120_heading148.65_pitch-0.26_right90_square_fov90.0_640x640.jpg,0.0,0
data/UrbanWaste-images-10k-right\year_2018\TMX7316010203-000705\pano_0000_001356_heading225.19_pitch-0.30_right90_square_fov90.0_640x640.jpg,0.0,0
data/UrbanWaste-images-10k-right\year_2018\TMX7316010203-000705\pano_0000_001366_heading224.36_pitch-0.35_right90_square_fov90.0_640x640.jpg,0.2553052306175232,1
data/UrbanWaste-images-10k-right\year_2018\TMX7316010203-000705\pano_0000_001386_heading298.06_pitch1.04_right90_square_fov90.0_640x640.jpg,0.42951294779777527,3
data/UrbanWaste-images-10k-right\year_2018\TMX7316010203-000705\pano_0000_001427_heading116.78_pitch-1.55_right90_square_fov90.0_640x640.jpg,0.26420944929122925,1
data/UrbanWaste-images-10k-right\year_2018\TMX7316010203-000705\pano_0000_001433_heading121.03_pitch-1.97_right90_square_fov90.0_640x640.jpg,0.2885689437389374,6
data/UrbanWaste-images-10k-right\year_2018\TMX7316010203-000705\pano_0000_001479_heading190.09_pitch-1.03_right90_square_fov90.0_640x640.jpg,0.0,0
data/UrbanWaste-images-10k-right\year_2018\TMX7316010203-000705\pano_0000_001505_heading9.52_pitch5.44_right90_square_fov90.0_640x640.jpg,0.2858388125896454,1
data/UrbanWaste-images-10k-right\year_2018\TMX7316010203-000705\pano_0000_001561_heading189.40_pitch0.35_right90_square_fov90.0_640x640.jpg,0.41974374651908875,2
data/UrbanWaste-images-10k-right\year_2018\TMX7316010203-000705\pano_0000_001571_heading190.19_pitch-0.03_right90_square_fov90.0_640x640.jpg,0.0,0
data/UrbanWaste-images-10k-right\year_2018\TMX7316010203-000705\pano_0000_001619_heading34.41_pitch0.02_right90_square_fov90.0_640x640.jpg,0.4705590009689331,2
data/UrbanWaste-images-10k-right\year_2018\TMX7316010203-000705\pano_0000_001705_heading281.40_pitch-0.29_right90_square_fov90.0_640x640.jpg,0.41223374009132385,1
data/UrbanWaste-images-10k-right\year_2018\TMX7316010203-000705\pano_0000_001719_heading190.03_pitch-0.03_right90_square_fov90.0_640x640.jpg,0.0,0
data/UrbanWaste-images-10k-right\year_2018\TMX7316010203-000705\pano_0000_001815_heading7.19_pitch-1.48_right90_square_fov90.0_640x640.jpg,0.32812491059303284,4
data/UrbanWaste-images-10k-right\year_2018\TMX7316010203-000705\pano_0000_001839_heading213.12_pitch-0.35_right90_square_fov90.0_640x640.jpg,0.2571331858634949,1
data/UrbanWaste-images-10k-right\year_2018\TMX7316010203-000705\pano_0000_001913_heading33.64_pitch-4.27_right90_square_fov90.0_640x640.jpg,0.0,0
data/UrbanWaste-images-10k-right\year_2018\TMX7316010203-000705\pano_0000_001919_heading304.73_pitch1.25_right90_square_fov90.0_640x640.jpg,0.0,0
data/UrbanWaste-images-10k-right\year_2018\TMX7316010203-000705\pano_0000_001935_heading33.76_pitch0.41_right90_square_fov90.0_640x640.jpg,0.2683123052120209,2
data/UrbanWaste-images-10k-right\year_2018\TMX7316010203-000705\pano_0000_001989_heading35.96_pitch0.15_right90_square_fov90.0_640x640.jpg,0.0,0
data/UrbanWaste-images-10k-right\year_2018\TMX7316010203-000705\pano_0000_002045_heading41.32_pitch0.06_right90_square_fov90.0_640x640.jpg,0.45281413197517395,2
data/UrbanWaste-images-10k-right\year_2018\TMX7316010203-000705\pano_0000_002086_heading70.16_pitch1.44_right90_square_fov90.0_640x640.jpg,0.0,0
data/UrbanWaste-images-10k-right\year_2018\TMX7316010203-000705\pano_0000_002100_heading76.91_pitch0.41_right90_square_fov90.0_640x640.jpg,0.0,0
data/UrbanWaste-images-10k-right\year_2018\TMX7316010203-000705\pano_0000_002126_heading238.99_pitch0.39_right90_square_fov90.0_640x640.jpg,0.0,0
data/UrbanWaste-images-10k-right\year_2018\TMX7316010203-000705\pano_0000_002168_heading229.20_pitch-0.54_right90_square_fov90.0_640x640.jpg,0.0,0
data/UrbanWaste-images-10k-right\year_2018\TMX7316010203-000705\pano_0000_002224_heading48.00_pitch3.40_right90_square_fov90.0_640x640.jpg,0.0,0
data/UrbanWaste-images-10k-right\year_2018\TMX7316010203-000705\pano_0000_002235_heading49.49_pitch2.96_right90_square_fov90.0_640x640.jpg,0.0,0
data/UrbanWaste-images-10k-right\year_2018\TMX7316010203-000705\pano_0000_002282_heading60.17_pitch2.14_right90_square_fov90.0_640x640.jpg,0.4930099546909332,1
data/UrbanWaste-images-10k-right\year_2018\TMX7316010203-000705\pano_0000_002298_heading89.21_pitch-0.43_right90_square_fov90.0_640x640.jpg,0.5106638073921204,1
data/UrbanWaste-images-10k-right\year_2018\TMX7316010203-000705\pano_0000_002318_heading91.30_pitch0.55_right90_square_fov90.0_640x640.jpg,0.29775211215019226,2
data/UrbanWaste-images-10k-right\year_2018\TMX7316010203-000705\pano_0000_002439_heading62.82_pitch0.05_right90_square_fov90.0_640x640.jpg,0.31822460889816284,1
data/UrbanWaste-images-10k-right\year_2018\TMX7316010203-000705\pano_0000_002498_heading243.03_pitch3.76_right90_square_fov90.0_640x640.jpg,0.0,0
data/UrbanWaste-images-10k-right\year_2018\TMX7316010203-000705\pano_0000_002516_heading242.95_pitch-2.80_right90_square_fov90.0_640x640.jpg,0.0,0
data/UrbanWaste-images-10k-right\year_2018\TMX7316010203-000705\pano_0000_002526_heading242.68_pitch3.27_right90_square_fov90.0_640x640.jpg,0.2749273180961609,1
data/UrbanWaste-images-10k-right\year_2018\TMX7316010203-000705\pano_0000_002548_heading63.84_pitch-0.07_right90_square_fov90.0_640x640.jpg,0.0,0
data/UrbanWaste-images-10k-right\year_2018\TMX7316010203-000705\pano_0000_002745_heading243.30_pitch0.57_right90_square_fov90.0_640x640.jpg,0.5525950789451599,2
data/UrbanWaste-images-10k-right\year_2018\TMX7316010203-000705\pano_0000_002767_heading328.80_pitch0.60_right90_square_fov90.0_640x640.jpg,0.0,0
data/UrbanWaste-images-10k-right\year_2018\TMX7316010203-000705\pano_0000_002999_heading243.46_pitch0.15_right90_square_fov90.0_640x640.jpg,0.0,0
data/UrbanWaste-images-10k-right\year_2018\TMX7316010203-000705\pano_0000_003013_heading242.97_pitch-0.03_right90_square_fov90.0_640x640.jpg,0.0,0
data/UrbanWaste-images-10k-right\year_2018\TMX7316010203-000705\pano_0000_003046_heading147.70_pitch-0.42_right90_square_fov90.0_640x640.jpg,0.0,0
data/UrbanWaste-images-10k-right\year_2018\TMX7316010203-000705\pano_0000_003068_heading148.68_pitch3.87_right90_square_fov90.0_640x640.jpg,0.0,0
data/UrbanWaste-images-10k-right\year_2018\TMX7316010203-000705\pano_0000_003128_heading90.25_pitch0.05_right90_square_fov90.0_640x640.jpg,0.42948269844055176,2
data/UrbanWaste-images-10k-right\year_2018\TMX7316010203-000705\pano_0000_003150_heading91.96_pitch1.04_right90_square_fov90.0_640x640.jpg,0.31556737422943115,2
data/UrbanWaste-images-10k-right\year_2018\TMX7316010203-000705\pano_0000_003220_heading334.45_pitch-1.21_right90_square_fov90.0_640x640.jpg,0.0,0
data/UrbanWaste-images-10k-right\year_2018\TMX7316010203-000705\pano_0001_000051_heading333.97_pitch-0.12_right90_square_fov90.0_640x640.jpg,0.0,0
data/UrbanWaste-images-10k-right\year_2018\TMX7316010203-000705\pano_0001_000078_heading277.51_pitch0.49_right90_square_fov90.0_640x640.jpg,0.0,0
data/UrbanWaste-images-10k-right\year_2018\TMX7316010203-000705\pano_0001_000130_heading152.72_pitch-0.24_right90_square_fov90.0_640x640.jpg,0.0,0
data/UrbanWaste-images-10k-right\year_2018\TMX7316010203-000705\pano_0001_000243_heading153.87_pitch-1.55_right90_square_fov90.0_640x640.jpg,0.262185662984848,1
data/UrbanWaste-images-10k-right\year_2018\TMX7316010203-000705\pano_0001_000283_heading153.90_pitch0.11_right90_square_fov90.0_640x640.jpg,0.0,0
data/UrbanWaste-images-10k-right\year_2018\TMX7316010203-000705\pano_0001_000390_heading155.91_pitch-0.80_right90_square_fov90.0_640x640.jpg,0.0,0
data/UrbanWaste-images-10k-right\year_2018\TMX7316010203-000705\pano_0001_000450_heading332.36_pitch2.69_right90_square_fov90.0_640x640.jpg,0.0,0
data/UrbanWaste-images-10k-right\year_2018\TMX7316010203-000705\pano_0001_000476_heading332.38_pitch-0.39_right90_square_fov90.0_640x640.jpg,0.31558293104171753,2
data/UrbanWaste-images-10k-right\year_2018\TMX7316010203-000705\pano_0001_000486_heading333.22_pitch-2.71_right90_square_fov90.0_640x640.jpg,0.2578955590724945,1
data/UrbanWaste-images-10k-right\year_2018\TMX7316010203-000705\pano_0001_000490_heading315.30_pitch-7.09_right90_square_fov90.0_640x640.jpg,0.0,0
data/UrbanWaste-images-10k-right\year_2018\TMX7316010203-000705\pano_0001_000535_heading332.91_pitch-0.44_right90_square_fov90.0_640x640.jpg,0.2775759696960449,2
data/UrbanWaste-images-10k-right\year_2018\TMX7316010203-000705\pano_0001_000539_heading333.65_pitch-0.07_right90_square_fov90.0_640x640.jpg,0.0,0
data/UrbanWaste-images-10k-right\year_2018\TMX7316010203-000705\pano_0001_000617_heading245.75_pitch1.64_right90_square_fov90.0_640x640.jpg,0.3053184449672699,1
data/UrbanWaste-images-10k-right\year_2018\TMX7316010203-000705\pano_0001_000619_heading242.00_pitch-1.24_right90_square_fov90.0_640x640.jpg,0.37462717294692993,1
data/UrbanWaste-images-10k-right\year_2018\TMX7316010203-000705\pano_0001_000699_heading331.19_pitch-0.24_right90_square_fov90.0_640x640.jpg,0.26504233479499817,1
data/UrbanWaste-images-10k-right\year_2018\TMX7316010203-000705\pano_0001_000817_heading56.09_pitch-0.70_right90_square_fov90.0_640x640.jpg,0.0,0
data/UrbanWaste-images-10k-right\year_2018\TMX7316010203-000705\pano_0001_000833_heading149.52_pitch-0.49_right90_square_fov90.0_640x640.jpg,0.5128549933433533,2
data/UrbanWaste-images-10k-right\year_2018\TMX7316010203-000705\pano_0001_000869_heading250.56_pitch-1.66_right90_square_fov90.0_640x640.jpg,0.3093755543231964,3
data/UrbanWaste-images-10k-right\year_2018\TMX7316010203-000705\pano_0001_000889_heading225.58_pitch-0.24_right90_square_fov90.0_640x640.jpg,0.31860804557800293,1
data/UrbanWaste-images-10k-right\year_2018\TMX7316010203-000705\pano_0001_000895_heading222.95_pitch-0.45_right90_square_fov90.0_640x640.jpg,0.0,0
data/UrbanWaste-images-10k-right\year_2018\TMX7316010203-000705\pano_0001_000901_heading222.74_pitch-0.45_right90_square_fov90.0_640x640.jpg,0.0,0
data/UrbanWaste-images-10k-right\year_2018\TMX7316010203-000707\pano_0000_000022_heading305.47_pitch0.74_right90_square_fov90.0_640x640.jpg,0.0,0
data/UrbanWaste-images-10k-right\year_2018\TMX7316010203-000707\pano_0000_000098_heading280.95_pitch-0.38_right90_square_fov90.0_640x640.jpg,0.31398552656173706,1
data/UrbanWaste-images-10k-right\year_2018\TMX7316010203-000707\pano_0000_000108_heading288.51_pitch0.47_right90_square_fov90.0_640x640.jpg,0.0,0
data/UrbanWaste-images-10k-right\year_2018\TMX7316010203-000707\pano_0000_000126_heading1.75_pitch-1.30_right90_square_fov90.0_640x640.jpg,0.3398202359676361,5
data/UrbanWaste-images-10k-right\year_2018\TMX7316010203-000707\pano_0000_000154_heading282.65_pitch-0.36_right90_square_fov90.0_640x640.jpg,0.0,0
data/UrbanWaste-images-10k-right\year_2018\TMX7316010203-000707\pano_0000_000168_heading276.01_pitch1.46_right90_square_fov90.0_640x640.jpg,0.27134838700294495,1
data/UrbanWaste-images-10k-right\year_2018\TMX7316010203-000707\pano_0000_000212_heading13.21_pitch-0.04_right90_square_fov90.0_640x640.jpg,0.26128581166267395,1
data/UrbanWaste-images-10k-right\year_2018\TMX7316010203-000707\pano_0000_000238_heading10.33_pitch0.22_right90_square_fov90.0_640x640.jpg,0.30193087458610535,2
data/UrbanWaste-images-10k-right\year_2018\TMX7316010203-000707\pano_0000_000250_heading13.87_pitch-4.23_right90_square_fov90.0_640x640.jpg,0.0,0
data/UrbanWaste-images-10k-right\year_2018\TMX7316010203-000707\pano_0000_000312_heading284.81_pitch0.75_right90_square_fov90.0_640x640.jpg,0.45074424147605896,1
data/UrbanWaste-images-10k-right\year_2018\TMX7316010203-000707\pano_0000_000316_heading285.12_pitch0.66_right90_square_fov90.0_640x640.jpg,0.31538209319114685,1
data/UrbanWaste-images-10k-right\year_2018\TMX7316010203-000707\pano_0000_000334_heading258.17_pitch-1.41_right90_square_fov90.0_640x640.jpg,0.25295644998550415,1
data/UrbanWaste-images-10k-right\year_2018\TMX7316010203-000707\pano_0000_000378_heading163.15_pitch-0.60_right90_square_fov90.0_640x640.jpg,0.0,0
data/UrbanWaste-images-10k-right\year_2018\TMX7316010203-000707\pano_0000_000442_heading64.12_pitch2.20_right90_square_fov90.0_640x640.jpg,0.0,0
data/UrbanWaste-images-10k-right\year_2018\TMX7316010203-000707\pano_0000_000464_heading52.45_pitch-0.93_right90_square_fov90.0_640x640.jpg,0.2674250304698944,1
data/UrbanWaste-images-10k-right\year_2018\TMX7316010203-000707\pano_0000_000488_heading159.27_pitch-2.37_right90_square_fov90.0_640x640.jpg,0.0,0
data/UrbanWaste-images-10k-right\year_2018\TMX7316010203-000707\pano_0000_000516_heading168.21_pitch-3.87_right90_square_fov90.0_640x640.jpg,0.0,0
data/UrbanWaste-images-10k-right\year_2018\TMX7316010203-000707\pano_0000_000608_heading94.20_pitch1.61_right90_square_fov90.0_640x640.jpg,0.38204431533813477,6
data/UrbanWaste-images-10k-right\year_2018\TMX7316010203-000707\pano_0000_000695_heading2.24_pitch1.43_right90_square_fov90.0_640x640.jpg,0.0,0
data/UrbanWaste-images-10k-right\year_2018\TMX7316010203-000707\pano_0000_000753_heading268.27_pitch0.87_right90_square_fov90.0_640x640.jpg,0.27985337376594543,1
data/UrbanWaste-images-10k-right\year_2018\TMX7316010203-000707\pano_0000_000783_heading268.56_pitch0.20_right90_square_fov90.0_640x640.jpg,0.0,0
data/UrbanWaste-images-10k-right\year_2018\TMX7316010203-000707\pano_0000_000795_heading267.32_pitch0.03_right90_square_fov90.0_640x640.jpg,0.0,0
data/UrbanWaste-images-10k-right\year_2018\TMX7316010203-000707\pano_0000_000831_heading268.56_pitch-0.51_right90_square_fov90.0_640x640.jpg,0.32201898097991943,1
data/UrbanWaste-images-10k-right\year_2018\TMX7316010203-000707\pano_0000_000851_heading268.41_pitch0.27_right90_square_fov90.0_640x640.jpg,0.253574937582016,1
data/UrbanWaste-images-10k-right\year_2018\TMX7316010203-000707\pano_0000_000865_heading269.76_pitch-0.12_right90_square_fov90.0_640x640.jpg,0.0,0
data/UrbanWaste-images-10k-right\year_2018\TMX7316010203-000707\pano_0000_000873_heading267.58_pitch0.02_right90_square_fov90.0_640x640.jpg,0.29505065083503723,1
data/UrbanWaste-images-10k-right\year_2018\TMX7316010203-000707\pano_0000_000881_heading246.77_pitch-1.03_right90_square_fov90.0_640x640.jpg,0.0,0
data/UrbanWaste-images-10k-right\year_2018\TMX7316010203-000707\pano_0000_000889_heading241.33_pitch-4.89_right90_square_fov90.0_640x640.jpg,0.33456432819366455,1
data/UrbanWaste-images-10k-right\year_2018\TMX7316010203-000707\pano_0000_000919_heading217.67_pitch-3.49_right90_square_fov90.0_640x640.jpg,0.316614031791687,1
data/UrbanWaste-images-10k-right\year_2018\TMX7316010203-000707\pano_0000_000991_heading39.34_pitch1.08_right90_square_fov90.0_640x640.jpg,0.33222800493240356,3
data/UrbanWaste-images-10k-right\year_2018\TMX7316010203-000707\pano_0000_000995_heading40.85_pitch-0.48_right90_square_fov90.0_640x640.jpg,0.5081284642219543,1
data/UrbanWaste-images-10k-right\year_2018\TMX7316010203-000707\pano_0000_001007_heading39.72_pitch0.04_right90_square_fov90.0_640x640.jpg,0.2919776141643524,1
data/UrbanWaste-images-10k-right\year_2018\TMX7316010203-000707\pano_0000_001033_heading37.87_pitch-0.57_right90_square_fov90.0_640x640.jpg,0.30494949221611023,1
data/UrbanWaste-images-10k-right\year_2018\TMX7316010203-000707\pano_0000_001063_heading220.14_pitch-0.01_right90_square_fov90.0_640x640.jpg,0.0,0
data/UrbanWaste-images-10k-right\year_2018\TMX7316010203-000709\pano_0000_000032_heading38.81_pitch-1.99_right90_square_fov90.0_640x640.jpg,0.29846957325935364,1
data/UrbanWaste-images-10k-right\year_2018\TMX7316010203-000709\pano_0000_000036_heading66.78_pitch1.02_right90_square_fov90.0_640x640.jpg,0.0,0
data/UrbanWaste-images-10k-right\year_2018\TMX7316010203-000709\pano_0000_000067_heading45.11_pitch-1.82_right90_square_fov90.0_640x640.jpg,0.0,0
data/UrbanWaste-images-10k-right\year_2018\TMX7316010203-000709\pano_0000_000077_heading80.00_pitch1.67_right90_square_fov90.0_640x640.jpg,0.0,0
data/UrbanWaste-images-10k-right\year_2018\TMX7316010203-000709\pano_0000_000079_heading53.35_pitch-2.16_right90_square_fov90.0_640x640.jpg,0.0,0
data/UrbanWaste-images-10k-right\year_2018\TMX7316010203-000709\pano_0000_000094_heading279.86_pitch0.91_right90_square_fov90.0_640x640.jpg,0.3541693389415741,4
data/UrbanWaste-images-10k-right\year_2018\TMX7316010203-000709\pano_0000_000108_heading280.90_pitch-0.53_right90_square_fov90.0_640x640.jpg,0.2918983995914459,1
data/UrbanWaste-images-10k-right\year_2018\TMX7316010203-000709\pano_0000_000114_heading244.69_pitch1.05_right90_square_fov90.0_640x640.jpg,0.3184051811695099,3
data/UrbanWaste-images-10k-right\year_2018\TMX7316010203-000709\pano_0000_000379_heading45.77_pitch1.92_right90_square_fov90.0_640x640.jpg,0.40670302510261536,2
data/UrbanWaste-images-10k-right\year_2018\TMX7316010203-000709\pano_0000_000502_heading39.93_pitch-0.66_right90_square_fov90.0_640x640.jpg,0.36391496658325195,2
data/UrbanWaste-images-10k-right\year_2018\TMX7316010203-000709\pano_0000_000520_heading38.93_pitch-1.32_right90_square_fov90.0_640x640.jpg,0.0,0
data/UrbanWaste-images-10k-right\year_2018\TMX7316010203-000709\pano_0000_000575_heading280.67_pitch-3.61_right90_square_fov90.0_640x640.jpg,0.0,0
data/UrbanWaste-images-10k-right\year_2018\TMX7316010203-000709\pano_0000_000609_heading103.65_pitch0.54_right90_square_fov90.0_640x640.jpg,0.0,0
data/UrbanWaste-images-10k-right\year_2018\TMX7316010203-000709\pano_0000_000682_heading210.10_pitch0.30_right90_square_fov90.0_640x640.jpg,0.0,0
data/UrbanWaste-images-10k-right\year_2018\TMX7316010203-000709\pano_0000_000686_heading209.99_pitch-1.77_right90_square_fov90.0_640x640.jpg,0.44287702441215515,2
data/UrbanWaste-images-10k-right\year_2018\TMX7316010203-000709\pano_0000_000730_heading218.72_pitch-0.79_right90_square_fov90.0_640x640.jpg,0.27554047107696533,1
data/UrbanWaste-images-10k-right\year_2018\TMX7316010203-000709\pano_0000_000762_heading320.05_pitch3.54_right90_square_fov90.0_640x640.jpg,0.0,0
data/UrbanWaste-images-10k-right\year_2018\TMX7316010203-000709\pano_0000_000855_heading18.97_pitch-0.01_right90_square_fov90.0_640x640.jpg,0.2869712710380554,2
data/UrbanWaste-images-10k-right\year_2018\TMX7316010203-000709\pano_0000_000964_heading298.35_pitch0.42_right90_square_fov90.0_640x640.jpg,0.0,0
data/UrbanWaste-images-10k-right\year_2018\TMX7316010203-000709\pano_0000_001002_heading192.84_pitch-0.20_right90_square_fov90.0_640x640.jpg,0.0,0
data/UrbanWaste-images-10k-right\year_2018\TMX7316010203-000709\pano_0000_001150_heading98.44_pitch-0.37_right90_square_fov90.0_640x640.jpg,0.3221724331378937,3
data/UrbanWaste-images-10k-right\year_2018\TMX7316010203-000709\pano_0000_001224_heading278.31_pitch-0.40_right90_square_fov90.0_640x640.jpg,0.0,0
data/UrbanWaste-images-10k-right\year_2018\TMX7316010203-000709\pano_0000_001288_heading186.00_pitch2.58_right90_square_fov90.0_640x640.jpg,0.2833501398563385,2
data/UrbanWaste-images-10k-right\year_2018\TMX7316010203-000709\pano_0000_001306_heading178.82_pitch1.09_right90_square_fov90.0_640x640.jpg,0.0,0
data/UrbanWaste-images-10k-right\year_2018\TMX7316010203-000709\pano_0000_001312_heading130.67_pitch4.02_right90_square_fov90.0_640x640.jpg,0.3716452121734619,2
data/UrbanWaste-images-10k-right\year_2018\TMX7316010203-000709\pano_0000_001354_heading114.79_pitch-0.45_right90_square_fov90.0_640x640.jpg,0.0,0
data/UrbanWaste-images-10k-right\year_2018\TMX7316010203-000709\pano_0000_001358_heading115.79_pitch-1.24_right90_square_fov90.0_640x640.jpg,0.0,0
data/UrbanWaste-images-10k-right\year_2018\TMX7316010203-000709\pano_0000_001360_heading115.94_pitch-1.64_right90_square_fov90.0_640x640.jpg,0.0,0
data/UrbanWaste-images-10k-right\year_2018\TMX7316010203-000709\pano_0000_001385_heading294.40_pitch0.39_right90_square_fov90.0_640x640.jpg,0.0,0
data/UrbanWaste-images-10k-right\year_2018\TMX7316010203-000709\pano_0000_001452_heading121.48_pitch0.42_right90_square_fov90.0_640x640.jpg,0.0,0
data/UrbanWaste-images-10k-right\year_2018\TMX7316010203-000709\pano_0000_001470_heading208.40_pitch-0.19_right90_square_fov90.0_640x640.jpg,0.0,0
data/UrbanWaste-images-10k-right\year_2018\TMX7316010203-000709\pano_0000_001474_heading210.07_pitch-0.84_right90_square_fov90.0_640x640.jpg,0.0,0
data/UrbanWaste-images-10k-right\year_2018\TMX7316010203-000709\pano_0000_001500_heading201.40_pitch-0.28_right90_square_fov90.0_640x640.jpg,0.0,0
data/UrbanWaste-images-10k-right\year_2018\TMX7316010203-000709\pano_0000_001529_heading195.87_pitch1.72_right90_square_fov90.0_640x640.jpg,0.0,0
data/UrbanWaste-images-10k-right\year_2018\TMX7316010203-000709\pano_0000_001607_heading297.54_pitch-0.19_right90_square_fov90.0_640x640.jpg,0.35045260190963745,1
data/UrbanWaste-images-10k-right\year_2018\TMX7316010203-000709\pano_0000_001737_heading116.76_pitch-0.36_right90_square_fov90.0_640x640.jpg,0.29647746682167053,1
data/UrbanWaste-images-10k-right\year_2018\TMX7316010203-000709\pano_0000_001780_heading296.41_pitch0.63_right90_square_fov90.0_640x640.jpg,0.5889379382133484,3
data/UrbanWaste-images-10k-right\year_2018\TMX7316010203-000709\pano_0000_001784_heading296.52_pitch0.15_right90_square_fov90.0_640x640.jpg,0.27346017956733704,1
data/UrbanWaste-images-10k-right\year_2018\TMX7316010203-000709\pano_0000_001967_heading301.34_pitch-0.44_right90_square_fov90.0_640x640.jpg,0.0,0
data/UrbanWaste-images-10k-right\year_2018\TMX7316010203-000709\pano_0000_001989_heading295.71_pitch0.12_right90_square_fov90.0_640x640.jpg,0.0,0
data/UrbanWaste-images-10k-right\year_2018\TMX7316010203-000709\pano_0000_002003_heading116.59_pitch-0.96_right90_square_fov90.0_640x640.jpg,0.2815070152282715,1
data/UrbanWaste-images-10k-right\year_2018\TMX7316010203-000709\pano_0000_002043_heading116.26_pitch-0.87_right90_square_fov90.0_640x640.jpg,0.0,0
data/UrbanWaste-images-10k-right\year_2018\TMX7316010203-000709\pano_0000_002051_heading193.46_pitch0.70_right90_square_fov90.0_640x640.jpg,0.0,0
data/UrbanWaste-images-10k-right\year_2018\TMX7316010203-000709\pano_0000_002157_heading13.14_pitch-2.46_right90_square_fov90.0_640x640.jpg,0.0,0
data/UrbanWaste-images-10k-right\year_2018\TMX7316010203-000709\pano_0000_002179_heading115.94_pitch-1.53_right90_square_fov90.0_640x640.jpg,0.0,0
data/UrbanWaste-images-10k-right\year_2018\TMX7316010203-000709\pano_0000_002207_heading117.22_pitch-0.16_right90_square_fov90.0_640x640.jpg,0.3067781627178192,1
data/UrbanWaste-images-10k-right\year_2018\TMX7316010203-000709\pano_0000_002563_heading123.08_pitch-1.26_right90_square_fov90.0_640x640.jpg,0.33710432052612305,4
data/UrbanWaste-images-10k-right\year_2018\TMX7316010203-000709\pano_0000_002835_heading322.34_pitch-1.17_right90_square_fov90.0_640x640.jpg,0.0,0
data/UrbanWaste-images-10k-right\year_2018\TMX7316010203-000709\pano_0000_002847_heading32.97_pitch-0.21_right90_square_fov90.0_640x640.jpg,0.0,0
data/UrbanWaste-images-10k-right\year_2018\TMX7316010203-000709\pano_0000_002883_heading27.26_pitch-2.16_right90_square_fov90.0_640x640.jpg,0.0,0
data/UrbanWaste-images-10k-right\year_2018\TMX7316010203-000709\pano_0000_003048_heading320.96_pitch-0.17_right90_square_fov90.0_640x640.jpg,0.25540950894355774,1
data/UrbanWaste-images-10k-right\year_2018\TMX7316010203-000709\pano_0000_003060_heading320.21_pitch-0.07_right90_square_fov90.0_640x640.jpg,0.2815719544887543,2
data/UrbanWaste-images-10k-right\year_2018\TMX7316010203-000709\pano_0000_003100_heading81.88_pitch0.11_right90_square_fov90.0_640x640.jpg,0.0,0
data/UrbanWaste-images-10k-right\year_2018\TMX7316010203-000709\pano_0000_003112_heading103.58_pitch0.39_right90_square_fov90.0_640x640.jpg,0.0,0
data/UrbanWaste-images-10k-right\year_2018\TMX7316010203-000709\pano_0000_003114_heading105.41_pitch0.81_right90_square_fov90.0_640x640.jpg,0.0,0
data/UrbanWaste-images-10k-right\year_2018\TMX7316010203-000709\pano_0000_003142_heading104.19_pitch-0.39_right90_square_fov90.0_640x640.jpg,0.0,0
data/UrbanWaste-images-10k-right\year_2018\TMX7316010203-000709\pano_0000_003158_heading102.56_pitch0.01_right90_square_fov90.0_640x640.jpg,0.43824881315231323,6
data/UrbanWaste-images-10k-right\year_2018\TMX7316010203-000709\pano_0000_003184_heading102.94_pitch-0.71_right90_square_fov90.0_640x640.jpg,0.0,0
data/UrbanWaste-images-10k-right\year_2018\TMX7316010203-000709\pano_0000_003190_heading103.08_pitch-1.22_right90_square_fov90.0_640x640.jpg,0.26142704486846924,1
data/UrbanWaste-images-10k-right\year_2018\TMX7316010203-000709\pano_0000_003220_heading254.54_pitch-1.40_right90_square_fov90.0_640x640.jpg,0.0,0
data/UrbanWaste-images-10k-right\year_2018\TMX7316010203-000709\pano_0000_003228_heading220.08_pitch1.16_right90_square_fov90.0_640x640.jpg,0.26398763060569763,1
data/UrbanWaste-images-10k-right\year_2018\TMX7316010203-000709\pano_0000_003252_heading238.28_pitch-1.53_right90_square_fov90.0_640x640.jpg,0.2627388536930084,1
data/UrbanWaste-images-10k-right\year_2018\TMX7316010203-000709\pano_0000_003284_heading220.05_pitch0.63_right90_square_fov90.0_640x640.jpg,0.0,0
data/UrbanWaste-images-10k-right\year_2018\TMX7316010203-000709\pano_0000_003290_heading218.73_pitch0.07_right90_square_fov90.0_640x640.jpg,0.0,0
data/UrbanWaste-images-10k-right\year_2018\TMX7316010203-000709\pano_0000_003298_heading224.56_pitch-1.46_right90_square_fov90.0_640x640.jpg,0.2547298073768616,1
data/UrbanWaste-images-10k-right\year_2018\TMX7316010203-000709\pano_0000_003342_heading211.85_pitch-0.01_right90_square_fov90.0_640x640.jpg,0.0,0
data/UrbanWaste-images-10k-right\year_2018\TMX7316010203-000709\pano_0000_003391_heading35.66_pitch-2.24_right90_square_fov90.0_640x640.jpg,0.0,0
data/UrbanWaste-images-10k-right\year_2018\TMX7316010203-000709\pano_0000_003419_heading52.66_pitch-0.22_right90_square_fov90.0_640x640.jpg,0.2908780574798584,1
data/UrbanWaste-images-10k-right\year_2018\TMX7316010203-000709\pano_0000_003431_heading144.28_pitch-2.03_right90_square_fov90.0_640x640.jpg,0.41172051429748535,3
data/UrbanWaste-images-10k-right\year_2018\TMX7316010203-000709\pano_0000_003476_heading37.04_pitch-0.77_right90_square_fov90.0_640x640.jpg,0.0,0
data/UrbanWaste-images-10k-right\year_2018\TMX7316010203-000709\pano_0000_003502_heading322.81_pitch-0.37_right90_square_fov90.0_640x640.jpg,0.2572328746318817,2
data/UrbanWaste-images-10k-right\year_2018\TMX7316010203-000709\pano_0000_003553_heading104.38_pitch-0.31_right90_square_fov90.0_640x640.jpg,0.0,0
data/UrbanWaste-images-10k-right\year_2018\TMX7316010203-000709\pano_0000_003559_heading186.07_pitch1.46_right90_square_fov90.0_640x640.jpg,0.2909872531890869,1
data/UrbanWaste-images-10k-right\year_2018\TMX7316010203-000709\pano_0000_003575_heading218.94_pitch0.37_right90_square_fov90.0_640x640.jpg,0.0,0
data/UrbanWaste-images-10k-right\year_2018\TMX7316010203-000709\pano_0000_003631_heading322.30_pitch-0.37_right90_square_fov90.0_640x640.jpg,0.2642538249492645,1
data/UrbanWaste-images-10k-right\year_2018\TMX7316010203-000709\pano_0000_003685_heading142.60_pitch-0.28_right90_square_fov90.0_640x640.jpg,0.0,0
data/UrbanWaste-images-10k-right\year_2018\TMX7316010203-000709\pano_0000_003697_heading142.44_pitch1.99_right90_square_fov90.0_640x640.jpg,0.4386568069458008,1
data/UrbanWaste-images-10k-right\year_2018\TMX7316010203-000709\pano_0000_003701_heading141.87_pitch0.23_right90_square_fov90.0_640x640.jpg,0.0,0
data/UrbanWaste-images-10k-right\year_2018\TMX7316010203-000709\pano_0000_003807_heading315.93_pitch-0.38_right90_square_fov90.0_640x640.jpg,0.3057762682437897,1
data/UrbanWaste-images-10k-right\year_2018\TMX7316010203-000709\pano_0000_003857_heading324.37_pitch-0.22_right90_square_fov90.0_640x640.jpg,0.0,0
data/UrbanWaste-images-10k-right\year_2018\TMX7316010203-000711\pano_0000_000217_heading337.88_pitch0.01_right90_square_fov90.0_640x640.jpg,0.0,0
data/UrbanWaste-images-10k-right\year_2018\TMX7316010203-000711\pano_0000_000267_heading96.96_pitch-0.60_right90_square_fov90.0_640x640.jpg,0.0,0
data/UrbanWaste-images-10k-right\year_2018\TMX7316010203-000711\pano_0000_000269_heading97.41_pitch-0.55_right90_square_fov90.0_640x640.jpg,0.0,0
data/UrbanWaste-images-10k-right\year_2018\TMX7316010203-000711\pano_0000_000273_heading93.70_pitch-3.36_right90_square_fov90.0_640x640.jpg,0.27942854166030884,1
data/UrbanWaste-images-10k-right\year_2018\TMX7316010203-000711\pano_0000_000357_heading336.70_pitch-0.80_right90_square_fov90.0_640x640.jpg,0.3398321866989136,2
data/UrbanWaste-images-10k-right\year_2018\TMX7316010203-000711\pano_0000_000373_heading65.16_pitch-0.54_right90_square_fov90.0_640x640.jpg,0.0,0
data/UrbanWaste-images-10k-right\year_2018\TMX7316010203-000711\pano_0000_000387_heading158.81_pitch-0.31_right90_square_fov90.0_640x640.jpg,0.0,0
data/UrbanWaste-images-10k-right\year_2018\TMX7316010203-000711\pano_0000_000461_heading116.46_pitch1.59_right90_square_fov90.0_640x640.jpg,0.0,0
data/UrbanWaste-images-10k-right\year_2018\TMX7316010203-000711\pano_0000_000482_heading116.69_pitch0.20_right90_square_fov90.0_640x640.jpg,0.0,0
data/UrbanWaste-images-10k-right\year_2018\TMX7316010203-000711\pano_0000_000566_heading295.32_pitch-0.02_right90_square_fov90.0_640x640.jpg,0.0,0
data/UrbanWaste-images-10k-right\year_2018\TMX7316010203-000711\pano_0000_000738_heading210.79_pitch-0.16_right90_square_fov90.0_640x640.jpg,0.0,0
data/UrbanWaste-images-10k-right\year_2018\TMX7316010203-000711\pano_0000_000820_heading44.71_pitch-1.03_right90_square_fov90.0_640x640.jpg,0.25338849425315857,1
data/UrbanWaste-images-10k-right\year_2018\TMX7316010203-000711\pano_0000_000828_heading55.24_pitch1.97_right90_square_fov90.0_640x640.jpg,0.5325847864151001,1
data/UrbanWaste-images-10k-right\year_2018\TMX7316010203-000711\pano_0000_000970_heading117.04_pitch-0.12_right90_square_fov90.0_640x640.jpg,0.3696039915084839,2
data/UrbanWaste-images-10k-right\year_2018\TMX7316010203-000711\pano_0000_001004_heading26.09_pitch-0.37_right90_square_fov90.0_640x640.jpg,0.0,0
data/UrbanWaste-images-10k-right\year_2018\TMX7316010203-000711\pano_0000_001088_heading111.60_pitch-0.77_right90_square_fov90.0_640x640.jpg,0.25299689173698425,1
data/UrbanWaste-images-10k-right\year_2018\TMX7316010203-000711\pano_0000_001184_heading298.03_pitch-0.14_right90_square_fov90.0_640x640.jpg,0.39121484756469727,2
data/UrbanWaste-images-10k-right\year_2018\TMX7316010203-000711\pano_0000_001295_heading207.28_pitch-0.76_right90_square_fov90.0_640x640.jpg,0.3561769723892212,1
data/UrbanWaste-images-10k-right\year_2018\TMX7316010203-000711\pano_0000_001363_heading198.45_pitch-0.37_right90_square_fov90.0_640x640.jpg,0.0,0
data/UrbanWaste-images-10k-right\year_2018\TMX7316010203-000711\pano_0000_001379_heading143.84_pitch-0.38_right90_square_fov90.0_640x640.jpg,0.0,0
data/UrbanWaste-images-10k-right\year_2018\TMX7316010203-000711\pano_0000_001397_heading27.08_pitch-0.07_right90_square_fov90.0_640x640.jpg,0.0,0
data/UrbanWaste-images-10k-right\year_2018\TMX7316010203-000711\pano_0000_001477_heading296.14_pitch-0.10_right90_square_fov90.0_640x640.jpg,0.5151305794715881,3
data/UrbanWaste-images-10k-right\year_2018\TMX7316010203-000711\pano_0000_001699_heading313.55_pitch-0.72_right90_square_fov90.0_640x640.jpg,0.2874175012111664,1
data/UrbanWaste-images-10k-right\year_2018\TMX7316010203-000711\pano_0000_001755_heading204.85_pitch-0.70_right90_square_fov90.0_640x640.jpg,0.0,0
data/UrbanWaste-images-10k-right\year_2018\TMX7316010203-000711\pano_0000_001775_heading114.51_pitch-0.68_right90_square_fov90.0_640x640.jpg,0.0,0
data/UrbanWaste-images-10k-right\year_2018\TMX7316010203-000711\pano_0000_001779_heading115.03_pitch1.47_right90_square_fov90.0_640x640.jpg,0.31956055760383606,1
data/UrbanWaste-images-10k-right\year_2018\TMX7316010203-000711\pano_0000_001860_heading296.62_pitch-0.31_right90_square_fov90.0_640x640.jpg,0.0,0
data/UrbanWaste-images-10k-right\year_2018\TMX7316010203-000711\pano_0000_001882_heading26.08_pitch0.39_right90_square_fov90.0_640x640.jpg,0.0,0
data/UrbanWaste-images-10k-right\year_2018\TMX7316010203-000711\pano_0000_001999_heading25.70_pitch-0.05_right90_square_fov90.0_640x640.jpg,0.0,0
data/UrbanWaste-images-10k-right\year_2018\TMX7316010203-000711\pano_0000_002011_heading25.77_pitch-0.27_right90_square_fov90.0_640x640.jpg,0.0,0
data/UrbanWaste-images-10k-right\year_2018\TMX7316010203-000711\pano_0000_002023_heading337.52_pitch-0.20_right90_square_fov90.0_640x640.jpg,0.0,0
data/UrbanWaste-images-10k-right\year_2018\TMX7316010203-000711\pano_0000_002061_heading3.00_pitch-0.48_right90_square_fov90.0_640x640.jpg,0.2665019929409027,1
data/UrbanWaste-images-10k-right\year_2018\TMX7316010203-000711\pano_0000_002121_heading205.50_pitch-0.18_right90_square_fov90.0_640x640.jpg,0.0,0
data/UrbanWaste-images-10k-right\year_2018\TMX7316010203-000711\pano_0000_002141_heading338.92_pitch-0.25_right90_square_fov90.0_640x640.jpg,0.0,0
data/UrbanWaste-images-10k-right\year_2018\TMX7316010203-000711\pano_0000_002161_heading339.35_pitch-0.42_right90_square_fov90.0_640x640.jpg,0.32680267095565796,1
data/UrbanWaste-images-10k-right\year_2018\TMX7316010203-000711\pano_0000_002167_heading340.16_pitch-4.21_right90_square_fov90.0_640x640.jpg,0.4086753726005554,1
data/UrbanWaste-images-10k-right\year_2018\TMX7316010203-000711\pano_0000_002181_heading62.92_pitch-0.73_right90_square_fov90.0_640x640.jpg,0.0,0
data/UrbanWaste-images-10k-right\year_2018\TMX7316010203-000711\pano_0000_002193_heading70.08_pitch-1.01_right90_square_fov90.0_640x640.jpg,0.2516838610172272,1
data/UrbanWaste-images-10k-right\year_2018\TMX7316010203-000711\pano_0000_002237_heading110.69_pitch-1.84_right90_square_fov90.0_640x640.jpg,0.0,0
data/UrbanWaste-images-10k-right\year_2018\TMX7316010203-000711\pano_0000_002247_heading130.32_pitch-0.46_right90_square_fov90.0_640x640.jpg,0.269523561000824,1
data/UrbanWaste-images-10k-right\year_2018\TMX7316010203-000711\pano_0000_002436_heading209.62_pitch1.41_right90_square_fov90.0_640x640.jpg,0.2704300284385681,1
data/UrbanWaste-images-10k-right\year_2018\TMX7316010203-000711\pano_0000_002499_heading144.12_pitch-0.72_right90_square_fov90.0_640x640.jpg,0.0,0
data/UrbanWaste-images-10k-right\year_2018\TMX7316010203-000711\pano_0000_002666_heading277.49_pitch0.19_right90_square_fov90.0_640x640.jpg,0.0,0
data/UrbanWaste-images-10k-right\year_2018\TMX7316010203-000711\pano_0000_002738_heading11.73_pitch-2.65_right90_square_fov90.0_640x640.jpg,0.2521360218524933,1
data/UrbanWaste-images-10k-right\year_2018\TMX7316010203-000711\pano_0000_002740_heading18.26_pitch-1.76_right90_square_fov90.0_640x640.jpg,0.0,0
data/UrbanWaste-images-10k-right\year_2018\TMX7316010203-000711\pano_0000_002748_heading314.26_pitch-0.66_right90_square_fov90.0_640x640.jpg,0.0,0
data/UrbanWaste-images-10k-right\year_2018\TMX7316010203-000711\pano_0000_002798_heading90.94_pitch1.30_right90_square_fov90.0_640x640.jpg,0.0,0
data/UrbanWaste-images-10k-right\year_2018\TMX7316010203-000711\pano_0000_002842_heading209.96_pitch-1.28_right90_square_fov90.0_640x640.jpg,0.0,0
data/UrbanWaste-images-10k-right\year_2018\TMX7316010203-000711\pano_0000_002978_heading147.56_pitch-0.29_right90_square_fov90.0_640x640.jpg,0.0,0
data/UrbanWaste-images-10k-right\year_2018\TMX7316010203-000711\pano_0000_002982_heading131.36_pitch-1.79_right90_square_fov90.0_640x640.jpg,0.3305405378341675,1
data/UrbanWaste-images-10k-right\year_2018\TMX7316010203-000711\pano_0000_003047_heading205.36_pitch-0.17_right90_square_fov90.0_640x640.jpg,0.0,0
data/UrbanWaste-images-10k-right\year_2018\TMX7316010203-000711\pano_0000_003135_heading26.61_pitch-0.24_right90_square_fov90.0_640x640.jpg,0.0,0
data/UrbanWaste-images-10k-right\year_2018\TMX7316010203-000711\pano_0000_003151_heading26.08_pitch-0.37_right90_square_fov90.0_640x640.jpg,0.3200315237045288,1
data/UrbanWaste-images-10k-right\year_2018\TMX7316010203-000711\pano_0000_003155_heading30.92_pitch-0.44_right90_square_fov90.0_640x640.jpg,0.0,0
data/UrbanWaste-images-10k-right\year_2018\TMX7316010203-000711\pano_0000_003175_heading142.23_pitch0.11_right90_square_fov90.0_640x640.jpg,0.0,0
data/UrbanWaste-images-10k-right\year_2018\TMX7316010203-000711\pano_0000_003245_heading231.30_pitch0.38_right90_square_fov90.0_640x640.jpg,0.0,0
data/UrbanWaste-images-10k-right\year_2018\TMX7316010203-000711\pano_0000_003277_heading309.01_pitch0.28_right90_square_fov90.0_640x640.jpg,0.44286009669303894,3
data/UrbanWaste-images-10k-right\year_2018\TMX7316010203-000711\pano_0000_003283_heading309.17_pitch-0.35_right90_square_fov90.0_640x640.jpg,0.0,0
data/UrbanWaste-images-10k-right\year_2018\TMX7316010203-000711\pano_0000_003293_heading308.80_pitch-2.61_right90_square_fov90.0_640x640.jpg,0.0,0
data/UrbanWaste-images-10k-right\year_2018\TMX7316010203-000711\pano_0000_003333_heading25.01_pitch-0.32_right90_square_fov90.0_640x640.jpg,0.2835823595523834,1
data/UrbanWaste-images-10k-right\year_2018\TMX7316010203-000711\pano_0000_003365_heading141.57_pitch-0.62_right90_square_fov90.0_640x640.jpg,0.0,0
data/UrbanWaste-images-10k-right\year_2018\TMX7316010203-000711\pano_0000_003437_heading143.11_pitch-0.18_right90_square_fov90.0_640x640.jpg,0.3133243918418884,1
data/UrbanWaste-images-10k-right\year_2018\TMX7316010203-000711\pano_0000_003479_heading15.49_pitch-0.10_right90_square_fov90.0_640x640.jpg,0.0,0
data/UrbanWaste-images-10k-right\year_2018\TMX7316010203-000711\pano_0000_003505_heading324.73_pitch-0.27_right90_square_fov90.0_640x640.jpg,0.0,0
data/UrbanWaste-images-10k-right\year_2018\TMX7316010203-000711\pano_0000_003511_heading324.97_pitch0.28_right90_square_fov90.0_640x640.jpg,0.0,0
data/UrbanWaste-images-10k-right\year_2018\TMX7316010203-000711\pano_0000_003545_heading320.63_pitch-0.47_right90_square_fov90.0_640x640.jpg,0.0,0
data/UrbanWaste-images-10k-right\year_2018\TMX7316010203-000711\pano_0000_003561_heading30.59_pitch-0.36_right90_square_fov90.0_640x640.jpg,0.0,0
data/UrbanWaste-images-10k-right\year_2018\TMX7316010203-000711\pano_0000_003618_heading211.47_pitch-0.47_right90_square_fov90.0_640x640.jpg,0.27473002672195435,3
data/UrbanWaste-images-10k-right\year_2018\TMX7316010203-000711\pano_0000_003632_heading210.75_pitch-0.83_right90_square_fov90.0_640x640.jpg,0.0,0
data/UrbanWaste-images-10k-right\year_2018\TMX7316010203-000711\pano_0000_003636_heading211.35_pitch-0.10_right90_square_fov90.0_640x640.jpg,0.0,0
data/UrbanWaste-images-10k-right\year_2018\TMX7316010203-000711\pano_0000_003696_heading29.66_pitch-0.48_right90_square_fov90.0_640x640.jpg,0.0,0
data/UrbanWaste-images-10k-right\year_2018\TMX7316010203-000711\pano_0000_003722_heading270.66_pitch-0.25_right90_square_fov90.0_640x640.jpg,0.5752671360969543,2
data/UrbanWaste-images-10k-right\year_2018\TMX7316010203-000711\pano_0000_003778_heading335.75_pitch-2.33_right90_square_fov90.0_640x640.jpg,0.0,0
data/UrbanWaste-images-10k-right\year_2018\TMX7316010203-000711\pano_0000_003810_heading24.56_pitch0.34_right90_square_fov90.0_640x640.jpg,0.0,0
data/UrbanWaste-images-10k-right\year_2018\TMX7316010203-000711\pano_0000_003820_heading4.04_pitch0.01_right90_square_fov90.0_640x640.jpg,0.0,0
data/UrbanWaste-images-10k-right\year_2018\TMX7316010203-000711\pano_0000_003846_heading349.59_pitch-0.34_right90_square_fov90.0_640x640.jpg,0.0,0
data/UrbanWaste-images-10k-right\year_2018\TMX7316010203-000711\pano_0000_003868_heading99.03_pitch2.76_right90_square_fov90.0_640x640.jpg,0.0,0
data/UrbanWaste-images-10k-right\year_2018\TMX7316010203-000711\pano_0000_003908_heading116.42_pitch-0.20_right90_square_fov90.0_640x640.jpg,0.0,0
data/UrbanWaste-images-10k-right\year_2018\TMX7316010203-000711\pano_0000_003956_heading115.86_pitch3.38_right90_square_fov90.0_640x640.jpg,0.0,0
data/UrbanWaste-images-10k-right\year_2018\TMX7316010203-000711\pano_0000_003970_heading116.86_pitch0.15_right90_square_fov90.0_640x640.jpg,0.27735769748687744,1
data/UrbanWaste-images-10k-right\year_2018\TMX7316010203-000711\pano_0000_003974_heading116.99_pitch-0.36_right90_square_fov90.0_640x640.jpg,0.36877158284187317,1
data/UrbanWaste-images-10k-right\year_2018\TMX7316010203-000711\pano_0000_004032_heading291.12_pitch0.92_right90_square_fov90.0_640x640.jpg,0.34580516815185547,1
data/UrbanWaste-images-10k-right\year_2018\TMX7316010203-000711\pano_0000_004036_heading225.79_pitch-0.19_right90_square_fov90.0_640x640.jpg,0.0,0
data/UrbanWaste-images-10k-right\year_2018\TMX7316010203-000711\pano_0000_004064_heading108.60_pitch-0.90_right90_square_fov90.0_640x640.jpg,0.2663199007511139,1
data/UrbanWaste-images-10k-right\year_2018\TMX7316010203-000711\pano_0000_004072_heading103.96_pitch-1.35_right90_square_fov90.0_640x640.jpg,0.2911284565925598,1
data/UrbanWaste-images-10k-right\year_2018\TMX7316010203-000711\pano_0000_004092_heading104.19_pitch-4.48_right90_square_fov90.0_640x640.jpg,0.33720964193344116,3
data/UrbanWaste-images-10k-right\year_2018\TMX7316010203-000711\pano_0000_004094_heading177.68_pitch-3.81_right90_square_fov90.0_640x640.jpg,0.47279155254364014,3
data/UrbanWaste-images-10k-right\year_2018\TMX7316010203-000711\pano_0000_004106_heading211.30_pitch0.61_right90_square_fov90.0_640x640.jpg,0.2992810010910034,1
data/UrbanWaste-images-10k-right\year_2018\TMX7316010203-000711\pano_0000_004212_heading223.88_pitch-0.78_right90_square_fov90.0_640x640.jpg,0.29018476605415344,1
data/UrbanWaste-images-10k-right\year_2018\TMX7316010203-000711\pano_0000_004232_heading323.13_pitch-0.97_right90_square_fov90.0_640x640.jpg,0.0,0
data/UrbanWaste-images-10k-right\year_2018\TMX7316010203-000711\pano_0000_004252_heading317.83_pitch0.55_right90_square_fov90.0_640x640.jpg,0.0,0
data/UrbanWaste-images-10k-right\year_2018\TMX7316010203-000711\pano_0000_004272_heading37.94_pitch0.32_right90_square_fov90.0_640x640.jpg,0.2758401930332184,1
data/UrbanWaste-images-10k-right\year_2018\TMX7316010203-000711\pano_0000_004372_heading321.70_pitch-0.49_right90_square_fov90.0_640x640.jpg,0.0,0
data/UrbanWaste-images-10k-right\year_2018\TMX7316010203-000711\pano_0000_004446_heading220.76_pitch-0.48_right90_square_fov90.0_640x640.jpg,0.0,0
data/UrbanWaste-images-10k-right\year_2018\TMX7316010203-000711\pano_0000_004488_heading323.52_pitch0.02_right90_square_fov90.0_640x640.jpg,0.27788424491882324,1
data/UrbanWaste-images-10k-right\year_2018\TMX7316010203-000711\pano_0000_004496_heading321.11_pitch-0.14_right90_square_fov90.0_640x640.jpg,0.3290630877017975,1
data/UrbanWaste-images-10k-right\year_2018\TMX7316010203-000711\pano_0000_004502_heading323.01_pitch0.21_right90_square_fov90.0_640x640.jpg,0.40551459789276123,2
data/UrbanWaste-images-10k-right\year_2018\TMX7316010203-000711\pano_0000_004530_heading302.15_pitch0.01_right90_square_fov90.0_640x640.jpg,0.0,0
data/UrbanWaste-images-10k-right\year_2018\TMX7316010203-000711\pano_0000_004548_heading29.88_pitch-2.18_right90_square_fov90.0_640x640.jpg,0.0,0
data/UrbanWaste-images-10k-right\year_2018\TMX7316010203-000711\pano_0000_004566_heading78.15_pitch-1.09_right90_square_fov90.0_640x640.jpg,0.0,0
data/UrbanWaste-images-10k-right\year_2018\TMX7316010203-000711\pano_0000_004570_heading79.64_pitch-0.12_right90_square_fov90.0_640x640.jpg,0.0,0
data/UrbanWaste-images-10k-right\year_2018\TMX7316010203-000714\pano_0001_000021_heading344.64_pitch0.44_right90_square_fov90.0_640x640.jpg,0.0,0
data/UrbanWaste-images-10k-right\year_2018\TMX7316010203-000714\pano_0001_000277_heading182.53_pitch0.06_right90_square_fov90.0_640x640.jpg,0.0,0
data/UrbanWaste-images-10k-right\year_2018\TMX7316010203-000714\pano_0001_000334_heading174.43_pitch-1.30_right90_square_fov90.0_640x640.jpg,0.48048126697540283,3
data/UrbanWaste-images-10k-right\year_2018\TMX7316010203-000714\pano_0001_000400_heading0.10_pitch0.11_right90_square_fov90.0_640x640.jpg,0.0,0
data/UrbanWaste-images-10k-right\year_2018\TMX7316010203-000714\pano_0001_000514_heading9.28_pitch-0.10_right90_square_fov90.0_640x640.jpg,0.0,0
data/UrbanWaste-images-10k-right\year_2018\TMX7316010203-000714\pano_0001_000712_heading88.70_pitch0.91_right90_square_fov90.0_640x640.jpg,0.27623915672302246,1
data/UrbanWaste-images-10k-right\year_2018\TMX7316010203-000714\pano_0001_000728_heading94.32_pitch-1.17_right90_square_fov90.0_640x640.jpg,0.2742241621017456,1
data/UrbanWaste-images-10k-right\year_2018\TMX7316010203-000714\pano_0001_000734_heading179.38_pitch-1.18_right90_square_fov90.0_640x640.jpg,0.5487903952598572,1
data/UrbanWaste-images-10k-right\year_2018\TMX7316010203-000714\pano_0001_000742_heading171.67_pitch-0.12_right90_square_fov90.0_640x640.jpg,0.3265994191169739,1
data/UrbanWaste-images-10k-right\year_2018\TMX7316010203-000714\pano_0001_000744_heading172.72_pitch-0.20_right90_square_fov90.0_640x640.jpg,0.0,0
data/UrbanWaste-images-10k-right\year_2018\TMX7316010203-000714\pano_0001_000780_heading327.57_pitch-0.03_right90_square_fov90.0_640x640.jpg,0.26611068844795227,1
data/UrbanWaste-images-10k-right\year_2018\TMX7316010203-000714\pano_0001_000813_heading110.12_pitch-0.47_right90_square_fov90.0_640x640.jpg,0.0,0
data/UrbanWaste-images-10k-right\year_2018\TMX7316010203-000714\pano_0001_000838_heading289.89_pitch0.54_right90_square_fov90.0_640x640.jpg,0.0,0
data/UrbanWaste-images-10k-right\year_2018\TMX7316010203-000714\pano_0001_000904_heading82.17_pitch-1.72_right90_square_fov90.0_640x640.jpg,0.5823625922203064,4
data/UrbanWaste-images-10k-right\year_2018\TMX7316010203-000714\pano_0001_000942_heading225.15_pitch-0.32_right90_square_fov90.0_640x640.jpg,0.35510876774787903,3
data/UrbanWaste-images-10k-right\year_2018\TMX7316010203-000714\pano_0001_000952_heading184.98_pitch0.20_right90_square_fov90.0_640x640.jpg,0.26843246817588806,1
data/UrbanWaste-images-10k-right\year_2018\TMX7316010203-000714\pano_0001_000990_heading40.79_pitch-1.48_right90_square_fov90.0_640x640.jpg,0.2801108658313751,1
data/UrbanWaste-images-10k-right\year_2018\TMX7316010203-000714\pano_0001_001022_heading98.61_pitch-0.15_right90_square_fov90.0_640x640.jpg,0.39167189598083496,1
data/UrbanWaste-images-10k-right\year_2018\TMX7316010203-000714\pano_0001_001036_heading99.69_pitch0.04_right90_square_fov90.0_640x640.jpg,0.3236237168312073,2
data/UrbanWaste-images-10k-right\year_2018\TMX7316010203-000714\pano_0001_001044_heading98.30_pitch-2.00_right90_square_fov90.0_640x640.jpg,0.3335687518119812,5
data/UrbanWaste-images-10k-right\year_2018\TMX7316010203-000714\pano_0001_001119_heading97.92_pitch-2.29_right90_square_fov90.0_640x640.jpg,0.0,0
data/UrbanWaste-images-10k-right\year_2018\TMX7316010203-000714\pano_0001_001158_heading94.85_pitch-0.01_right90_square_fov90.0_640x640.jpg,0.2801123857498169,1
data/UrbanWaste-images-10k-right\year_2018\TMX7316010203-000714\pano_0001_001377_heading224.95_pitch-0.25_right90_square_fov90.0_640x640.jpg,0.0,0
data/UrbanWaste-images-10k-right\year_2018\TMX7316010203-000714\pano_0001_001621_heading47.32_pitch0.22_right90_square_fov90.0_640x640.jpg,0.26843002438545227,1
data/UrbanWaste-images-10k-right\year_2018\TMX7316010203-000714\pano_0001_001662_heading140.90_pitch-0.74_right90_square_fov90.0_640x640.jpg,0.34459227323532104,1
data/UrbanWaste-images-10k-right\year_2018\TMX7316010203-000714\pano_0001_001702_heading220.77_pitch-0.27_right90_square_fov90.0_640x640.jpg,0.26901692152023315,1
data/UrbanWaste-images-10k-right\year_2018\TMX7316010203-000714\pano_0001_001724_heading220.36_pitch-0.25_right90_square_fov90.0_640x640.jpg,0.27567145228385925,2
data/UrbanWaste-images-10k-right\year_2018\TMX7316010203-000714\pano_0001_001758_heading223.69_pitch-0.71_right90_square_fov90.0_640x640.jpg,0.26200222969055176,1
data/UrbanWaste-images-10k-right\year_2018\TMX7316010203-000714\pano_0001_001900_heading9.07_pitch-0.43_right90_square_fov90.0_640x640.jpg,0.270142138004303,1
data/UrbanWaste-images-10k-right\year_2018\TMX7316010203-000714\pano_0001_001906_heading15.06_pitch-1.08_right90_square_fov90.0_640x640.jpg,0.2712242007255554,1
data/UrbanWaste-images-10k-right\year_2018\TMX7316010203-000714\pano_0001_001970_heading218.63_pitch0.13_right90_square_fov90.0_640x640.jpg,0.0,0
data/UrbanWaste-images-10k-right\year_2018\TMX7316010203-000714\pano_0001_002020_heading277.40_pitch-0.00_right90_square_fov90.0_640x640.jpg,0.0,0
data/UrbanWaste-images-10k-right\year_2018\TMX7316010203-000714\pano_0001_002150_heading338.07_pitch-0.18_right90_square_fov90.0_640x640.jpg,0.0,0
data/UrbanWaste-images-10k-right\year_2018\TMX7316010203-000714\pano_0001_002160_heading339.25_pitch-2.98_right90_square_fov90.0_640x640.jpg,0.0,0
data/UrbanWaste-images-10k-right\year_2018\TMX7316010203-000714\pano_0001_002166_heading355.55_pitch6.66_right90_square_fov90.0_640x640.jpg,0.0,0
data/UrbanWaste-images-10k-right\year_2018\TMX7316010203-000714\pano_0001_002194_heading5.44_pitch-0.03_right90_square_fov90.0_640x640.jpg,0.25768470764160156,1
data/UrbanWaste-images-10k-right\year_2018\TMX7316010203-000714\pano_0001_002200_heading8.27_pitch-1.83_right90_square_fov90.0_640x640.jpg,0.2692331373691559,2
data/UrbanWaste-images-10k-right\year_2018\TMX7316010203-000714\pano_0001_002242_heading9.33_pitch-3.12_right90_square_fov90.0_640x640.jpg,0.2647908627986908,1
data/UrbanWaste-images-10k-right\year_2018\TMX7316010203-000714\pano_0001_002310_heading277.82_pitch-0.44_right90_square_fov90.0_640x640.jpg,0.0,0
data/UrbanWaste-images-10k-right\year_2018\TMX7316010203-000714\pano_0001_002328_heading9.29_pitch-0.78_right90_square_fov90.0_640x640.jpg,0.0,0
data/UrbanWaste-images-10k-right\year_2018\TMX7316010203-000714\pano_0001_002350_heading9.32_pitch0.23_right90_square_fov90.0_640x640.jpg,0.3162902295589447,1
data/UrbanWaste-images-10k-right\year_2018\TMX7316010203-000714\pano_0001_002378_heading43.76_pitch1.78_right90_square_fov90.0_640x640.jpg,0.0,0
data/UrbanWaste-images-10k-right\year_2018\TMX7316010203-000714\pano_0001_002396_heading43.60_pitch-0.33_right90_square_fov90.0_640x640.jpg,0.0,0
data/UrbanWaste-images-10k-right\year_2018\TMX7316010203-000714\pano_0001_002398_heading44.14_pitch-0.12_right90_square_fov90.0_640x640.jpg,0.4172404706478119,1
data/UrbanWaste-images-10k-right\year_2018\TMX7316010203-000714\pano_0001_002434_heading43.53_pitch-0.20_right90_square_fov90.0_640x640.jpg,0.0,0
data/UrbanWaste-images-10k-right\year_2018\TMX7316010203-000714\pano_0001_002477_heading127.97_pitch2.43_right90_square_fov90.0_640x640.jpg,0.2502813935279846,1
data/UrbanWaste-images-10k-right\year_2018\TMX7316010203-000714\pano_0001_002481_heading36.84_pitch2.49_right90_square_fov90.0_640x640.jpg,0.2690823972225189,1
data/UrbanWaste-images-10k-right\year_2018\TMX7316010203-000714\pano_0001_002507_heading52.50_pitch-4.74_right90_square_fov90.0_640x640.jpg,0.2574809193611145,1
data/UrbanWaste-images-10k-right\year_2018\TMX7316010203-000714\pano_0001_002515_heading322.46_pitch2.76_right90_square_fov90.0_640x640.jpg,0.3413578271865845,1
data/UrbanWaste-images-10k-right\year_2018\TMX7316010203-000714\pano_0001_002604_heading148.18_pitch2.03_right90_square_fov90.0_640x640.jpg,0.2506674826145172,1
data/UrbanWaste-images-10k-right\year_2018\TMX7316010203-000714\pano_0001_002614_heading221.08_pitch-0.52_right90_square_fov90.0_640x640.jpg,0.46712175011634827,3
data/UrbanWaste-images-10k-right\year_2018\TMX7316010203-000714\pano_0001_002632_heading222.35_pitch-0.41_right90_square_fov90.0_640x640.jpg,0.2714511454105377,1
data/UrbanWaste-images-10k-right\year_2018\TMX7316010203-000714\pano_0001_002644_heading138.65_pitch-0.39_right90_square_fov90.0_640x640.jpg,0.0,0
data/UrbanWaste-images-10k-right\year_2018\TMX7316010203-000714\pano_0001_002680_heading219.35_pitch-0.32_right90_square_fov90.0_640x640.jpg,0.42800313234329224,5
data/UrbanWaste-images-10k-right\year_2018\TMX7316010203-000714\pano_0001_002750_heading188.41_pitch-2.55_right90_square_fov90.0_640x640.jpg,0.30234429240226746,1
data/UrbanWaste-images-10k-right\year_2018\TMX7316010203-000714\pano_0001_002754_heading189.51_pitch-0.21_right90_square_fov90.0_640x640.jpg,0.0,0
data/UrbanWaste-images-10k-right\year_2018\TMX7316010203-000714\pano_0001_002809_heading263.15_pitch1.99_right90_square_fov90.0_640x640.jpg,0.3578711450099945,1
data/UrbanWaste-images-10k-right\year_2018\TMX7316010203-000714\pano_0001_002811_heading263.59_pitch0.27_right90_square_fov90.0_640x640.jpg,0.0,0
data/UrbanWaste-images-10k-right\year_2018\TMX7316010203-000714\pano_0001_002928_heading159.03_pitch0.06_right90_square_fov90.0_640x640.jpg,0.2675148844718933,1
data/UrbanWaste-images-10k-right\year_2018\TMX7316010203-000714\pano_0001_002952_heading249.38_pitch-2.36_right90_square_fov90.0_640x640.jpg,0.0,0
data/UrbanWaste-images-10k-right\year_2018\TMX7316010203-000714\pano_0001_002976_heading338.28_pitch-1.00_right90_square_fov90.0_640x640.jpg,0.0,0
data/UrbanWaste-images-10k-right\year_2018\TMX7316010203-000714\pano_0001_002978_heading338.78_pitch-0.97_right90_square_fov90.0_640x640.jpg,0.0,0
data/UrbanWaste-images-10k-right\year_2018\TMX7316010203-000714\pano_0001_003068_heading159.62_pitch-0.10_right90_square_fov90.0_640x640.jpg,0.3453167676925659,1
data/UrbanWaste-images-10k-right\year_2018\TMX7316010203-000714\pano_0001_003076_heading161.56_pitch-0.05_right90_square_fov90.0_640x640.jpg,0.0,0
data/UrbanWaste-images-10k-right\year_2018\TMX7316010203-000714\pano_0001_003084_heading144.08_pitch-0.59_right90_square_fov90.0_640x640.jpg,0.5736829042434692,1
data/UrbanWaste-images-10k-right\year_2018\TMX7316010203-000714\pano_0001_003206_heading204.02_pitch-3.03_right90_square_fov90.0_640x640.jpg,0.0,0
data/UrbanWaste-images-10k-right\year_2018\TMX7316010203-000714\pano_0001_003266_heading159.18_pitch-0.03_right90_square_fov90.0_640x640.jpg,0.0,0
data/UrbanWaste-images-10k-right\year_2018\TMX7316010203-000714\pano_0001_003348_heading159.54_pitch0.24_right90_square_fov90.0_640x640.jpg,0.0,0
data/UrbanWaste-images-10k-right\year_2018\TMX7316010203-000714\pano_0001_003467_heading159.60_pitch-0.01_right90_square_fov90.0_640x640.jpg,0.35570499300956726,1
data/UrbanWaste-images-10k-right\year_2018\TMX7316010203-000714\pano_0001_003471_heading159.98_pitch0.32_right90_square_fov90.0_640x640.jpg,0.0,0
data/UrbanWaste-images-10k-right\year_2018\TMX7316010203-000714\pano_0001_003491_heading160.10_pitch-1.40_right90_square_fov90.0_640x640.jpg,0.0,0
data/UrbanWaste-images-10k-right\year_2018\TMX7316010203-000714\pano_0001_003539_heading339.42_pitch-0.92_right90_square_fov90.0_640x640.jpg,0.0,0
data/UrbanWaste-images-10k-right\year_2018\TMX7316010203-000714\pano_0001_003557_heading247.26_pitch1.08_right90_square_fov90.0_640x640.jpg,0.0,0
data/UrbanWaste-images-10k-right\year_2018\TMX7316010203-000714\pano_0001_003776_heading160.98_pitch0.38_right90_square_fov90.0_640x640.jpg,0.0,0
data/UrbanWaste-images-10k-right\year_2018\TMX7316010203-000714\pano_0001_003863_heading140.19_pitch-1.19_right90_square_fov90.0_640x640.jpg,0.0,0
data/UrbanWaste-images-10k-right\year_2018\TMX7316010203-000714\pano_0001_003871_heading341.70_pitch0.47_right90_square_fov90.0_640x640.jpg,0.2736094892024994,1
data/UrbanWaste-images-10k-right\year_2018\TMX7316010203-000714\pano_0001_003986_heading339.48_pitch-0.69_right90_square_fov90.0_640x640.jpg,0.0,0
data/UrbanWaste-images-10k-right\year_2018\TMX7316010203-000714\pano_0001_004052_heading344.94_pitch-0.19_right90_square_fov90.0_640x640.jpg,0.31435149908065796,1
data/UrbanWaste-images-10k-right\year_2018\TMX7316010203-000714\pano_0001_004194_heading1.81_pitch-0.08_right90_square_fov90.0_640x640.jpg,0.0,0
data/UrbanWaste-images-10k-right\year_2018\TMX7316010203-000714\pano_0001_004236_heading34.47_pitch-1.29_right90_square_fov90.0_640x640.jpg,0.0,0
data/UrbanWaste-images-10k-right\year_2018\TMX7316010203-000714\pano_0001_004461_heading208.35_pitch-0.88_right90_square_fov90.0_640x640.jpg,0.2644519507884979,1
data/UrbanWaste-images-10k-right\year_2018\TMX7316010203-000714\pano_0001_004483_heading230.15_pitch-2.87_right90_square_fov90.0_640x640.jpg,0.2708081007003784,1
data/UrbanWaste-images-10k-right\year_2018\TMX7316010203-000714\pano_0001_004640_heading34.20_pitch-0.15_right90_square_fov90.0_640x640.jpg,0.0,0
data/UrbanWaste-images-10k-right\year_2018\TMX7316010203-000714\pano_0001_004742_heading56.74_pitch-0.41_right90_square_fov90.0_640x640.jpg,0.3094719648361206,2
data/UrbanWaste-images-10k-right\year_2018\TMX7316010203-000714\pano_0001_004767_heading70.98_pitch0.98_right90_square_fov90.0_640x640.jpg,0.3126085698604584,2
data/UrbanWaste-images-10k-right\year_2018\TMX7316010203-000714\pano_0001_004802_heading239.67_pitch0.77_right90_square_fov90.0_640x640.jpg,0.0,0
data/UrbanWaste-images-10k-right\year_2018\TMX7316010203-000714\pano_0001_004836_heading1.87_pitch-0.33_right90_square_fov90.0_640x640.jpg,0.0,0
data/UrbanWaste-images-10k-right\year_2018\TMX7316010203-000714\pano_0001_004846_heading74.88_pitch0.13_right90_square_fov90.0_640x640.jpg,0.37349507212638855,2
data/UrbanWaste-images-10k-right\year_2018\TMX7316010203-000714\pano_0001_004854_heading74.87_pitch0.28_right90_square_fov90.0_640x640.jpg,0.0,0
data/UrbanWaste-images-10k-right\year_2018\TMX7316010203-000714\pano_0001_004959_heading149.17_pitch0.56_right90_square_fov90.0_640x640.jpg,0.2501032054424286,1
data/UrbanWaste-images-10k-right\year_2018\TMX7316010203-000714\pano_0001_004963_heading149.13_pitch0.04_right90_square_fov90.0_640x640.jpg,0.0,0
data/UrbanWaste-images-10k-right\year_2018\TMX7316010203-000714\pano_0001_004973_heading239.16_pitch-0.61_right90_square_fov90.0_640x640.jpg,0.26454615592956543,1
data/UrbanWaste-images-10k-right\year_2018\TMX7316010203-000714\pano_0001_005059_heading62.77_pitch-0.38_right90_square_fov90.0_640x640.jpg,0.0,0
data/UrbanWaste-images-10k-right\year_2018\TMX7316010203-000714\pano_0001_005069_heading63.62_pitch-1.35_right90_square_fov90.0_640x640.jpg,0.0,0
data/UrbanWaste-images-10k-right\year_2018\TMX7316010203-000714\pano_0001_005184_heading231.07_pitch-0.37_right90_square_fov90.0_640x640.jpg,0.0,0
data/UrbanWaste-images-10k-right\year_2018\TMX7316010203-000714\pano_0001_005198_heading327.31_pitch4.06_right90_square_fov90.0_640x640.jpg,0.6567739248275757,2
data/UrbanWaste-images-10k-right\year_2018\TMX7316010203-000714\pano_0001_005206_heading242.77_pitch-0.27_right90_square_fov90.0_640x640.jpg,0.0,0
data/UrbanWaste-images-10k-right\year_2018\TMX7316010203-000714\pano_0001_005236_heading62.94_pitch-0.93_right90_square_fov90.0_640x640.jpg,0.33447012305259705,3
data/UrbanWaste-images-10k-right\year_2018\TMX7316010203-000714\pano_0001_005244_heading63.26_pitch0.79_right90_square_fov90.0_640x640.jpg,0.31372296810150146,2
data/UrbanWaste-images-10k-right\year_2018\TMX7316010203-000714\pano_0001_005262_heading63.21_pitch0.31_right90_square_fov90.0_640x640.jpg,0.0,0
data/UrbanWaste-images-10k-right\year_2018\TMX7316010203-000716\pano_0000_000006_heading147.31_pitch-0.24_right90_square_fov90.0_640x640.jpg,0.0,0
data/UrbanWaste-images-10k-right\year_2018\TMX7316010203-000716\pano_0000_000022_heading144.29_pitch-0.45_right90_square_fov90.0_640x640.jpg,0.0,0
data/UrbanWaste-images-10k-right\year_2018\TMX7316010203-000716\pano_0000_000040_heading126.34_pitch-0.12_right90_square_fov90.0_640x640.jpg,0.0,0
data/UrbanWaste-images-10k-right\year_2018\TMX7316010203-000716\pano_0000_000072_heading24.93_pitch-0.59_right90_square_fov90.0_640x640.jpg,0.0,0
data/UrbanWaste-images-10k-right\year_2018\TMX7316010203-000716\pano_0000_000183_heading38.96_pitch-0.26_right90_square_fov90.0_640x640.jpg,0.0,0
data/UrbanWaste-images-10k-right\year_2018\TMX7316010203-000716\pano_0000_000187_heading39.02_pitch-0.36_right90_square_fov90.0_640x640.jpg,0.0,0
data/UrbanWaste-images-10k-right\year_2018\TMX7316010203-000716\pano_0000_000216_heading38.29_pitch-0.31_right90_square_fov90.0_640x640.jpg,0.6899239420890808,1
data/UrbanWaste-images-10k-right\year_2018\TMX7316010203-000716\pano_0000_000226_heading38.48_pitch-1.00_right90_square_fov90.0_640x640.jpg,0.0,0
data/UrbanWaste-images-10k-right\year_2018\TMX7316010203-000716\pano_0000_000294_heading293.28_pitch-3.64_right90_square_fov90.0_640x640.jpg,0.392827570438385,2
data/UrbanWaste-images-10k-right\year_2018\TMX7316010203-000716\pano_0000_000342_heading218.87_pitch0.00_right90_square_fov90.0_640x640.jpg,0.0,0
data/UrbanWaste-images-10k-right\year_2018\TMX7316010203-000716\pano_0000_000360_heading307.26_pitch0.13_right90_square_fov90.0_640x640.jpg,0.0,0
data/UrbanWaste-images-10k-right\year_2018\TMX7316010203-000716\pano_0000_000430_heading78.72_pitch1.36_right90_square_fov90.0_640x640.jpg,0.25529196858406067,1
data/UrbanWaste-images-10k-right\year_2018\TMX7316010203-000716\pano_0000_000484_heading345.49_pitch0.79_right90_square_fov90.0_640x640.jpg,0.0,0
data/UrbanWaste-images-10k-right\year_2018\TMX7316010203-000716\pano_0000_000502_heading351.52_pitch-0.75_right90_square_fov90.0_640x640.jpg,0.2680776119232178,2
data/UrbanWaste-images-10k-right\year_2018\TMX7316010203-000716\pano_0000_000515_heading37.27_pitch-0.79_right90_square_fov90.0_640x640.jpg,0.0,0
data/UrbanWaste-images-10k-right\year_2018\TMX7316010203-000716\pano_0000_000527_heading97.26_pitch0.22_right90_square_fov90.0_640x640.jpg,0.0,0
data/UrbanWaste-images-10k-right\year_2018\TMX7316010203-000716\pano_0000_000716_heading86.35_pitch-1.37_right90_square_fov90.0_640x640.jpg,0.0,0
data/UrbanWaste-images-10k-right\year_2018\TMX7316010203-000716\pano_0000_000808_heading335.85_pitch-0.33_right90_square_fov90.0_640x640.jpg,0.0,0
data/UrbanWaste-images-10k-right\year_2018\TMX7316010203-000716\pano_0000_000903_heading132.57_pitch0.44_right90_square_fov90.0_640x640.jpg,0.28686800599098206,1
data/UrbanWaste-images-10k-right\year_2018\TMX7316010203-000716\pano_0000_000921_heading264.32_pitch-0.11_right90_square_fov90.0_640x640.jpg,0.25002458691596985,1
data/UrbanWaste-images-10k-right\year_2018\TMX7316010203-000716\pano_0000_000994_heading304.62_pitch-0.13_right90_square_fov90.0_640x640.jpg,0.0,0
data/UrbanWaste-images-10k-right\year_2018\TMX7316010203-000716\pano_0000_001016_heading296.92_pitch-0.60_right90_square_fov90.0_640x640.jpg,0.31616905331611633,9
data/UrbanWaste-images-10k-right\year_2018\TMX7316010203-000716\pano_0000_001050_heading180.24_pitch-0.12_right90_square_fov90.0_640x640.jpg,0.0,0
data/UrbanWaste-images-10k-right\year_2018\TMX7316010203-000716\pano_0000_001056_heading125.32_pitch-0.45_right90_square_fov90.0_640x640.jpg,0.0,0
data/UrbanWaste-images-10k-right\year_2018\TMX7316010203-000716\pano_0000_001078_heading4.59_pitch1.33_right90_square_fov90.0_640x640.jpg,0.0,0
data/UrbanWaste-images-10k-right\year_2018\TMX7316010203-000716\pano_0000_001114_heading20.62_pitch-0.76_right90_square_fov90.0_640x640.jpg,0.0,0
data/UrbanWaste-images-10k-right\year_2018\TMX7316010203-000716\pano_0000_001150_heading116.36_pitch-0.27_right90_square_fov90.0_640x640.jpg,0.3871365487575531,5
data/UrbanWaste-images-10k-right\year_2018\TMX7316010203-000716\pano_0000_001180_heading211.27_pitch-3.97_right90_square_fov90.0_640x640.jpg,0.0,0
data/UrbanWaste-images-10k-right\year_2018\TMX7316010203-000716\pano_0000_001198_heading203.78_pitch1.85_right90_square_fov90.0_640x640.jpg,0.0,0
data/UrbanWaste-images-10k-right\year_2018\TMX7316010203-000716\pano_0000_001334_heading351.49_pitch0.68_right90_square_fov90.0_640x640.jpg,0.2947010397911072,1
data/UrbanWaste-images-10k-right\year_2018\TMX7316010203-000716\pano_0000_001380_heading241.54_pitch0.89_right90_square_fov90.0_640x640.jpg,0.0,0
data/UrbanWaste-images-10k-right\year_2018\TMX7316010203-000716\pano_0000_001382_heading238.46_pitch0.04_right90_square_fov90.0_640x640.jpg,0.30882078409194946,1
data/UrbanWaste-images-10k-right\year_2018\TMX7316010203-000716\pano_0000_001434_heading304.91_pitch-0.37_right90_square_fov90.0_640x640.jpg,0.0,0
data/UrbanWaste-images-10k-right\year_2018\TMX7316010203-000716\pano_0000_001440_heading304.69_pitch-0.20_right90_square_fov90.0_640x640.jpg,0.0,0
data/UrbanWaste-images-10k-right\year_2018\TMX7316010203-000716\pano_0001_000004_heading164.50_pitch-0.18_right90_square_fov90.0_640x640.jpg,0.0,0
data/UrbanWaste-images-10k-right\year_2018\TMX7316010203-000716\pano_0001_000044_heading339.30_pitch0.33_right90_square_fov90.0_640x640.jpg,0.0,0
data/UrbanWaste-images-10k-right\year_2018\TMX7316010203-000716\pano_0001_000056_heading339.73_pitch-1.87_right90_square_fov90.0_640x640.jpg,0.25815391540527344,1
data/UrbanWaste-images-10k-right\year_2018\TMX7316010203-000716\pano_0001_000188_heading201.42_pitch0.91_right90_square_fov90.0_640x640.jpg,0.0,0
data/UrbanWaste-images-10k-right\year_2018\TMX7316010203-000716\pano_0001_000196_heading201.81_pitch0.05_right90_square_fov90.0_640x640.jpg,0.2998354732990265,1
data/UrbanWaste-images-10k-right\year_2018\TMX7316010203-000716\pano_0001_000232_heading150.63_pitch-0.84_right90_square_fov90.0_640x640.jpg,0.0,0
data/UrbanWaste-images-10k-right\year_2018\TMX7316010203-000716\pano_0001_000245_heading89.18_pitch0.03_right90_square_fov90.0_640x640.jpg,0.3387247622013092,2
data/UrbanWaste-images-10k-right\year_2018\TMX7316010203-000716\pano_0001_000247_heading86.41_pitch-0.51_right90_square_fov90.0_640x640.jpg,0.2608470618724823,1
data/UrbanWaste-images-10k-right\year_2018\TMX7316010203-000716\pano_0001_000260_heading91.65_pitch-0.51_right90_square_fov90.0_640x640.jpg,0.0,0
data/UrbanWaste-images-10k-right\year_2018\TMX7316010203-000716\pano_0001_000294_heading180.36_pitch-0.16_right90_square_fov90.0_640x640.jpg,0.0,0
data/UrbanWaste-images-10k-right\year_2018\TMX7316010203-000716\pano_0001_000312_heading168.20_pitch-1.73_right90_square_fov90.0_640x640.jpg,0.3230587840080261,9
data/UrbanWaste-images-10k-right\year_2018\TMX7316010203-000716\pano_0001_000336_heading130.12_pitch1.15_right90_square_fov90.0_640x640.jpg,0.2517402172088623,1
data/UrbanWaste-images-10k-right\year_2018\TMX7316010203-000716\pano_0001_000338_heading113.14_pitch1.04_right90_square_fov90.0_640x640.jpg,0.0,0
data/UrbanWaste-images-10k-right\year_2018\TMX7316010203-000717\pano_0000_000067_heading207.79_pitch-1.98_right90_square_fov90.0_640x640.jpg,0.0,0
data/UrbanWaste-images-10k-right\year_2018\TMX7316010203-000717\pano_0000_000069_heading207.55_pitch-2.61_right90_square_fov90.0_640x640.jpg,0.0,0
data/UrbanWaste-images-10k-right\year_2018\TMX7316010203-000717\pano_0000_000077_heading306.12_pitch-2.41_right90_square_fov90.0_640x640.jpg,0.0,0
data/UrbanWaste-images-10k-right\year_2018\TMX7316010203-000717\pano_0000_000089_heading334.98_pitch1.42_right90_square_fov90.0_640x640.jpg,0.0,0
data/UrbanWaste-images-10k-right\year_2018\TMX7316010203-000717\pano_0000_000105_heading25.52_pitch0.18_right90_square_fov90.0_640x640.jpg,0.0,0
data/UrbanWaste-images-10k-right\year_2018\TMX7316010203-000717\pano_0000_000141_heading0.47_pitch-0.31_right90_square_fov90.0_640x640.jpg,0.29485154151916504,1
data/UrbanWaste-images-10k-right\year_2018\TMX7316010203-000717\pano_0000_000385_heading358.89_pitch-0.60_right90_square_fov90.0_640x640.jpg,0.35223695635795593,1
data/UrbanWaste-images-10k-right\year_2018\TMX7316010203-000717\pano_0000_000403_heading116.00_pitch-2.56_right90_square_fov90.0_640x640.jpg,0.0,0
data/UrbanWaste-images-10k-right\year_2018\TMX7316010203-000717\pano_0000_000405_heading65.29_pitch-4.18_right90_square_fov90.0_640x640.jpg,0.0,0
data/UrbanWaste-images-10k-right\year_2018\TMX7316010203-000717\pano_0000_000421_heading333.84_pitch0.62_right90_square_fov90.0_640x640.jpg,0.41646355390548706,6
data/UrbanWaste-images-10k-right\year_2018\TMX7316010203-000717\pano_0000_000431_heading349.28_pitch-1.74_right90_square_fov90.0_640x640.jpg,0.4486980438232422,8
data/UrbanWaste-images-10k-right\year_2018\TMX7316010203-000717\pano_0000_000511_heading31.62_pitch-0.40_right90_square_fov90.0_640x640.jpg,0.0,0
data/UrbanWaste-images-10k-right\year_2018\TMX7316010203-000717\pano_0000_000553_heading113.54_pitch-0.23_right90_square_fov90.0_640x640.jpg,0.0,0
data/UrbanWaste-images-10k-right\year_2018\TMX7316010203-000717\pano_0000_000559_heading115.46_pitch-0.81_right90_square_fov90.0_640x640.jpg,0.3369017541408539,1
data/UrbanWaste-images-10k-right\year_2018\TMX7316010203-000717\pano_0000_000730_heading325.38_pitch-0.61_right90_square_fov90.0_640x640.jpg,0.0,0
data/UrbanWaste-images-10k-right\year_2018\TMX7316010203-000717\pano_0000_000811_heading97.60_pitch1.32_right90_square_fov90.0_640x640.jpg,0.26089149713516235,1
data/UrbanWaste-images-10k-right\year_2018\TMX7316010203-000717\pano_0000_000817_heading92.67_pitch-0.08_right90_square_fov90.0_640x640.jpg,0.0,0
data/UrbanWaste-images-10k-right\year_2018\TMX7316010203-000717\pano_0000_000853_heading95.77_pitch-0.04_right90_square_fov90.0_640x640.jpg,0.0,0
data/UrbanWaste-images-10k-right\year_2018\TMX7316010203-000717\pano_0000_000931_heading183.38_pitch-1.51_right90_square_fov90.0_640x640.jpg,0.0,0
data/UrbanWaste-images-10k-right\year_2018\TMX7316010203-000717\pano_0000_000957_heading1.47_pitch1.43_right90_square_fov90.0_640x640.jpg,0.0,0
data/UrbanWaste-images-10k-right\year_2018\TMX7316010203-000717\pano_0000_000987_heading273.48_pitch-0.34_right90_square_fov90.0_640x640.jpg,0.0,0
data/UrbanWaste-images-10k-right\year_2018\TMX7316010203-000717\pano_0000_001163_heading303.68_pitch-1.02_right90_square_fov90.0_640x640.jpg,0.0,0
data/UrbanWaste-images-10k-right\year_2018\TMX7316010203-000717\pano_0000_001191_heading26.58_pitch-0.76_right90_square_fov90.0_640x640.jpg,0.2808697521686554,2
data/UrbanWaste-images-10k-right\year_2018\TMX7316010203-000717\pano_0002_000062_heading297.67_pitch3.00_right90_square_fov90.0_640x640.jpg,0.28661423921585083,1
data/UrbanWaste-images-10k-right\year_2018\TMX7316010203-000717\pano_0002_000068_heading295.74_pitch0.52_right90_square_fov90.0_640x640.jpg,0.28511008620262146,1
data/UrbanWaste-images-10k-right\year_2018\TMX7316010203-000717\pano_0002_000076_heading296.09_pitch-1.33_right90_square_fov90.0_640x640.jpg,0.4094426929950714,1
data/UrbanWaste-images-10k-right\year_2018\TMX7316010203-000717\pano_0002_000078_heading302.80_pitch-3.34_right90_square_fov90.0_640x640.jpg,0.5103821158409119,1
data/UrbanWaste-images-10k-right\year_2018\TMX7316010203-000717\pano_0002_000084_heading340.15_pitch2.50_right90_square_fov90.0_640x640.jpg,0.2723395526409149,1
data/UrbanWaste-images-10k-right\year_2018\TMX7316010203-000717\pano_0002_000110_heading336.39_pitch-4.82_right90_square_fov90.0_640x640.jpg,0.27003660798072815,1
data/UrbanWaste-images-10k-right\year_2018\TMX7316010203-000717\pano_0002_000112_heading336.38_pitch0.03_right90_square_fov90.0_640x640.jpg,0.2732609212398529,1
data/UrbanWaste-images-10k-right\year_2018\TMX7316010203-000717\pano_0002_000128_heading335.99_pitch0.21_right90_square_fov90.0_640x640.jpg,0.4848686754703522,5
data/UrbanWaste-images-10k-right\year_2018\TMX7316010203-000717\pano_0002_000180_heading352.62_pitch-0.05_right90_square_fov90.0_640x640.jpg,0.0,0
data/UrbanWaste-images-10k-right\year_2018\TMX7316010203-000717\pano_0002_000186_heading278.53_pitch-0.91_right90_square_fov90.0_640x640.jpg,0.3649042844772339,2
data/UrbanWaste-images-10k-right\year_2018\TMX7316010203-000717\pano_0002_000198_heading275.77_pitch-0.03_right90_square_fov90.0_640x640.jpg,0.0,0
data/UrbanWaste-images-10k-right\year_2018\TMX7316010203-000717\pano_0002_000212_heading275.35_pitch-1.22_right90_square_fov90.0_640x640.jpg,0.3988465368747711,1
data/UrbanWaste-images-10k-right\year_2018\TMX7316010203-000717\pano_0002_000216_heading267.31_pitch-0.26_right90_square_fov90.0_640x640.jpg,0.0,0
data/UrbanWaste-images-10k-right\year_2018\TMX7316010203-000717\pano_0002_000220_heading209.64_pitch-0.19_right90_square_fov90.0_640x640.jpg,0.0,0
data/UrbanWaste-images-10k-right\year_2018\TMX7316010203-000717\pano_0002_000230_heading153.96_pitch1.34_right90_square_fov90.0_640x640.jpg,0.0,0
data/UrbanWaste-images-10k-right\year_2018\TMX7316010203-000717\pano_0002_000248_heading19.21_pitch-3.86_right90_square_fov90.0_640x640.jpg,0.0,0
data/UrbanWaste-images-10k-right\year_2018\TMX7316010203-000717\pano_0002_000266_heading156.39_pitch-0.11_right90_square_fov90.0_640x640.jpg,0.0,0
data/UrbanWaste-images-10k-right\year_2018\TMX7316010203-000717\pano_0002_000282_heading156.25_pitch1.01_right90_square_fov90.0_640x640.jpg,0.38101428747177124,1
data/UrbanWaste-images-10k-right\year_2018\TMX7316010203-000717\pano_0002_000292_heading155.03_pitch0.68_right90_square_fov90.0_640x640.jpg,0.2890751361846924,1
data/UrbanWaste-images-10k-right\year_2018\TMX7316010203-000717\pano_0002_000380_heading180.02_pitch-0.33_right90_square_fov90.0_640x640.jpg,0.0,0
data/UrbanWaste-images-10k-right\year_2018\TMX7316010203-000717\pano_0002_000422_heading116.11_pitch-2.07_right90_square_fov90.0_640x640.jpg,0.417265385389328,2
data/UrbanWaste-images-10k-right\year_2018\TMX7316010203-000717\pano_0002_000452_heading296.81_pitch-0.59_right90_square_fov90.0_640x640.jpg,0.26736748218536377,3
data/UrbanWaste-images-10k-right\year_2018\TMX7316010203-000717\pano_0002_000523_heading270.30_pitch-0.08_right90_square_fov90.0_640x640.jpg,0.25390785932540894,1
data/UrbanWaste-images-10k-right\year_2018\TMX7316010203-000717\pano_0002_000539_heading270.31_pitch0.23_right90_square_fov90.0_640x640.jpg,0.3912012279033661,1
data/UrbanWaste-images-10k-right\year_2018\TMX7316010203-000717\pano_0002_000563_heading270.00_pitch0.25_right90_square_fov90.0_640x640.jpg,0.0,0
data/UrbanWaste-images-10k-right\year_2018\TMX7316010203-000717\pano_0002_000605_heading90.05_pitch-0.85_right90_square_fov90.0_640x640.jpg,0.0,0
data/UrbanWaste-images-10k-right\year_2018\TMX7316010203-000717\pano_0002_000613_heading90.38_pitch-0.18_right90_square_fov90.0_640x640.jpg,0.0,0
data/UrbanWaste-images-10k-right\year_2018\TMX7316010203-000717\pano_0002_000631_heading90.39_pitch-0.86_right90_square_fov90.0_640x640.jpg,0.2895285189151764,1
data/UrbanWaste-images-10k-right\year_2018\TMX7316010203-000719\pano_0000_000034_heading306.71_pitch-0.39_right90_square_fov90.0_640x640.jpg,0.0,0
data/UrbanWaste-images-10k-right\year_2018\TMX7316010203-000719\pano_0000_000068_heading304.42_pitch-0.25_right90_square_fov90.0_640x640.jpg,0.0,0
data/UrbanWaste-images-10k-right\year_2018\TMX7316010203-000719\pano_0000_000092_heading283.62_pitch-0.51_right90_square_fov90.0_640x640.jpg,0.0,0
data/UrbanWaste-images-10k-right\year_2018\TMX7316010203-000719\pano_0000_000104_heading283.72_pitch-0.39_right90_square_fov90.0_640x640.jpg,0.3592435121536255,1
data/UrbanWaste-images-10k-right\year_2018\TMX7316010203-000719\pano_0000_000114_heading277.82_pitch-0.52_right90_square_fov90.0_640x640.jpg,0.26889145374298096,1
data/UrbanWaste-images-10k-right\year_2018\TMX7316010203-000719\pano_0000_000445_heading270.25_pitch-0.22_right90_square_fov90.0_640x640.jpg,0.2736082673072815,2
data/UrbanWaste-images-10k-right\year_2018\TMX7316010203-000719\pano_0000_000505_heading214.68_pitch-2.09_right90_square_fov90.0_640x640.jpg,0.26354333758354187,1
data/UrbanWaste-images-10k-right\year_2018\TMX7316010203-000719\pano_0000_000533_heading43.63_pitch2.56_right90_square_fov90.0_640x640.jpg,0.3605661392211914,1
data/UrbanWaste-images-10k-right\year_2018\TMX7316010203-000719\pano_0000_000559_heading86.06_pitch2.46_right90_square_fov90.0_640x640.jpg,0.29252707958221436,3
data/UrbanWaste-images-10k-right\year_2018\TMX7316010203-000719\pano_0000_000571_heading180.00_pitch-0.38_right90_square_fov90.0_640x640.jpg,0.2935621738433838,1
data/UrbanWaste-images-10k-right\year_2018\TMX7316010203-000719\pano_0000_000621_heading270.62_pitch0.24_right90_square_fov90.0_640x640.jpg,0.0,0
data/UrbanWaste-images-10k-right\year_2018\TMX7316010203-000719\pano_0000_000691_heading325.60_pitch-0.77_right90_square_fov90.0_640x640.jpg,0.0,0
data/UrbanWaste-images-10k-right\year_2018\TMX7316010203-000719\pano_0000_000739_heading132.45_pitch0.85_right90_square_fov90.0_640x640.jpg,0.0,0
data/UrbanWaste-images-10k-right\year_2018\TMX7316010203-000719\pano_0000_000807_heading48.86_pitch0.86_right90_square_fov90.0_640x640.jpg,0.413519948720932,1
data/UrbanWaste-images-10k-right\year_2018\TMX7316010203-000719\pano_0000_000825_heading54.73_pitch-0.15_right90_square_fov90.0_640x640.jpg,0.0,0
data/UrbanWaste-images-10k-right\year_2018\TMX7316010203-000719\pano_0000_000917_heading96.70_pitch-0.93_right90_square_fov90.0_640x640.jpg,0.4699352979660034,6
data/UrbanWaste-images-10k-right\year_2018\TMX7316010203-000719\pano_0000_000921_heading98.58_pitch-1.25_right90_square_fov90.0_640x640.jpg,0.29027995467185974,2
data/UrbanWaste-images-10k-right\year_2018\TMX7316010203-000719\pano_0000_000942_heading109.27_pitch-0.34_right90_square_fov90.0_640x640.jpg,0.0,0
data/UrbanWaste-images-10k-right\year_2018\TMX7316010203-000719\pano_0000_000980_heading123.14_pitch-0.32_right90_square_fov90.0_640x640.jpg,0.0,0
data/UrbanWaste-images-10k-right\year_2018\TMX7316010203-000719\pano_0000_000986_heading124.28_pitch-0.17_right90_square_fov90.0_640x640.jpg,0.0,0
data/UrbanWaste-images-10k-right\year_2018\TMX7316010203-000719\pano_0000_001004_heading127.87_pitch-0.14_right90_square_fov90.0_640x640.jpg,0.3079768419265747,2
data/UrbanWaste-images-10k-right\year_2018\TMX7316010203-000719\pano_0000_001022_heading128.26_pitch-0.28_right90_square_fov90.0_640x640.jpg,0.0,0
data/UrbanWaste-images-10k-right\year_2018\TMX7316010203-000719\pano_0000_001026_heading126.70_pitch-0.12_right90_square_fov90.0_640x640.jpg,0.2760467529296875,1
data/UrbanWaste-images-10k-right\year_2018\TMX7316010203-000719\pano_0000_001038_heading129.92_pitch-0.83_right90_square_fov90.0_640x640.jpg,0.319682776927948,1
data/UrbanWaste-images-10k-right\year_2018\TMX7316010203-000719\pano_0000_001172_heading216.49_pitch-0.74_right90_square_fov90.0_640x640.jpg,0.0,0
data/UrbanWaste-images-10k-right\year_2018\TMX7316010203-000719\pano_0000_001176_heading215.82_pitch-0.32_right90_square_fov90.0_640x640.jpg,0.0,0
data/UrbanWaste-images-10k-right\year_2018\TMX7316010203-000719\pano_0000_001194_heading222.06_pitch-0.24_right90_square_fov90.0_640x640.jpg,0.0,0
data/UrbanWaste-images-10k-right\year_2018\TMX7316010203-000719\pano_0000_001258_heading205.11_pitch0.34_right90_square_fov90.0_640x640.jpg,0.0,0
data/UrbanWaste-images-10k-right\year_2018\TMX7316010203-000719\pano_0000_001306_heading238.28_pitch1.31_right90_square_fov90.0_640x640.jpg,0.0,0
data/UrbanWaste-images-10k-right\year_2018\TMX7316010203-000719\pano_0000_001388_heading203.89_pitch-0.14_right90_square_fov90.0_640x640.jpg,0.0,0
data/UrbanWaste-images-10k-right\year_2018\TMX7316010203-000719\pano_0000_001398_heading206.27_pitch-0.19_right90_square_fov90.0_640x640.jpg,0.0,0
data/UrbanWaste-images-10k-right\year_2018\TMX7316010203-000719\pano_0000_001414_heading205.40_pitch-0.13_right90_square_fov90.0_640x640.jpg,0.3222065269947052,2
data/UrbanWaste-images-10k-right\year_2018\TMX7316010203-000719\pano_0000_001590_heading116.94_pitch-0.75_right90_square_fov90.0_640x640.jpg,0.0,0
data/UrbanWaste-images-10k-right\year_2018\TMX7316010203-000719\pano_0000_001632_heading25.09_pitch0.31_right90_square_fov90.0_640x640.jpg,0.0,0
data/UrbanWaste-images-10k-right\year_2018\TMX7316010203-000719\pano_0000_001777_heading146.98_pitch0.25_right90_square_fov90.0_640x640.jpg,0.4249282777309418,2
data/UrbanWaste-images-10k-right\year_2018\TMX7316010203-000719\pano_0000_001803_heading141.92_pitch0.13_right90_square_fov90.0_640x640.jpg,0.0,0
data/UrbanWaste-images-10k-right\year_2018\TMX7316010203-000719\pano_0000_001869_heading127.87_pitch-1.14_right90_square_fov90.0_640x640.jpg,0.0,0
data/UrbanWaste-images-10k-right\year_2018\TMX7316010203-000719\pano_0000_001879_heading104.80_pitch-0.73_right90_square_fov90.0_640x640.jpg,0.0,0
data/UrbanWaste-images-10k-right\year_2018\TMX7316010203-000719\pano_0000_003157_heading65.31_pitch0.02_right90_square_fov90.0_640x640.jpg,0.0,0
data/UrbanWaste-images-10k-right\year_2018\TMX7316010203-000719\pano_0000_003163_heading74.36_pitch-0.02_right90_square_fov90.0_640x640.jpg,0.3373876214027405,1
data/UrbanWaste-images-10k-right\year_2018\TMX7316010203-000719\pano_0000_003173_heading257.18_pitch0.17_right90_square_fov90.0_640x640.jpg,0.35697057843208313,1
data/UrbanWaste-images-10k-right\year_2018\TMX7316010203-000719\pano_0000_003181_heading204.07_pitch-0.01_right90_square_fov90.0_640x640.jpg,0.0,0
data/UrbanWaste-images-10k-right\year_2018\TMX7316010203-000719\pano_0000_003311_heading274.75_pitch-1.85_right90_square_fov90.0_640x640.jpg,0.3265819549560547,2
data/UrbanWaste-images-10k-right\year_2018\TMX7316010203-000719\pano_0000_003381_heading310.26_pitch-0.30_right90_square_fov90.0_640x640.jpg,0.3447522819042206,2
data/UrbanWaste-images-10k-right\year_2018\TMX7316010203-000719\pano_0000_003383_heading310.35_pitch-0.10_right90_square_fov90.0_640x640.jpg,0.2690041661262512,1
data/UrbanWaste-images-10k-right\year_2018\TMX7316010203-000719\pano_0000_003405_heading310.79_pitch0.02_right90_square_fov90.0_640x640.jpg,0.3870321810245514,2
data/UrbanWaste-images-10k-right\year_2018\TMX7316010203-000719\pano_0000_003443_heading352.41_pitch0.34_right90_square_fov90.0_640x640.jpg,0.0,0
data/UrbanWaste-images-10k-right\year_2018\TMX7316010203-000719\pano_0000_003453_heading310.15_pitch-0.23_right90_square_fov90.0_640x640.jpg,0.0,0
data/UrbanWaste-images-10k-right\year_2018\TMX7316010203-000719\pano_0000_003455_heading310.45_pitch-0.67_right90_square_fov90.0_640x640.jpg,0.0,0
data/UrbanWaste-images-10k-right\year_2018\TMX7316010203-000719\pano_0000_003457_heading310.98_pitch-0.81_right90_square_fov90.0_640x640.jpg,0.0,0
data/UrbanWaste-images-10k-right\year_2018\TMX7316010203-000719\pano_0000_003477_heading322.56_pitch-0.32_right90_square_fov90.0_640x640.jpg,0.297529935836792,1
data/UrbanWaste-images-10k-right\year_2018\TMX7316010203-000719\pano_0000_003523_heading334.66_pitch-0.18_right90_square_fov90.0_640x640.jpg,0.36791926622390747,1
data/UrbanWaste-images-10k-right\year_2018\TMX7316010203-000719\pano_0000_003553_heading310.98_pitch-0.65_right90_square_fov90.0_640x640.jpg,0.4850846230983734,1
data/UrbanWaste-images-10k-right\year_2018\TMX7316010203-000720\pano_0000_000004_heading100.14_pitch-2.16_right90_square_fov90.0_640x640.jpg,0.25188887119293213,1
data/UrbanWaste-images-10k-right\year_2018\TMX7316010203-000720\pano_0000_000020_heading354.76_pitch-0.41_right90_square_fov90.0_640x640.jpg,0.0,0
data/UrbanWaste-images-10k-right\year_2018\TMX7316010203-000720\pano_0000_000028_heading352.72_pitch0.61_right90_square_fov90.0_640x640.jpg,0.0,0
data/UrbanWaste-images-10k-right\year_2018\TMX7316010203-000720\pano_0000_000056_heading101.47_pitch0.23_right90_square_fov90.0_640x640.jpg,0.0,0
data/UrbanWaste-images-10k-right\year_2018\TMX7316010203-000720\pano_0000_000058_heading99.92_pitch-0.71_right90_square_fov90.0_640x640.jpg,0.0,0
data/UrbanWaste-images-10k-right\year_2018\TMX7316010203-000720\pano_0000_000216_heading174.10_pitch-1.24_right90_square_fov90.0_640x640.jpg,0.361488401889801,1
data/UrbanWaste-images-10k-right\year_2018\TMX7316010203-000720\pano_0000_000232_heading309.59_pitch0.52_right90_square_fov90.0_640x640.jpg,0.0,0
data/UrbanWaste-images-10k-right\year_2018\TMX7316010203-000720\pano_0000_000292_heading8.62_pitch0.94_right90_square_fov90.0_640x640.jpg,0.2618395984172821,1
data/UrbanWaste-images-10k-right\year_2018\TMX7316010203-000720\pano_0000_000300_heading105.43_pitch-0.13_right90_square_fov90.0_640x640.jpg,0.0,0
data/UrbanWaste-images-10k-right\year_2018\TMX7316010203-000720\pano_0000_000322_heading115.74_pitch-0.26_right90_square_fov90.0_640x640.jpg,0.2679058313369751,1
data/UrbanWaste-images-10k-right\year_2018\TMX7316010203-000720\pano_0000_000324_heading116.17_pitch-0.26_right90_square_fov90.0_640x640.jpg,0.2603113055229187,1
data/UrbanWaste-images-10k-right\year_2018\TMX7316010203-000720\pano_0000_000342_heading130.66_pitch-0.12_right90_square_fov90.0_640x640.jpg,0.0,0
data/UrbanWaste-images-10k-right\year_2018\TMX7316010203-000720\pano_0000_000358_heading130.17_pitch-0.52_right90_square_fov90.0_640x640.jpg,0.0,0
data/UrbanWaste-images-10k-right\year_2018\TMX7316010203-000720\pano_0000_000366_heading129.86_pitch-0.02_right90_square_fov90.0_640x640.jpg,0.2616608142852783,1
data/UrbanWaste-images-10k-right\year_2018\TMX7316010203-000720\pano_0000_000410_heading155.25_pitch-0.80_right90_square_fov90.0_640x640.jpg,0.0,0
data/UrbanWaste-images-10k-right\year_2018\TMX7316010203-000720\pano_0000_000436_heading221.70_pitch-0.43_right90_square_fov90.0_640x640.jpg,0.0,0
data/UrbanWaste-images-10k-right\year_2018\TMX7316010203-000720\pano_0000_000474_heading176.03_pitch-0.42_right90_square_fov90.0_640x640.jpg,0.0,0
data/UrbanWaste-images-10k-right\year_2018\TMX7316010203-000720\pano_0000_000478_heading171.67_pitch-0.54_right90_square_fov90.0_640x640.jpg,0.0,0
data/UrbanWaste-images-10k-right\year_2018\TMX7316010203-000739\pano_0000_001873_heading52.24_pitch-0.50_right90_square_fov90.0_640x640.jpg,0.2984504699707031,1
data/UrbanWaste-images-10k-right\year_2018\TMX7316010203-000739\pano_0000_001906_heading22.72_pitch0.28_right90_square_fov90.0_640x640.jpg,0.36382007598876953,1
data/UrbanWaste-images-10k-right\year_2018\TMX7316010203-000739\pano_0000_001958_heading311.91_pitch-0.29_right90_square_fov90.0_640x640.jpg,0.2642175853252411,1
data/UrbanWaste-images-10k-right\year_2018\TMX7316010203-000739\pano_0000_002052_heading132.51_pitch-0.23_right90_square_fov90.0_640x640.jpg,0.0,0
data/UrbanWaste-images-10k-right\year_2018\TMX7316010203-000739\pano_0000_002125_heading130.45_pitch-0.39_right90_square_fov90.0_640x640.jpg,0.43999311327934265,3
data/UrbanWaste-images-10k-right\year_2018\TMX7316010203-000739\pano_0000_002171_heading132.21_pitch-0.65_right90_square_fov90.0_640x640.jpg,0.0,0
data/UrbanWaste-images-10k-right\year_2018\TMX7316010203-000739\pano_0000_002181_heading40.36_pitch-0.14_right90_square_fov90.0_640x640.jpg,0.4067399501800537,1
data/UrbanWaste-images-10k-right\year_2018\TMX7316010203-000739\pano_0000_002317_heading311.71_pitch-0.12_right90_square_fov90.0_640x640.jpg,0.0,0
data/UrbanWaste-images-10k-right\year_2018\TMX7316010203-000739\pano_0000_002526_heading130.57_pitch1.39_right90_square_fov90.0_640x640.jpg,0.0,0
data/UrbanWaste-images-10k-right\year_2018\TMX7316010203-000739\pano_0000_002560_heading132.41_pitch-0.11_right90_square_fov90.0_640x640.jpg,0.0,0
data/UrbanWaste-images-10k-right\year_2018\TMX7316010203-000739\pano_0000_002657_heading312.25_pitch-0.12_right90_square_fov90.0_640x640.jpg,0.0,0
data/UrbanWaste-images-10k-right\year_2018\TMX7316010203-000739\pano_0000_002705_heading312.15_pitch-3.05_right90_square_fov90.0_640x640.jpg,0.0,0
data/UrbanWaste-images-10k-right\year_2018\TMX7316010203-000739\pano_0000_002707_heading313.57_pitch-0.50_right90_square_fov90.0_640x640.jpg,0.0,0
data/UrbanWaste-images-10k-right\year_2018\TMX7316010203-000739\pano_0000_002711_heading311.48_pitch-0.15_right90_square_fov90.0_640x640.jpg,0.0,0
data/UrbanWaste-images-10k-right\year_2018\TMX7316010203-000739\pano_0000_003018_heading35.78_pitch-0.60_right90_square_fov90.0_640x640.jpg,0.3178125321865082,4
data/UrbanWaste-images-10k-right\year_2018\TMX7316010203-000739\pano_0000_003040_heading221.48_pitch0.11_right90_square_fov90.0_640x640.jpg,0.0,0
data/UrbanWaste-images-10k-right\year_2018\TMX7316010203-000739\pano_0000_003108_heading42.39_pitch-0.08_right90_square_fov90.0_640x640.jpg,0.0,0
data/UrbanWaste-images-10k-right\year_2018\TMX7316010203-000739\pano_0000_003161_heading130.70_pitch-0.34_right90_square_fov90.0_640x640.jpg,0.0,0
data/UrbanWaste-images-10k-right\year_2018\TMX7316010203-000739\pano_0000_003173_heading131.60_pitch-0.18_right90_square_fov90.0_640x640.jpg,0.0,0
data/UrbanWaste-images-10k-right\year_2018\TMX7316010203-000739\pano_0000_003195_heading39.82_pitch0.11_right90_square_fov90.0_640x640.jpg,0.0,0
data/UrbanWaste-images-10k-right\year_2018\TMX7316010203-000739\pano_0000_003258_heading130.76_pitch-0.27_right90_square_fov90.0_640x640.jpg,0.3604457676410675,2
data/UrbanWaste-images-10k-right\year_2018\TMX7316010203-000739\pano_0000_003289_heading311.02_pitch-0.30_right90_square_fov90.0_640x640.jpg,0.2655318081378937,1
data/UrbanWaste-images-10k-right\year_2018\TMX7316010203-000739\pano_0000_003327_heading256.49_pitch-0.71_right90_square_fov90.0_640x640.jpg,0.0,0
data/UrbanWaste-images-10k-right\year_2018\TMX7316010203-000739\pano_0000_003337_heading257.32_pitch-0.08_right90_square_fov90.0_640x640.jpg,0.6799007654190063,1
data/UrbanWaste-images-10k-right\year_2018\TMX7316010203-000739\pano_0000_003343_heading256.14_pitch0.05_right90_square_fov90.0_640x640.jpg,0.304385244846344,1
data/UrbanWaste-images-10k-right\year_2018\TMX7316010203-000739\pano_0000_003491_heading106.85_pitch-0.81_right90_square_fov90.0_640x640.jpg,0.46849074959754944,3
data/UrbanWaste-images-10k-right\year_2018\TMX7316010203-000739\pano_0000_003509_heading97.22_pitch-0.44_right90_square_fov90.0_640x640.jpg,0.0,0
data/UrbanWaste-images-10k-right\year_2018\TMX7316010203-000739\pano_0000_003554_heading186.96_pitch-0.61_right90_square_fov90.0_640x640.jpg,0.0,0
data/UrbanWaste-images-10k-right\year_2018\TMX7316010203-000787\pano_0000_003729_heading323.60_pitch-4.58_right90_square_fov90.0_640x640.jpg,0.42430755496025085,2
data/UrbanWaste-images-10k-right\year_2018\TMX7316010203-000790\pano_0000_003862_heading25.09_pitch-0.86_right90_square_fov90.0_640x640.jpg,0.0,0
data/UrbanWaste-images-10k-right\year_2018\TMX7316010203-000801\pano_0000_000026_heading18.17_pitch-1.44_right90_square_fov90.0_640x640.jpg,0.25874170660972595,1
data/UrbanWaste-images-10k-right\year_2019\TMX7316010203-001132\pano_0001_001014_heading118.71_pitch-0.96_right90_square_fov90.0_640x640.jpg,0.25192463397979736,1
data/UrbanWaste-images-10k-right\year_2019\TMX7316010203-001135\pano_0000_001252_heading161.33_pitch-0.17_right90_square_fov90.0_640x640.jpg,0.2702596187591553,1
data/UrbanWaste-images-10k-right\year_2019\TMX7316010203-001135\pano_0000_001260_heading157.74_pitch-0.57_right90_square_fov90.0_640x640.jpg,0.0,0
data/UrbanWaste-images-10k-right\year_2019\TMX7316010203-001135\pano_0000_001272_heading338.20_pitch-1.70_right90_square_fov90.0_640x640.jpg,0.40538960695266724,1
data/UrbanWaste-images-10k-right\year_2019\TMX7316010203-001156\pano_0000_001574_heading48.22_pitch-0.96_right90_square_fov90.0_640x640.jpg,0.0,0
data/UrbanWaste-images-10k-right\year_2019\TMX7316010203-001156\pano_0000_001596_heading64.31_pitch-2.16_right90_square_fov90.0_640x640.jpg,0.0,0
data/UrbanWaste-images-10k-right\year_2019\TMX7316010203-001174\pano_0000_000028_heading8.23_pitch-1.36_right90_square_fov90.0_640x640.jpg,0.2655061185359955,1
data/UrbanWaste-images-10k-right\year_2019\TMX7316010203-001174\pano_0000_000034_heading4.51_pitch-1.99_right90_square_fov90.0_640x640.jpg,0.36214882135391235,4
data/UrbanWaste-images-10k-right\year_2019\TMX7316010203-001174\pano_0000_000042_heading4.58_pitch-1.02_right90_square_fov90.0_640x640.jpg,0.25004342198371887,1
data/UrbanWaste-images-10k-right\year_2019\TMX7316010203-001174\pano_0000_000076_heading0.66_pitch-1.52_right90_square_fov90.0_640x640.jpg,0.3470343351364136,2
data/UrbanWaste-images-10k-right\year_2019\TMX7316010203-001174\pano_0000_000119_heading45.11_pitch-0.70_right90_square_fov90.0_640x640.jpg,0.5273871421813965,1
data/UrbanWaste-images-10k-right\year_2019\TMX7316010203-001174\pano_0000_000303_heading106.15_pitch-1.52_right90_square_fov90.0_640x640.jpg,0.0,0
data/UrbanWaste-images-10k-right\year_2019\TMX7316010203-001174\pano_0000_000401_heading137.22_pitch-1.06_right90_square_fov90.0_640x640.jpg,0.2655189335346222,1
data/UrbanWaste-images-10k-right\year_2019\TMX7316010203-001174\pano_0000_000433_heading132.13_pitch-0.78_right90_square_fov90.0_640x640.jpg,0.0,0
data/UrbanWaste-images-10k-right\year_2019\TMX7316010203-001174\pano_0000_000453_heading105.63_pitch-2.08_right90_square_fov90.0_640x640.jpg,0.0,0
data/UrbanWaste-images-10k-right\year_2019\TMX7316010203-001174\pano_0000_000461_heading58.06_pitch-2.69_right90_square_fov90.0_640x640.jpg,0.0,0
data/UrbanWaste-images-10k-right\year_2019\TMX7316010203-001174\pano_0000_000465_heading57.08_pitch-0.43_right90_square_fov90.0_640x640.jpg,0.0,0
data/UrbanWaste-images-10k-right\year_2019\TMX7316010203-001174\pano_0000_000502_heading53.33_pitch-1.95_right90_square_fov90.0_640x640.jpg,0.0,0
data/UrbanWaste-images-10k-right\year_2019\TMX7316010203-001174\pano_0000_000504_heading52.49_pitch-0.51_right90_square_fov90.0_640x640.jpg,0.0,0
data/UrbanWaste-images-10k-right\year_2019\TMX7316010203-001174\pano_0000_000555_heading303.45_pitch-1.56_right90_square_fov90.0_640x640.jpg,0.3182956874370575,1
data/UrbanWaste-images-10k-right\year_2019\TMX7316010203-001174\pano_0000_000674_heading282.11_pitch0.93_right90_square_fov90.0_640x640.jpg,0.0,0
data/UrbanWaste-images-10k-right\year_2019\TMX7316010203-001174\pano_0000_000721_heading103.00_pitch-0.39_right90_square_fov90.0_640x640.jpg,0.0,0
data/UrbanWaste-images-10k-right\year_2019\TMX7316010203-001174\pano_0000_000806_heading126.78_pitch-0.20_right90_square_fov90.0_640x640.jpg,0.4874744117259979,1
data/UrbanWaste-images-10k-right\year_2019\TMX7316010203-001174\pano_0000_000868_heading217.36_pitch0.22_right90_square_fov90.0_640x640.jpg,0.0,0
data/UrbanWaste-images-10k-right\year_2019\TMX7316010203-001174\pano_0000_000951_heading318.90_pitch-2.05_right90_square_fov90.0_640x640.jpg,0.3147682547569275,1
data/UrbanWaste-images-10k-right\year_2019\TMX7316010203-001174\pano_0000_000975_heading305.83_pitch-1.32_right90_square_fov90.0_640x640.jpg,0.0,0
data/UrbanWaste-images-10k-right\year_2019\TMX7316010203-001174\pano_0000_000979_heading304.51_pitch-1.84_right90_square_fov90.0_640x640.jpg,0.0,0
data/UrbanWaste-images-10k-right\year_2019\TMX7316010203-001174\pano_0000_001031_heading287.90_pitch-1.49_right90_square_fov90.0_640x640.jpg,0.39051249623298645,2
data/UrbanWaste-images-10k-right\year_2019\TMX7316010203-001174\pano_0000_001037_heading284.78_pitch-1.28_right90_square_fov90.0_640x640.jpg,0.0,0
data/UrbanWaste-images-10k-right\year_2019\TMX7316010203-001174\pano_0000_001058_heading265.13_pitch-1.33_right90_square_fov90.0_640x640.jpg,0.0,0
data/UrbanWaste-images-10k-right\year_2019\TMX7316010203-001174\pano_0000_001116_heading292.41_pitch-0.60_right90_square_fov90.0_640x640.jpg,0.0,0
data/UrbanWaste-images-10k-right\year_2019\TMX7316010203-001174\pano_0000_001182_heading168.33_pitch0.33_right90_square_fov90.0_640x640.jpg,0.0,0
data/UrbanWaste-images-10k-right\year_2019\TMX7316010203-001174\pano_0000_001188_heading173.84_pitch-1.40_right90_square_fov90.0_640x640.jpg,0.3181372880935669,1
data/UrbanWaste-images-10k-right\year_2019\TMX7316010203-001174\pano_0000_001253_heading159.38_pitch-0.60_right90_square_fov90.0_640x640.jpg,0.0,0
data/UrbanWaste-images-10k-right\year_2019\TMX7316010203-001174\pano_0000_001465_heading63.16_pitch-1.91_right90_square_fov90.0_640x640.jpg,0.0,0
data/UrbanWaste-images-10k-right\year_2019\TMX7316010203-001174\pano_0000_001467_heading61.95_pitch-0.81_right90_square_fov90.0_640x640.jpg,0.317388117313385,1
data/UrbanWaste-images-10k-right\year_2019\TMX7316010203-001174\pano_0000_001612_heading88.07_pitch-1.25_right90_square_fov90.0_640x640.jpg,0.0,0
data/UrbanWaste-images-10k-right\year_2019\TMX7316010203-001174\pano_0000_001676_heading52.62_pitch-3.53_right90_square_fov90.0_640x640.jpg,0.3880392014980316,6
data/UrbanWaste-images-10k-right\year_2019\TMX7316010203-001174\pano_0000_001811_heading212.26_pitch0.57_right90_square_fov90.0_640x640.jpg,0.2761487364768982,1
data/UrbanWaste-images-10k-right\year_2019\TMX7316010203-001174\pano_0000_001869_heading301.98_pitch-0.56_right90_square_fov90.0_640x640.jpg,0.0,0
data/UrbanWaste-images-10k-right\year_2019\TMX7316010203-001174\pano_0000_001887_heading303.41_pitch-1.74_right90_square_fov90.0_640x640.jpg,0.3492942154407501,2
data/UrbanWaste-images-10k-right\year_2019\TMX7316010203-001174\pano_0000_001897_heading301.85_pitch-1.40_right90_square_fov90.0_640x640.jpg,0.300858736038208,1
data/UrbanWaste-images-10k-right\year_2019\TMX7316010203-001174\pano_0000_001957_heading298.30_pitch-2.52_right90_square_fov90.0_640x640.jpg,0.3648822009563446,2
data/UrbanWaste-images-10k-right\year_2019\TMX7316010203-001174\pano_0000_002046_heading125.70_pitch-3.74_right90_square_fov90.0_640x640.jpg,0.0,0
data/UrbanWaste-images-10k-right\year_2019\TMX7316010203-001174\pano_0000_002101_heading127.04_pitch-1.41_right90_square_fov90.0_640x640.jpg,0.0,0
data/UrbanWaste-images-10k-right\year_2019\TMX7316010203-001174\pano_0000_002113_heading126.60_pitch-1.19_right90_square_fov90.0_640x640.jpg,0.0,0
data/UrbanWaste-images-10k-right\year_2019\TMX7316010203-001174\pano_0000_002155_heading336.34_pitch-0.52_right90_square_fov90.0_640x640.jpg,0.3794146180152893,3
data/UrbanWaste-images-10k-right\year_2019\TMX7316010203-001174\pano_0000_002171_heading307.00_pitch-1.59_right90_square_fov90.0_640x640.jpg,0.3224717676639557,1
data/UrbanWaste-images-10k-right\year_2019\TMX7316010203-001174\pano_0000_002198_heading306.80_pitch-0.62_right90_square_fov90.0_640x640.jpg,0.35434749722480774,3
data/UrbanWaste-images-10k-right\year_2019\TMX7316010203-001174\pano_0000_002273_heading280.15_pitch-2.14_right90_square_fov90.0_640x640.jpg,0.0,0
data/UrbanWaste-images-10k-right\year_2019\TMX7316010203-001174\pano_0000_002275_heading278.76_pitch-2.37_right90_square_fov90.0_640x640.jpg,0.0,0
data/UrbanWaste-images-10k-right\year_2019\TMX7316010203-001174\pano_0000_002321_heading98.73_pitch-0.88_right90_square_fov90.0_640x640.jpg,0.0,0
data/UrbanWaste-images-10k-right\year_2019\TMX7316010203-001174\pano_0000_002530_heading250.10_pitch0.01_right90_square_fov90.0_640x640.jpg,0.3180212080478668,2
data/UrbanWaste-images-10k-right\year_2019\TMX7316010203-001174\pano_0000_002568_heading148.86_pitch-0.99_right90_square_fov90.0_640x640.jpg,0.0,0
data/UrbanWaste-images-10k-right\year_2019\TMX7316010203-001174\pano_0000_002662_heading119.87_pitch0.49_right90_square_fov90.0_640x640.jpg,0.30173254013061523,1
data/UrbanWaste-images-10k-right\year_2019\TMX7316010203-001174\pano_0000_002666_heading119.44_pitch-0.75_right90_square_fov90.0_640x640.jpg,0.0,0
data/UrbanWaste-images-10k-right\year_2019\TMX7316010203-001174\pano_0000_002682_heading119.42_pitch-1.41_right90_square_fov90.0_640x640.jpg,0.25175726413726807,1
data/UrbanWaste-images-10k-right\year_2019\TMX7316010203-001174\pano_0000_002711_heading297.38_pitch-0.75_right90_square_fov90.0_640x640.jpg,0.0,0
data/UrbanWaste-images-10k-right\year_2019\TMX7316010203-001174\pano_0000_002747_heading297.56_pitch0.20_right90_square_fov90.0_640x640.jpg,0.0,0
data/UrbanWaste-images-10k-right\year_2019\TMX7316010203-001174\pano_0000_002751_heading298.40_pitch-1.84_right90_square_fov90.0_640x640.jpg,0.0,0
data/UrbanWaste-images-10k-right\year_2019\TMX7316010203-001174\pano_0000_002884_heading118.12_pitch-3.12_right90_square_fov90.0_640x640.jpg,0.0,0
data/UrbanWaste-images-10k-right\year_2019\TMX7316010203-001174\pano_0000_003011_heading21.71_pitch-1.00_right90_square_fov90.0_640x640.jpg,0.0,0
data/UrbanWaste-images-10k-right\year_2019\TMX7316010203-001174\pano_0000_003025_heading28.41_pitch-1.52_right90_square_fov90.0_640x640.jpg,0.3855714499950409,2
data/UrbanWaste-images-10k-right\year_2019\TMX7316010203-001174\pano_0000_003033_heading33.26_pitch-2.83_right90_square_fov90.0_640x640.jpg,0.0,0
data/UrbanWaste-images-10k-right\year_2019\TMX7316010203-001174\pano_0000_003053_heading26.23_pitch-1.69_right90_square_fov90.0_640x640.jpg,0.3454931378364563,12
data/UrbanWaste-images-10k-right\year_2019\TMX7316010203-001174\pano_0001_000091_heading230.47_pitch-1.60_right90_square_fov90.0_640x640.jpg,0.0,0
data/UrbanWaste-images-10k-right\year_2019\TMX7316010203-001174\pano_0001_000097_heading310.46_pitch0.47_right90_square_fov90.0_640x640.jpg,0.0,0
data/UrbanWaste-images-10k-right\year_2019\TMX7316010203-001174\pano_0001_000103_heading314.51_pitch-1.05_right90_square_fov90.0_640x640.jpg,0.0,0
data/UrbanWaste-images-10k-right\year_2019\TMX7316010203-001174\pano_0001_000107_heading315.26_pitch-1.36_right90_square_fov90.0_640x640.jpg,0.3261573910713196,1
data/UrbanWaste-images-10k-right\year_2019\TMX7316010203-001174\pano_0001_000113_heading314.78_pitch-1.45_right90_square_fov90.0_640x640.jpg,0.0,0
data/UrbanWaste-images-10k-right\year_2019\TMX7316010203-001174\pano_0001_000155_heading126.14_pitch-1.38_right90_square_fov90.0_640x640.jpg,0.4080382287502289,1
data/UrbanWaste-images-10k-right\year_2019\TMX7316010203-001174\pano_0001_000157_heading126.41_pitch-1.14_right90_square_fov90.0_640x640.jpg,0.29613590240478516,1
data/UrbanWaste-images-10k-right\year_2019\TMX7316010203-001174\pano_0001_000169_heading126.03_pitch-0.97_right90_square_fov90.0_640x640.jpg,0.0,0
data/UrbanWaste-images-10k-right\year_2019\TMX7316010203-001174\pano_0001_000185_heading128.96_pitch-1.05_right90_square_fov90.0_640x640.jpg,0.3831627666950226,2
data/UrbanWaste-images-10k-right\year_2019\TMX7316010203-001174\pano_0001_000187_heading130.08_pitch-1.00_right90_square_fov90.0_640x640.jpg,0.5714688897132874,1
data/UrbanWaste-images-10k-right\year_2019\TMX7316010203-001174\pano_0001_000524_heading262.70_pitch-1.13_right90_square_fov90.0_640x640.jpg,0.0,0
data/UrbanWaste-images-10k-right\year_2019\TMX7316010203-001174\pano_0001_000532_heading275.99_pitch-2.50_right90_square_fov90.0_640x640.jpg,0.0,0
data/UrbanWaste-images-10k-right\year_2019\TMX7316010203-001174\pano_0001_000540_heading264.98_pitch-1.11_right90_square_fov90.0_640x640.jpg,0.3675306737422943,5
data/UrbanWaste-images-10k-right\year_2019\TMX7316010203-001174\pano_0001_000564_heading264.12_pitch1.12_right90_square_fov90.0_640x640.jpg,0.0,0
data/UrbanWaste-images-10k-right\year_2019\TMX7316010203-001174\pano_0001_000578_heading161.67_pitch-0.44_right90_square_fov90.0_640x640.jpg,0.0,0
data/UrbanWaste-images-10k-right\year_2019\TMX7316010203-001174\pano_0001_000726_heading76.90_pitch-1.60_right90_square_fov90.0_640x640.jpg,0.28645873069763184,2
data/UrbanWaste-images-10k-right\year_2019\TMX7316010203-001174\pano_0001_000760_heading77.28_pitch-1.52_right90_square_fov90.0_640x640.jpg,0.3615991175174713,1
data/UrbanWaste-images-10k-right\year_2019\TMX7316010203-001174\pano_0001_000762_heading79.60_pitch-2.87_right90_square_fov90.0_640x640.jpg,0.6552059054374695,3
data/UrbanWaste-images-10k-right\year_2019\TMX7316010203-001176\pano_0000_000057_heading184.20_pitch-1.87_right90_square_fov90.0_640x640.jpg,0.0,0
data/UrbanWaste-images-10k-right\year_2019\TMX7316010203-001176\pano_0000_000119_heading5.27_pitch-1.19_right90_square_fov90.0_640x640.jpg,0.4813104569911957,1
data/UrbanWaste-images-10k-right\year_2019\TMX7316010203-001176\pano_0000_000137_heading3.77_pitch-1.59_right90_square_fov90.0_640x640.jpg,0.0,0
data/UrbanWaste-images-10k-right\year_2019\TMX7316010203-001176\pano_0000_000161_heading81.88_pitch-2.40_right90_square_fov90.0_640x640.jpg,0.0,0
data/UrbanWaste-images-10k-right\year_2019\TMX7316010203-001176\pano_0000_000167_heading181.82_pitch-1.79_right90_square_fov90.0_640x640.jpg,0.0,0
data/UrbanWaste-images-10k-right\year_2019\TMX7316010203-001176\pano_0000_000169_heading182.49_pitch-1.17_right90_square_fov90.0_640x640.jpg,0.49512630701065063,1
data/UrbanWaste-images-10k-right\year_2019\TMX7316010203-001176\pano_0000_000187_heading183.30_pitch-1.08_right90_square_fov90.0_640x640.jpg,0.0,0
data/UrbanWaste-images-10k-right\year_2019\TMX7316010203-001176\pano_0000_000211_heading184.84_pitch-2.14_right90_square_fov90.0_640x640.jpg,0.5071625113487244,1
data/UrbanWaste-images-10k-right\year_2019\TMX7316010203-001176\pano_0000_000292_heading346.43_pitch0.81_right90_square_fov90.0_640x640.jpg,0.0,0
data/UrbanWaste-images-10k-right\year_2019\TMX7316010203-001176\pano_0000_000294_heading345.40_pitch-0.38_right90_square_fov90.0_640x640.jpg,0.0,0
data/UrbanWaste-images-10k-right\year_2019\TMX7316010203-001176\pano_0000_000336_heading3.42_pitch-1.10_right90_square_fov90.0_640x640.jpg,0.32248735427856445,2
data/UrbanWaste-images-10k-right\year_2019\TMX7316010203-001176\pano_0000_000523_heading189.54_pitch-2.28_right90_square_fov90.0_640x640.jpg,0.2900737226009369,3
data/UrbanWaste-images-10k-right\year_2019\TMX7316010203-001176\pano_0000_000531_heading189.90_pitch-1.37_right90_square_fov90.0_640x640.jpg,0.0,0
data/UrbanWaste-images-10k-right\year_2019\TMX7316010203-001176\pano_0000_000547_heading188.60_pitch-1.57_right90_square_fov90.0_640x640.jpg,0.0,0
data/UrbanWaste-images-10k-right\year_2019\TMX7316010203-001176\pano_0000_000731_heading185.09_pitch-1.04_right90_square_fov90.0_640x640.jpg,0.37958815693855286,1
data/UrbanWaste-images-10k-right\year_2019\TMX7316010203-001176\pano_0000_000777_heading188.31_pitch-3.92_right90_square_fov90.0_640x640.jpg,0.43293315172195435,1
data/UrbanWaste-images-10k-right\year_2019\TMX7316010203-001176\pano_0000_000861_heading294.96_pitch-0.89_right90_square_fov90.0_640x640.jpg,0.25055885314941406,1
data/UrbanWaste-images-10k-right\year_2019\TMX7316010203-001176\pano_0000_000865_heading256.59_pitch-1.08_right90_square_fov90.0_640x640.jpg,0.5031518936157227,1
data/UrbanWaste-images-10k-right\year_2019\TMX7316010203-001176\pano_0000_000876_heading172.61_pitch-1.22_right90_square_fov90.0_640x640.jpg,0.0,0
data/UrbanWaste-images-10k-right\year_2019\TMX7316010203-001176\pano_0000_001018_heading212.75_pitch-2.03_right90_square_fov90.0_640x640.jpg,0.3738096058368683,1
data/UrbanWaste-images-10k-right\year_2019\TMX7316010203-001176\pano_0000_001108_heading71.82_pitch-1.45_right90_square_fov90.0_640x640.jpg,0.2743137776851654,1
data/UrbanWaste-images-10k-right\year_2019\TMX7316010203-001176\pano_0000_001116_heading338.16_pitch-2.72_right90_square_fov90.0_640x640.jpg,0.32082250714302063,1
data/UrbanWaste-images-10k-right\year_2019\TMX7316010203-001176\pano_0000_001134_heading341.31_pitch-0.86_right90_square_fov90.0_640x640.jpg,0.26812905073165894,2
data/UrbanWaste-images-10k-right\year_2019\TMX7316010203-001176\pano_0000_001140_heading341.89_pitch-0.41_right90_square_fov90.0_640x640.jpg,0.0,0
data/UrbanWaste-images-10k-right\year_2019\TMX7316010203-001176\pano_0000_001166_heading344.31_pitch-0.52_right90_square_fov90.0_640x640.jpg,0.2845836579799652,1
data/UrbanWaste-images-10k-right\year_2019\TMX7316010203-001176\pano_0000_001219_heading342.48_pitch-1.22_right90_square_fov90.0_640x640.jpg,0.0,0
data/UrbanWaste-images-10k-right\year_2019\TMX7316010203-001176\pano_0000_001259_heading75.21_pitch-1.87_right90_square_fov90.0_640x640.jpg,0.0,0
data/UrbanWaste-images-10k-right\year_2019\TMX7316010203-001176\pano_0000_001340_heading25.11_pitch-1.60_right90_square_fov90.0_640x640.jpg,0.25037601590156555,1
data/UrbanWaste-images-10k-right\year_2019\TMX7316010203-001176\pano_0000_001342_heading42.69_pitch-1.65_right90_square_fov90.0_640x640.jpg,0.5087230205535889,2
data/UrbanWaste-images-10k-right\year_2019\TMX7316010203-001176\pano_0000_001355_heading269.44_pitch-2.25_right90_square_fov90.0_640x640.jpg,0.0,0
data/UrbanWaste-images-10k-right\year_2019\TMX7316010203-001176\pano_0000_001367_heading268.84_pitch0.53_right90_square_fov90.0_640x640.jpg,0.0,0
data/UrbanWaste-images-10k-right\year_2019\TMX7316010203-001176\pano_0000_001377_heading311.10_pitch-2.81_right90_square_fov90.0_640x640.jpg,0.0,0
data/UrbanWaste-images-10k-right\year_2019\TMX7316010203-001176\pano_0000_001399_heading115.80_pitch-1.33_right90_square_fov90.0_640x640.jpg,0.26328766345977783,1
data/UrbanWaste-images-10k-right\year_2019\TMX7316010203-001176\pano_0000_001467_heading162.99_pitch-0.48_right90_square_fov90.0_640x640.jpg,0.38863325119018555,1
data/UrbanWaste-images-10k-right\year_2019\TMX7316010203-001176\pano_0000_001526_heading71.95_pitch-1.67_right90_square_fov90.0_640x640.jpg,0.0,0
data/UrbanWaste-images-10k-right\year_2019\TMX7316010203-001176\pano_0000_001556_heading70.74_pitch-2.83_right90_square_fov90.0_640x640.jpg,0.0,0
data/UrbanWaste-images-10k-right\year_2019\TMX7316010203-001176\pano_0000_001564_heading76.53_pitch2.06_right90_square_fov90.0_640x640.jpg,0.0,0
data/UrbanWaste-images-10k-right\year_2019\TMX7316010203-001176\pano_0000_001566_heading74.78_pitch4.86_right90_square_fov90.0_640x640.jpg,0.5888388752937317,2
data/UrbanWaste-images-10k-right\year_2019\TMX7316010203-001176\pano_0000_001657_heading252.06_pitch-1.38_right90_square_fov90.0_640x640.jpg,0.0,0
data/UrbanWaste-images-10k-right\year_2019\TMX7316010203-001176\pano_0000_001699_heading342.41_pitch-0.93_right90_square_fov90.0_640x640.jpg,0.37268728017807007,1
data/UrbanWaste-images-10k-right\year_2019\TMX7316010203-001176\pano_0000_001707_heading342.61_pitch-0.78_right90_square_fov90.0_640x640.jpg,0.2537550628185272,1
data/UrbanWaste-images-10k-right\year_2019\TMX7316010203-001176\pano_0000_001711_heading342.11_pitch-1.50_right90_square_fov90.0_640x640.jpg,0.0,0
data/UrbanWaste-images-10k-right\year_2019\TMX7316010203-001176\pano_0000_001717_heading342.13_pitch-4.03_right90_square_fov90.0_640x640.jpg,0.25675615668296814,1
data/UrbanWaste-images-10k-right\year_2019\TMX7316010203-001176\pano_0001_000029_heading256.07_pitch-1.14_right90_square_fov90.0_640x640.jpg,0.0,0
data/UrbanWaste-images-10k-right\year_2019\TMX7316010203-001176\pano_0001_000039_heading255.91_pitch-1.28_right90_square_fov90.0_640x640.jpg,0.35171428322792053,1
data/UrbanWaste-images-10k-right\year_2019\TMX7316010203-001176\pano_0001_000061_heading297.46_pitch-1.08_right90_square_fov90.0_640x640.jpg,0.2975507974624634,2
data/UrbanWaste-images-10k-right\year_2019\TMX7316010203-001176\pano_0001_000077_heading292.41_pitch-1.45_right90_square_fov90.0_640x640.jpg,0.0,0
data/UrbanWaste-images-10k-right\year_2019\TMX7316010203-001176\pano_0001_000099_heading353.49_pitch-1.19_right90_square_fov90.0_640x640.jpg,0.27873194217681885,1
data/UrbanWaste-images-10k-right\year_2019\TMX7316010203-001176\pano_0001_000125_heading238.70_pitch-2.17_right90_square_fov90.0_640x640.jpg,0.0,0
data/UrbanWaste-images-10k-right\year_2019\TMX7316010203-001176\pano_0001_000151_heading261.33_pitch-2.06_right90_square_fov90.0_640x640.jpg,0.0,0
data/UrbanWaste-images-10k-right\year_2019\TMX7316010203-001176\pano_0001_000356_heading251.61_pitch-1.37_right90_square_fov90.0_640x640.jpg,0.0,0
data/UrbanWaste-images-10k-right\year_2019\TMX7316010203-001176\pano_0001_000402_heading97.50_pitch-2.36_right90_square_fov90.0_640x640.jpg,0.0,0
data/UrbanWaste-images-10k-right\year_2019\TMX7316010203-001176\pano_0001_000594_heading9.92_pitch-1.06_right90_square_fov90.0_640x640.jpg,0.0,0
data/UrbanWaste-images-10k-right\year_2019\TMX7316010203-001176\pano_0001_000596_heading11.50_pitch-0.99_right90_square_fov90.0_640x640.jpg,0.0,0
data/UrbanWaste-images-10k-right\year_2019\TMX7316010203-001176\pano_0001_000606_heading10.36_pitch-1.07_right90_square_fov90.0_640x640.jpg,0.3887777030467987,2
data/UrbanWaste-images-10k-right\year_2019\TMX7316010203-001176\pano_0001_000612_heading8.63_pitch-0.71_right90_square_fov90.0_640x640.jpg,0.26117902994155884,1
data/UrbanWaste-images-10k-right\year_2019\TMX7316010203-001177\pano_0000_000036_heading132.51_pitch-1.08_right90_square_fov90.0_640x640.jpg,0.0,0
data/UrbanWaste-images-10k-right\year_2019\TMX7316010203-001177\pano_0000_000102_heading72.97_pitch-2.81_right90_square_fov90.0_640x640.jpg,0.5012493133544922,1
data/UrbanWaste-images-10k-right\year_2019\TMX7316010203-001177\pano_0000_000148_heading302.17_pitch-0.20_right90_square_fov90.0_640x640.jpg,0.5457441210746765,8
data/UrbanWaste-images-10k-right\year_2019\TMX7316010203-001177\pano_0000_000180_heading130.73_pitch-1.00_right90_square_fov90.0_640x640.jpg,0.4424106180667877,5
data/UrbanWaste-images-10k-right\year_2019\TMX7316010203-001177\pano_0000_000186_heading129.62_pitch-1.05_right90_square_fov90.0_640x640.jpg,0.6237467527389526,4
data/UrbanWaste-images-10k-right\year_2019\TMX7316010203-001177\pano_0000_000188_heading130.87_pitch-1.09_right90_square_fov90.0_640x640.jpg,0.3845168352127075,4
data/UrbanWaste-images-10k-right\year_2019\TMX7316010203-001177\pano_0000_000328_heading305.70_pitch-1.04_right90_square_fov90.0_640x640.jpg,0.0,0
data/UrbanWaste-images-10k-right\year_2019\TMX7316010203-001177\pano_0000_000381_heading359.08_pitch-0.96_right90_square_fov90.0_640x640.jpg,0.39104053378105164,4
data/UrbanWaste-images-10k-right\year_2019\TMX7316010203-001177\pano_0000_000387_heading4.57_pitch-1.91_right90_square_fov90.0_640x640.jpg,0.4181474447250366,1
data/UrbanWaste-images-10k-right\year_2019\TMX7316010203-001177\pano_0000_000421_heading105.39_pitch-1.68_right90_square_fov90.0_640x640.jpg,0.0,0
data/UrbanWaste-images-10k-right\year_2019\TMX7316010203-001177\pano_0000_000427_heading173.63_pitch-1.56_right90_square_fov90.0_640x640.jpg,0.2683473229408264,1
data/UrbanWaste-images-10k-right\year_2019\TMX7316010203-001177\pano_0000_000435_heading180.19_pitch-1.62_right90_square_fov90.0_640x640.jpg,0.30918088555336,2
data/UrbanWaste-images-10k-right\year_2019\TMX7316010203-001177\pano_0000_000439_heading180.73_pitch-1.21_right90_square_fov90.0_640x640.jpg,0.0,0
data/UrbanWaste-images-10k-right\year_2019\TMX7316010203-001177\pano_0000_000455_heading211.16_pitch0.23_right90_square_fov90.0_640x640.jpg,0.6995272636413574,2
data/UrbanWaste-images-10k-right\year_2019\TMX7316010203-001177\pano_0000_000459_heading244.08_pitch-1.04_right90_square_fov90.0_640x640.jpg,0.36322182416915894,5
data/UrbanWaste-images-10k-right\year_2019\TMX7316010203-001177\pano_0000_000529_heading282.95_pitch-0.97_right90_square_fov90.0_640x640.jpg,0.324343740940094,1
data/UrbanWaste-images-10k-right\year_2019\TMX7316010203-001177\pano_0000_000543_heading283.55_pitch-1.22_right90_square_fov90.0_640x640.jpg,0.28879407048225403,1
data/UrbanWaste-images-10k-right\year_2019\TMX7316010203-001177\pano_0000_000603_heading297.27_pitch0.86_right90_square_fov90.0_640x640.jpg,0.3605838418006897,1
data/UrbanWaste-images-10k-right\year_2019\TMX7316010203-001177\pano_0000_000679_heading177.20_pitch-0.58_right90_square_fov90.0_640x640.jpg,0.0,0
data/UrbanWaste-images-10k-right\year_2019\TMX7316010203-001177\pano_0000_000777_heading129.04_pitch-1.25_right90_square_fov90.0_640x640.jpg,0.0,0
data/UrbanWaste-images-10k-right\year_2019\TMX7316010203-001177\pano_0000_000835_heading28.76_pitch0.04_right90_square_fov90.0_640x640.jpg,0.0,0
data/UrbanWaste-images-10k-right\year_2019\TMX7316010203-001177\pano_0000_000865_heading76.23_pitch0.59_right90_square_fov90.0_640x640.jpg,0.0,0
data/UrbanWaste-images-10k-right\year_2019\TMX7316010203-001177\pano_0000_000873_heading82.78_pitch-0.65_right90_square_fov90.0_640x640.jpg,0.0,0
data/UrbanWaste-images-10k-right\year_2019\TMX7316010203-001177\pano_0000_001043_heading105.62_pitch-3.95_right90_square_fov90.0_640x640.jpg,0.3410547375679016,2
data/UrbanWaste-images-10k-right\year_2019\TMX7316010203-001177\pano_0000_001126_heading221.02_pitch-0.97_right90_square_fov90.0_640x640.jpg,0.37373197078704834,5
data/UrbanWaste-images-10k-right\year_2019\TMX7316010203-001177\pano_0000_001146_heading221.14_pitch-1.47_right90_square_fov90.0_640x640.jpg,0.0,0
data/UrbanWaste-images-10k-right\year_2019\TMX7316010203-001177\pano_0000_001239_heading325.58_pitch-1.17_right90_square_fov90.0_640x640.jpg,0.0,0
data/UrbanWaste-images-10k-right\year_2019\TMX7316010203-001177\pano_0000_001243_heading29.29_pitch-0.48_right90_square_fov90.0_640x640.jpg,0.0,0
data/UrbanWaste-images-10k-right\year_2019\TMX7316010203-001177\pano_0000_001347_heading91.62_pitch0.21_right90_square_fov90.0_640x640.jpg,0.0,0
data/UrbanWaste-images-10k-right\year_2019\TMX7316010203-001177\pano_0000_001405_heading224.52_pitch-0.21_right90_square_fov90.0_640x640.jpg,0.4287034273147583,3
data/UrbanWaste-images-10k-right\year_2019\TMX7316010203-001177\pano_0000_001413_heading220.92_pitch-0.44_right90_square_fov90.0_640x640.jpg,0.3922876715660095,2
data/UrbanWaste-images-10k-right\year_2019\TMX7316010203-001177\pano_0000_001436_heading311.38_pitch-0.50_right90_square_fov90.0_640x640.jpg,0.0,0
data/UrbanWaste-images-10k-right\year_2019\TMX7316010203-001177\pano_0000_001496_heading324.04_pitch-1.48_right90_square_fov90.0_640x640.jpg,0.0,0
data/UrbanWaste-images-10k-right\year_2019\TMX7316010203-001177\pano_0000_001565_heading323.86_pitch-1.39_right90_square_fov90.0_640x640.jpg,0.0,0
data/UrbanWaste-images-10k-right\year_2019\TMX7316010203-001177\pano_0000_001597_heading70.64_pitch1.34_right90_square_fov90.0_640x640.jpg,0.0,0
data/UrbanWaste-images-10k-right\year_2019\TMX7316010203-001177\pano_0000_001603_heading139.45_pitch-2.54_right90_square_fov90.0_640x640.jpg,0.2565225660800934,1
data/UrbanWaste-images-10k-right\year_2019\TMX7316010203-001177\pano_0000_001625_heading106.43_pitch0.20_right90_square_fov90.0_640x640.jpg,0.3054244816303253,1
data/UrbanWaste-images-10k-right\year_2019\TMX7316010203-001177\pano_0000_001641_heading216.22_pitch-2.65_right90_square_fov90.0_640x640.jpg,0.38367050886154175,1
data/UrbanWaste-images-10k-right\year_2019\TMX7316010203-001177\pano_0000_001649_heading218.37_pitch-2.14_right90_square_fov90.0_640x640.jpg,0.4482952356338501,1
data/UrbanWaste-images-10k-right\year_2019\TMX7316010203-001177\pano_0000_001740_heading143.63_pitch-1.09_right90_square_fov90.0_640x640.jpg,0.0,0
data/UrbanWaste-images-10k-right\year_2019\TMX7316010203-001178\pano_0000_000010_heading296.76_pitch-0.44_right90_square_fov90.0_640x640.jpg,0.4105514883995056,5
data/UrbanWaste-images-10k-right\year_2019\TMX7316010203-001178\pano_0000_000018_heading300.48_pitch-1.21_right90_square_fov90.0_640x640.jpg,0.3511272370815277,2
data/UrbanWaste-images-10k-right\year_2019\TMX7316010203-001178\pano_0000_000042_heading301.91_pitch-2.25_right90_square_fov90.0_640x640.jpg,0.38980498909950256,2
data/UrbanWaste-images-10k-right\year_2019\TMX7316010203-001178\pano_0000_000048_heading300.69_pitch-1.40_right90_square_fov90.0_640x640.jpg,0.25342294573783875,1
data/UrbanWaste-images-10k-right\year_2019\TMX7316010203-001178\pano_0000_000066_heading190.77_pitch-5.05_right90_square_fov90.0_640x640.jpg,0.3437685966491699,1
data/UrbanWaste-images-10k-right\year_2019\TMX7316010203-001178\pano_0000_000072_heading195.44_pitch0.84_right90_square_fov90.0_640x640.jpg,0.0,0
data/UrbanWaste-images-10k-right\year_2019\TMX7316010203-001178\pano_0000_000110_heading24.38_pitch-0.08_right90_square_fov90.0_640x640.jpg,0.37512022256851196,3
data/UrbanWaste-images-10k-right\year_2019\TMX7316010203-001178\pano_0000_000136_heading119.08_pitch-0.61_right90_square_fov90.0_640x640.jpg,0.25579172372817993,1
data/UrbanWaste-images-10k-right\year_2019\TMX7316010203-001178\pano_0000_000152_heading119.30_pitch-2.82_right90_square_fov90.0_640x640.jpg,0.27163606882095337,2
data/UrbanWaste-images-10k-right\year_2019\TMX7316010203-001178\pano_0000_000244_heading105.24_pitch0.24_right90_square_fov90.0_640x640.jpg,0.0,0
data/UrbanWaste-images-10k-right\year_2019\TMX7316010203-001178\pano_0000_000258_heading105.92_pitch-2.32_right90_square_fov90.0_640x640.jpg,0.38312339782714844,3
data/UrbanWaste-images-10k-right\year_2019\TMX7316010203-001178\pano_0000_000276_heading105.50_pitch-1.51_right90_square_fov90.0_640x640.jpg,0.6384860873222351,4
data/UrbanWaste-images-10k-right\year_2019\TMX7316010203-001178\pano_0000_000290_heading105.52_pitch-1.42_right90_square_fov90.0_640x640.jpg,0.0,0
data/UrbanWaste-images-10k-right\year_2019\TMX7316010203-001178\pano_0000_000366_heading193.28_pitch-1.29_right90_square_fov90.0_640x640.jpg,0.0,0
data/UrbanWaste-images-10k-right\year_2019\TMX7316010203-001178\pano_0000_000390_heading180.55_pitch-1.57_right90_square_fov90.0_640x640.jpg,0.0,0
data/UrbanWaste-images-10k-right\year_2019\TMX7316010203-001178\pano_0000_000408_heading310.27_pitch-1.87_right90_square_fov90.0_640x640.jpg,0.0,0
data/UrbanWaste-images-10k-right\year_2019\TMX7316010203-001178\pano_0000_000418_heading264.34_pitch-1.67_right90_square_fov90.0_640x640.jpg,0.26679185032844543,1
data/UrbanWaste-images-10k-right\year_2019\TMX7316010203-001178\pano_0000_000432_heading301.87_pitch-2.18_right90_square_fov90.0_640x640.jpg,0.2812153100967407,1
data/UrbanWaste-images-10k-right\year_2019\TMX7316010203-001178\pano_0000_000502_heading29.55_pitch-0.18_right90_square_fov90.0_640x640.jpg,0.0,0
data/UrbanWaste-images-10k-right\year_2019\TMX7316010203-001178\pano_0000_000590_heading30.77_pitch-1.19_right90_square_fov90.0_640x640.jpg,0.3117247223854065,2
data/UrbanWaste-images-10k-right\year_2019\TMX7316010203-001178\pano_0000_000596_heading30.77_pitch-1.03_right90_square_fov90.0_640x640.jpg,0.6907889246940613,1
data/UrbanWaste-images-10k-right\year_2019\TMX7316010203-001178\pano_0000_000640_heading280.68_pitch-1.75_right90_square_fov90.0_640x640.jpg,0.26456940174102783,1
data/UrbanWaste-images-10k-right\year_2019\TMX7316010203-001178\pano_0000_000656_heading210.04_pitch-1.51_right90_square_fov90.0_640x640.jpg,0.2833106219768524,1
data/UrbanWaste-images-10k-right\year_2019\TMX7316010203-001178\pano_0000_000726_heading227.07_pitch3.68_right90_square_fov90.0_640x640.jpg,0.36826297640800476,1
data/UrbanWaste-images-10k-right\year_2019\TMX7316010203-001178\pano_0000_000740_heading299.41_pitch-1.00_right90_square_fov90.0_640x640.jpg,0.0,0
data/UrbanWaste-images-10k-right\year_2019\TMX7316010203-001178\pano_0000_000766_heading6.09_pitch0.17_right90_square_fov90.0_640x640.jpg,0.0,0
data/UrbanWaste-images-10k-right\year_2019\TMX7316010203-001178\pano_0000_000790_heading28.34_pitch-1.57_right90_square_fov90.0_640x640.jpg,0.25132572650909424,1
data/UrbanWaste-images-10k-right\year_2019\TMX7316010203-001178\pano_0000_000804_heading55.22_pitch-0.33_right90_square_fov90.0_640x640.jpg,0.26562193036079407,1
data/UrbanWaste-images-10k-right\year_2019\TMX7316010203-001178\pano_0000_000812_heading61.12_pitch-1.17_right90_square_fov90.0_640x640.jpg,0.0,0
data/UrbanWaste-images-10k-right\year_2019\TMX7316010203-001178\pano_0000_000887_heading331.50_pitch-3.34_right90_square_fov90.0_640x640.jpg,0.0,0
data/UrbanWaste-images-10k-right\year_2019\TMX7316010203-001178\pano_0000_000915_heading221.88_pitch-1.03_right90_square_fov90.0_640x640.jpg,0.0,0
data/UrbanWaste-images-10k-right\year_2019\TMX7316010203-001178\pano_0000_000953_heading333.41_pitch-0.45_right90_square_fov90.0_640x640.jpg,0.0,0
data/UrbanWaste-images-10k-right\year_2019\TMX7316010203-001178\pano_0000_000979_heading316.10_pitch-1.20_right90_square_fov90.0_640x640.jpg,0.40071651339530945,2
data/UrbanWaste-images-10k-right\year_2019\TMX7316010203-001178\pano_0000_001019_heading308.34_pitch-1.66_right90_square_fov90.0_640x640.jpg,0.45463427901268005,1
data/UrbanWaste-images-10k-right\year_2019\TMX7316010203-001178\pano_0000_001039_heading306.82_pitch-1.40_right90_square_fov90.0_640x640.jpg,0.30691006779670715,2
data/UrbanWaste-images-10k-right\year_2019\TMX7316010203-001178\pano_0000_001067_heading285.95_pitch-1.40_right90_square_fov90.0_640x640.jpg,0.0,0
data/UrbanWaste-images-10k-right\year_2019\TMX7316010203-001178\pano_0000_001268_heading275.97_pitch-2.04_right90_square_fov90.0_640x640.jpg,0.28394371271133423,1
data/UrbanWaste-images-10k-right\year_2019\TMX7316010203-001178\pano_0000_001356_heading274.38_pitch-1.66_right90_square_fov90.0_640x640.jpg,0.0,0
data/UrbanWaste-images-10k-right\year_2019\TMX7316010203-001178\pano_0000_001482_heading226.89_pitch-1.21_right90_square_fov90.0_640x640.jpg,0.3339504301548004,1
data/UrbanWaste-images-10k-right\year_2019\TMX7316010203-001178\pano_0000_001532_heading141.19_pitch-0.94_right90_square_fov90.0_640x640.jpg,0.3277464509010315,2
data/UrbanWaste-images-10k-right\year_2019\TMX7316010203-001178\pano_0000_001560_heading141.91_pitch-1.01_right90_square_fov90.0_640x640.jpg,0.2609305679798126,1
data/UrbanWaste-images-10k-right\year_2019\TMX7316010203-001178\pano_0000_001584_heading187.92_pitch-1.17_right90_square_fov90.0_640x640.jpg,0.0,0
data/UrbanWaste-images-10k-right\year_2019\TMX7316010203-001178\pano_0000_001590_heading213.25_pitch-1.66_right90_square_fov90.0_640x640.jpg,0.3651490807533264,6
data/UrbanWaste-images-10k-right\year_2019\TMX7316010203-001178\pano_0000_001606_heading191.39_pitch-1.17_right90_square_fov90.0_640x640.jpg,0.3760194778442383,9
data/UrbanWaste-images-10k-right\year_2019\TMX7316010203-001178\pano_0000_001652_heading282.50_pitch-1.87_right90_square_fov90.0_640x640.jpg,0.0,0
data/UrbanWaste-images-10k-right\year_2019\TMX7316010203-001178\pano_0000_001678_heading281.53_pitch-1.28_right90_square_fov90.0_640x640.jpg,0.2649841904640198,1
data/UrbanWaste-images-10k-right\year_2019\TMX7316010203-001178\pano_0000_001686_heading308.69_pitch-1.60_right90_square_fov90.0_640x640.jpg,0.0,0
data/UrbanWaste-images-10k-right\year_2019\TMX7316010203-001178\pano_0000_001692_heading11.79_pitch-0.84_right90_square_fov90.0_640x640.jpg,0.0,0
data/UrbanWaste-images-10k-right\year_2019\TMX7316010203-001178\pano_0000_001694_heading11.74_pitch-1.09_right90_square_fov90.0_640x640.jpg,0.0,0
data/UrbanWaste-images-10k-right\year_2019\TMX7316010203-001178\pano_0001_000004_heading42.51_pitch-1.17_right90_square_fov90.0_640x640.jpg,0.0,0
data/UrbanWaste-images-10k-right\year_2019\TMX7316010203-001178\pano_0001_000109_heading232.20_pitch-3.76_right90_square_fov90.0_640x640.jpg,0.2594493627548218,1
data/UrbanWaste-images-10k-right\year_2019\TMX7316010203-001178\pano_0001_000111_heading229.29_pitch2.06_right90_square_fov90.0_640x640.jpg,0.4221671521663666,4
data/UrbanWaste-images-10k-right\year_2019\TMX7316010203-001178\pano_0001_000115_heading228.69_pitch1.12_right90_square_fov90.0_640x640.jpg,0.3106176555156708,1
data/UrbanWaste-images-10k-right\year_2019\TMX7316010203-001178\pano_0001_000142_heading90.86_pitch0.41_right90_square_fov90.0_640x640.jpg,0.0,0
data/UrbanWaste-images-10k-right\year_2019\TMX7316010203-001178\pano_0001_000178_heading91.66_pitch-1.90_right90_square_fov90.0_640x640.jpg,0.28723880648612976,1
data/UrbanWaste-images-10k-right\year_2019\TMX7316010203-001178\pano_0001_000505_heading270.90_pitch0.69_right90_square_fov90.0_640x640.jpg,0.25962033867836,1
data/UrbanWaste-images-10k-right\year_2019\TMX7316010203-001178\pano_0001_000531_heading271.47_pitch-1.54_right90_square_fov90.0_640x640.jpg,0.2803385853767395,1
data/UrbanWaste-images-10k-right\year_2019\TMX7316010203-001178\pano_0001_000714_heading272.17_pitch-1.50_right90_square_fov90.0_640x640.jpg,0.0,0
data/UrbanWaste-images-10k-right\year_2019\TMX7316010203-001178\pano_0001_000718_heading272.75_pitch-1.29_right90_square_fov90.0_640x640.jpg,0.0,0
data/UrbanWaste-images-10k-right\year_2019\TMX7316010203-001178\pano_0001_000736_heading271.68_pitch-2.79_right90_square_fov90.0_640x640.jpg,0.34772682189941406,4
data/UrbanWaste-images-10k-right\year_2019\TMX7316010203-001178\pano_0001_000740_heading274.01_pitch0.67_right90_square_fov90.0_640x640.jpg,0.266865611076355,1
data/UrbanWaste-images-10k-right\year_2019\TMX7316010203-001178\pano_0001_000754_heading272.02_pitch-1.03_right90_square_fov90.0_640x640.jpg,0.0,0
data/UrbanWaste-images-10k-right\year_2019\TMX7316010203-001178\pano_0001_000758_heading272.20_pitch-1.40_right90_square_fov90.0_640x640.jpg,0.0,0
data/UrbanWaste-images-10k-right\year_2019\TMX7316010203-001178\pano_0001_000788_heading179.01_pitch3.86_right90_square_fov90.0_640x640.jpg,0.0,0
data/UrbanWaste-images-10k-right\year_2019\TMX7316010203-001178\pano_0001_000873_heading4.99_pitch-1.98_right90_square_fov90.0_640x640.jpg,0.0,0
data/UrbanWaste-images-10k-right\year_2019\TMX7316010203-001178\pano_0001_001057_heading273.24_pitch-0.26_right90_square_fov90.0_640x640.jpg,0.0,0
data/UrbanWaste-images-10k-right\year_2019\TMX7316010203-001178\pano_0001_001127_heading45.03_pitch0.24_right90_square_fov90.0_640x640.jpg,0.0,0
data/UrbanWaste-images-10k-right\year_2019\TMX7316010203-001178\pano_0001_001184_heading91.81_pitch-2.03_right90_square_fov90.0_640x640.jpg,0.0,0
data/UrbanWaste-images-10k-right\year_2019\TMX7316010203-001178\pano_0001_001269_heading91.68_pitch1.50_right90_square_fov90.0_640x640.jpg,0.41471561789512634,5
data/UrbanWaste-images-10k-right\year_2019\TMX7316010203-001178\pano_0001_001281_heading91.62_pitch-2.27_right90_square_fov90.0_640x640.jpg,0.2744576036930084,1
data/UrbanWaste-images-10k-right\year_2019\TMX7316010203-001178\pano_0001_001308_heading91.38_pitch-1.20_right90_square_fov90.0_640x640.jpg,0.0,0
data/UrbanWaste-images-10k-right\year_2019\TMX7316010203-001178\pano_0001_001410_heading336.51_pitch-1.29_right90_square_fov90.0_640x640.jpg,0.3569047451019287,1
data/UrbanWaste-images-10k-right\year_2019\TMX7316010203-001178\pano_0001_001436_heading335.55_pitch-3.46_right90_square_fov90.0_640x640.jpg,0.0,0
data/UrbanWaste-images-10k-right\year_2019\TMX7316010203-001178\pano_0001_001556_heading337.54_pitch-3.11_right90_square_fov90.0_640x640.jpg,0.0,0
data/UrbanWaste-images-10k-right\year_2019\TMX7316010203-001178\pano_0001_001653_heading146.39_pitch-2.60_right90_square_fov90.0_640x640.jpg,0.0,0
data/UrbanWaste-images-10k-right\year_2019\TMX7316010203-001178\pano_0001_001735_heading156.71_pitch-1.12_right90_square_fov90.0_640x640.jpg,0.0,0
data/UrbanWaste-images-10k-right\year_2019\TMX7316010203-001178\pano_0001_001777_heading272.16_pitch-1.28_right90_square_fov90.0_640x640.jpg,0.0,0
data/UrbanWaste-images-10k-right\year_2019\TMX7316010203-001178\pano_0001_001786_heading335.85_pitch-1.46_right90_square_fov90.0_640x640.jpg,0.0,0
data/UrbanWaste-images-10k-right\year_2019\TMX7316010203-001178\pano_0001_001790_heading336.81_pitch-2.23_right90_square_fov90.0_640x640.jpg,0.0,0
data/UrbanWaste-images-10k-right\year_2019\TMX7316010203-001178\pano_0001_001816_heading246.26_pitch-2.08_right90_square_fov90.0_640x640.jpg,0.0,0
data/UrbanWaste-images-10k-right\year_2019\TMX7316010203-001178\pano_0001_001924_heading157.08_pitch-1.23_right90_square_fov90.0_640x640.jpg,0.0,0
data/UrbanWaste-images-10k-right\year_2019\TMX7316010203-001178\pano_0001_001986_heading336.49_pitch2.18_right90_square_fov90.0_640x640.jpg,0.0,0
data/UrbanWaste-images-10k-right\year_2019\TMX7316010203-001178\pano_0001_002006_heading250.66_pitch3.59_right90_square_fov90.0_640x640.jpg,0.0,0
data/UrbanWaste-images-10k-right\year_2019\TMX7316010203-001178\pano_0001_002197_heading92.54_pitch-1.90_right90_square_fov90.0_640x640.jpg,0.3422909677028656,4
data/UrbanWaste-images-10k-right\year_2019\TMX7316010203-001178\pano_0001_002349_heading241.42_pitch0.22_right90_square_fov90.0_640x640.jpg,0.32870060205459595,1
data/UrbanWaste-images-10k-right\year_2019\TMX7316010203-001178\pano_0001_002518_heading330.62_pitch-1.84_right90_square_fov90.0_640x640.jpg,0.0,0
data/UrbanWaste-images-10k-right\year_2019\TMX7316010203-001178\pano_0001_002522_heading330.87_pitch-3.66_right90_square_fov90.0_640x640.jpg,0.0,0
data/UrbanWaste-images-10k-right\year_2019\TMX7316010203-001178\pano_0001_002664_heading66.72_pitch2.51_right90_square_fov90.0_640x640.jpg,0.3492793142795563,7
data/UrbanWaste-images-10k-right\year_2019\TMX7316010203-001178\pano_0001_002691_heading151.34_pitch-0.89_right90_square_fov90.0_640x640.jpg,0.0,0
data/UrbanWaste-images-10k-right\year_2019\TMX7316010203-001178\pano_0001_002744_heading271.42_pitch-2.75_right90_square_fov90.0_640x640.jpg,0.3663153350353241,1
data/UrbanWaste-images-10k-right\year_2019\TMX7316010203-001178\pano_0001_002746_heading271.56_pitch-3.29_right90_square_fov90.0_640x640.jpg,0.0,0
data/UrbanWaste-images-10k-right\year_2019\TMX7316010203-001178\pano_0001_002756_heading332.77_pitch-1.31_right90_square_fov90.0_640x640.jpg,0.2859901189804077,1
data/UrbanWaste-images-10k-right\year_2019\TMX7316010203-001178\pano_0001_002780_heading331.73_pitch-4.05_right90_square_fov90.0_640x640.jpg,0.0,0
data/UrbanWaste-images-10k-right\year_2019\TMX7316010203-001178\pano_0001_002863_heading331.74_pitch-1.83_right90_square_fov90.0_640x640.jpg,0.0,0
data/UrbanWaste-images-10k-right\year_2019\TMX7316010203-001178\pano_0001_002901_heading240.57_pitch-0.24_right90_square_fov90.0_640x640.jpg,0.0,0
data/UrbanWaste-images-10k-right\year_2019\TMX7316010203-001178\pano_0001_002962_heading60.69_pitch-0.89_right90_square_fov90.0_640x640.jpg,0.29350167512893677,1
data/UrbanWaste-images-10k-right\year_2019\TMX7316010203-001178\pano_0001_002986_heading330.00_pitch-0.88_right90_square_fov90.0_640x640.jpg,0.3395318388938904,2
data/UrbanWaste-images-10k-right\year_2019\TMX7316010203-001178\pano_0001_003118_heading226.89_pitch-1.13_right90_square_fov90.0_640x640.jpg,0.0,0
data/UrbanWaste-images-10k-right\year_2019\TMX7316010203-001178\pano_0001_003140_heading224.21_pitch-0.58_right90_square_fov90.0_640x640.jpg,0.0,0
data/UrbanWaste-images-10k-right\year_2019\TMX7316010203-001178\pano_0001_003360_heading316.21_pitch-2.35_right90_square_fov90.0_640x640.jpg,0.2771351635456085,1
data/UrbanWaste-images-10k-right\year_2019\TMX7316010203-001178\pano_0001_003376_heading227.13_pitch-1.80_right90_square_fov90.0_640x640.jpg,0.28565308451652527,2
data/UrbanWaste-images-10k-right\year_2019\TMX7316010203-001178\pano_0001_003380_heading227.43_pitch-1.57_right90_square_fov90.0_640x640.jpg,0.0,0
data/UrbanWaste-images-10k-right\year_2019\TMX7316010203-001178\pano_0001_003422_heading123.61_pitch0.69_right90_square_fov90.0_640x640.jpg,0.3232226073741913,6
data/UrbanWaste-images-10k-right\year_2019\TMX7316010203-001178\pano_0001_003482_heading335.10_pitch0.89_right90_square_fov90.0_640x640.jpg,0.0,0
data/UrbanWaste-images-10k-right\year_2019\TMX7316010203-001178\pano_0001_003494_heading35.77_pitch-1.14_right90_square_fov90.0_640x640.jpg,0.0,0
data/UrbanWaste-images-10k-right\year_2019\TMX7316010203-001178\pano_0001_003538_heading36.42_pitch-1.11_right90_square_fov90.0_640x640.jpg,0.0,0
data/UrbanWaste-images-10k-right\year_2019\TMX7316010203-001178\pano_0001_003582_heading47.33_pitch-1.06_right90_square_fov90.0_640x640.jpg,0.2737087905406952,2
data/UrbanWaste-images-10k-right\year_2019\TMX7316010203-001178\pano_0001_003594_heading18.37_pitch-1.44_right90_square_fov90.0_640x640.jpg,0.0,0
data/UrbanWaste-images-10k-right\year_2019\TMX7316010203-001178\pano_0001_003596_heading33.83_pitch-1.54_right90_square_fov90.0_640x640.jpg,0.3597392737865448,2
data/UrbanWaste-images-10k-right\year_2019\TMX7316010203-001178\pano_0001_003600_heading49.35_pitch-2.07_right90_square_fov90.0_640x640.jpg,0.0,0
data/UrbanWaste-images-10k-right\year_2019\TMX7316010203-001178\pano_0001_003693_heading249.79_pitch-1.83_right90_square_fov90.0_640x640.jpg,0.32728928327560425,2
data/UrbanWaste-images-10k-right\year_2019\TMX7316010203-001178\pano_0001_003753_heading230.59_pitch-0.54_right90_square_fov90.0_640x640.jpg,0.3203989267349243,1
data/UrbanWaste-images-10k-right\year_2019\TMX7316010203-001178\pano_0001_003767_heading336.09_pitch-1.56_right90_square_fov90.0_640x640.jpg,0.0,0
data/UrbanWaste-images-10k-right\year_2019\TMX7316010203-001178\pano_0001_003783_heading46.34_pitch-0.65_right90_square_fov90.0_640x640.jpg,0.27905988693237305,1
data/UrbanWaste-images-10k-right\year_2019\TMX7316010203-001178\pano_0001_003803_heading64.43_pitch-1.95_right90_square_fov90.0_640x640.jpg,0.3163299262523651,1
data/UrbanWaste-images-10k-right\year_2019\TMX7316010203-001178\pano_0001_003882_heading64.28_pitch-2.10_right90_square_fov90.0_640x640.jpg,0.39226964116096497,3
data/UrbanWaste-images-10k-right\year_2019\TMX7316010203-001178\pano_0001_003917_heading64.00_pitch-2.00_right90_square_fov90.0_640x640.jpg,0.4486311376094818,4
data/UrbanWaste-images-10k-right\year_2019\TMX7316010203-001178\pano_0001_004003_heading246.61_pitch-1.53_right90_square_fov90.0_640x640.jpg,0.29318326711654663,1
data/UrbanWaste-images-10k-right\year_2019\TMX7316010203-001178\pano_0001_004017_heading169.95_pitch-0.75_right90_square_fov90.0_640x640.jpg,0.2652261555194855,1
data/UrbanWaste-images-10k-right\year_2019\TMX7316010203-001178\pano_0001_004037_heading151.70_pitch-3.50_right90_square_fov90.0_640x640.jpg,0.0,0
data/UrbanWaste-images-10k-right\year_2019\TMX7316010203-001178\pano_0001_004067_heading73.36_pitch-1.60_right90_square_fov90.0_640x640.jpg,0.0,0
data/UrbanWaste-images-10k-right\year_2019\TMX7316010203-001178\pano_0001_004093_heading66.59_pitch-0.89_right90_square_fov90.0_640x640.jpg,0.26020145416259766,1
data/UrbanWaste-images-10k-right\year_2019\TMX7316010203-001178\pano_0001_004197_heading149.64_pitch0.41_right90_square_fov90.0_640x640.jpg,0.2546527087688446,1
data/UrbanWaste-images-10k-right\year_2019\TMX7316010203-001178\pano_0001_004231_heading92.36_pitch0.52_right90_square_fov90.0_640x640.jpg,0.0,0
data/UrbanWaste-images-10k-right\year_2019\TMX7316010203-001178\pano_0001_004274_heading132.31_pitch-0.30_right90_square_fov90.0_640x640.jpg,0.0,0
data/UrbanWaste-images-10k-right\year_2019\TMX7316010203-001178\pano_0001_004314_heading208.19_pitch-1.19_right90_square_fov90.0_640x640.jpg,0.4978543519973755,1
data/UrbanWaste-images-10k-right\year_2019\TMX7316010203-001178\pano_0001_004349_heading26.57_pitch-2.77_right90_square_fov90.0_640x640.jpg,0.31230705976486206,1
data/UrbanWaste-images-10k-right\year_2019\TMX7316010203-001178\pano_0001_004449_heading280.71_pitch-1.81_right90_square_fov90.0_640x640.jpg,0.0,0
data/UrbanWaste-images-10k-right\year_2019\TMX7316010203-001178\pano_0001_004469_heading192.26_pitch-0.50_right90_square_fov90.0_640x640.jpg,0.0,0
data/UrbanWaste-images-10k-right\year_2019\TMX7316010203-001178\pano_0001_004561_heading299.26_pitch-1.08_right90_square_fov90.0_640x640.jpg,0.2950805723667145,3
data/UrbanWaste-images-10k-right\year_2019\TMX7316010203-001178\pano_0001_004585_heading137.96_pitch0.84_right90_square_fov90.0_640x640.jpg,0.0,0
data/UrbanWaste-images-10k-right\year_2019\TMX7316010203-001178\pano_0001_004597_heading99.11_pitch-1.31_right90_square_fov90.0_640x640.jpg,0.0,0
data/UrbanWaste-images-10k-right\year_2019\TMX7316010203-001178\pano_0001_004691_heading27.44_pitch-0.78_right90_square_fov90.0_640x640.jpg,0.4112960398197174,3
data/UrbanWaste-images-10k-right\year_2019\TMX7316010203-001178\pano_0001_004713_heading118.04_pitch-1.33_right90_square_fov90.0_640x640.jpg,0.0,0
data/UrbanWaste-images-10k-right\year_2019\TMX7316010203-001178\pano_0001_004795_heading298.43_pitch-1.35_right90_square_fov90.0_640x640.jpg,0.2637200653553009,1
data/UrbanWaste-images-10k-right\year_2019\TMX7316010203-001178\pano_0001_004833_heading298.41_pitch-1.34_right90_square_fov90.0_640x640.jpg,0.26560917496681213,1
data/UrbanWaste-images-10k-right\year_2019\TMX7316010203-001178\pano_0001_004841_heading298.86_pitch-1.06_right90_square_fov90.0_640x640.jpg,0.0,0
data/UrbanWaste-images-10k-right\year_2019\TMX7316010203-001178\pano_0001_004879_heading120.21_pitch-1.60_right90_square_fov90.0_640x640.jpg,0.2598090171813965,1
data/UrbanWaste-images-10k-right\year_2019\TMX7316010203-001178\pano_0001_004881_heading119.07_pitch-1.35_right90_square_fov90.0_640x640.jpg,0.0,0
data/UrbanWaste-images-10k-right\year_2019\TMX7316010203-001178\pano_0001_004895_heading118.45_pitch-1.23_right90_square_fov90.0_640x640.jpg,0.3401574492454529,1
data/UrbanWaste-images-10k-right\year_2019\TMX7316010203-001178\pano_0001_004907_heading117.85_pitch-1.95_right90_square_fov90.0_640x640.jpg,0.0,0
data/UrbanWaste-images-10k-right\year_2019\TMX7316010203-001178\pano_0001_004933_heading28.93_pitch-1.46_right90_square_fov90.0_640x640.jpg,0.0,0
data/UrbanWaste-images-10k-right\year_2019\TMX7316010203-001178\pano_0001_005238_heading221.43_pitch-1.35_right90_square_fov90.0_640x640.jpg,0.4067094624042511,1
data/UrbanWaste-images-10k-right\year_2019\TMX7316010203-001178\pano_0001_005274_heading201.45_pitch-2.58_right90_square_fov90.0_640x640.jpg,0.31294357776641846,1
data/UrbanWaste-images-10k-right\year_2019\TMX7316010203-001178\pano_0001_005300_heading301.68_pitch-1.66_right90_square_fov90.0_640x640.jpg,0.45996126532554626,2
data/UrbanWaste-images-10k-right\year_2019\TMX7316010203-001178\pano_0001_005312_heading297.65_pitch-1.02_right90_square_fov90.0_640x640.jpg,0.4500834345817566,2
data/UrbanWaste-images-10k-right\year_2019\TMX7316010203-001178\pano_0001_005464_heading121.62_pitch-1.37_right90_square_fov90.0_640x640.jpg,0.3332720994949341,2
data/UrbanWaste-images-10k-right\year_2019\TMX7316010203-001178\pano_0001_005490_heading305.04_pitch0.48_right90_square_fov90.0_640x640.jpg,0.30055010318756104,2
data/UrbanWaste-images-10k-right\year_2019\TMX7316010203-001178\pano_0001_005512_heading121.56_pitch-1.50_right90_square_fov90.0_640x640.jpg,0.0,0
data/UrbanWaste-images-10k-right\year_2019\TMX7316010203-001178\pano_0001_005524_heading121.61_pitch-1.97_right90_square_fov90.0_640x640.jpg,0.0,0
data/UrbanWaste-images-10k-right\year_2019\TMX7316010203-001178\pano_0001_005530_heading119.01_pitch-1.63_right90_square_fov90.0_640x640.jpg,0.0,0
data/UrbanWaste-images-10k-right\year_2019\TMX7316010203-001178\pano_0001_005550_heading118.14_pitch-1.43_right90_square_fov90.0_640x640.jpg,0.43988367915153503,5
data/UrbanWaste-images-10k-right\year_2019\TMX7316010203-001178\pano_0001_005589_heading199.13_pitch-1.19_right90_square_fov90.0_640x640.jpg,0.37694406509399414,5
data/UrbanWaste-images-10k-right\year_2019\TMX7316010203-001178\pano_0001_005595_heading170.98_pitch-6.53_right90_square_fov90.0_640x640.jpg,0.0,0
data/UrbanWaste-images-10k-right\year_2019\TMX7316010203-001178\pano_0001_005634_heading18.81_pitch0.03_right90_square_fov90.0_640x640.jpg,0.0,0
data/UrbanWaste-images-10k-right\year_2019\TMX7316010203-001178\pano_0001_005747_heading41.01_pitch-1.32_right90_square_fov90.0_640x640.jpg,0.27741193771362305,1
data/UrbanWaste-images-10k-right\year_2019\TMX7316010203-001178\pano_0001_005933_heading221.74_pitch-1.15_right90_square_fov90.0_640x640.jpg,0.3910951614379883,3
data/UrbanWaste-images-10k-right\year_2019\TMX7316010203-001178\pano_0001_005945_heading219.60_pitch-1.05_right90_square_fov90.0_640x640.jpg,0.0,0
data/UrbanWaste-images-10k-right\year_2019\TMX7316010203-001178\pano_0001_005963_heading224.93_pitch-2.19_right90_square_fov90.0_640x640.jpg,0.0,0
data/UrbanWaste-images-10k-right\year_2019\TMX7316010203-001178\pano_0001_005969_heading222.57_pitch-0.93_right90_square_fov90.0_640x640.jpg,0.0,0
data/UrbanWaste-images-10k-right\year_2019\TMX7316010203-001178\pano_0001_005971_heading222.24_pitch-0.82_right90_square_fov90.0_640x640.jpg,0.0,0
data/UrbanWaste-images-10k-right\year_2019\TMX7316010203-001178\pano_0001_005973_heading222.15_pitch-0.68_right90_square_fov90.0_640x640.jpg,0.0,0
data/UrbanWaste-images-10k-right\year_2019\TMX7316010203-001178\pano_0001_005985_heading221.78_pitch-0.85_right90_square_fov90.0_640x640.jpg,0.0,0
data/UrbanWaste-images-10k-right\year_2019\TMX7316010203-001178\pano_0001_006021_heading222.35_pitch-0.25_right90_square_fov90.0_640x640.jpg,0.33733466267585754,2
data/UrbanWaste-images-10k-right\year_2019\TMX7316010203-001178\pano_0001_006043_heading119.26_pitch-0.93_right90_square_fov90.0_640x640.jpg,0.2874169945716858,1
data/UrbanWaste-images-10k-right\year_2019\TMX7316010203-001178\pano_0001_006201_heading221.43_pitch-1.09_right90_square_fov90.0_640x640.jpg,0.0,0
data/UrbanWaste-images-10k-right\year_2019\TMX7316010203-001178\pano_0001_006241_heading223.72_pitch-2.12_right90_square_fov90.0_640x640.jpg,0.3026244342327118,1
data/UrbanWaste-images-10k-right\year_2019\TMX7316010203-001178\pano_0001_006315_heading221.85_pitch-1.78_right90_square_fov90.0_640x640.jpg,0.0,0
data/UrbanWaste-images-10k-right\year_2019\TMX7316010203-001178\pano_0001_006331_heading132.78_pitch-1.76_right90_square_fov90.0_640x640.jpg,0.0,0
data/UrbanWaste-images-10k-right\year_2019\TMX7316010203-001178\pano_0001_006377_heading297.57_pitch-2.21_right90_square_fov90.0_640x640.jpg,0.25745317339897156,1
data/UrbanWaste-images-10k-right\year_2019\TMX7316010203-001178\pano_0001_006399_heading117.35_pitch-1.78_right90_square_fov90.0_640x640.jpg,0.0,0
data/UrbanWaste-images-10k-right\year_2019\TMX7316010203-001178\pano_0001_006459_heading298.92_pitch-0.04_right90_square_fov90.0_640x640.jpg,0.3288854658603668,1
data/UrbanWaste-images-10k-right\year_2019\TMX7316010203-001178\pano_0001_006483_heading41.86_pitch-2.03_right90_square_fov90.0_640x640.jpg,0.3275594711303711,1
data/UrbanWaste-images-10k-right\year_2019\TMX7316010203-001178\pano_0001_006521_heading118.59_pitch-1.61_right90_square_fov90.0_640x640.jpg,0.0,0
data/UrbanWaste-images-10k-right\year_2019\TMX7316010203-001178\pano_0001_006551_heading222.46_pitch-0.92_right90_square_fov90.0_640x640.jpg,0.30374395847320557,2
data/UrbanWaste-images-10k-right\year_2019\TMX7316010203-001178\pano_0001_006640_heading214.10_pitch-3.71_right90_square_fov90.0_640x640.jpg,0.3396165072917938,3
data/UrbanWaste-images-10k-right\year_2019\TMX7316010203-001178\pano_0001_006668_heading219.18_pitch0.18_right90_square_fov90.0_640x640.jpg,0.0,0
data/UrbanWaste-images-10k-right\year_2019\TMX7316010203-001178\pano_0001_006686_heading206.59_pitch-0.27_right90_square_fov90.0_640x640.jpg,0.4842093884944916,2
data/UrbanWaste-images-10k-right\year_2019\TMX7316010203-001178\pano_0001_006710_heading205.76_pitch-0.98_right90_square_fov90.0_640x640.jpg,0.0,0
data/UrbanWaste-images-10k-right\year_2019\TMX7316010203-001178\pano_0001_006917_heading42.48_pitch-0.82_right90_square_fov90.0_640x640.jpg,0.0,0
data/UrbanWaste-images-10k-right\year_2019\TMX7316010203-001178\pano_0001_007007_heading210.78_pitch-3.68_right90_square_fov90.0_640x640.jpg,0.0,0
data/UrbanWaste-images-10k-right\year_2019\TMX7316010203-001178\pano_0001_007103_heading288.72_pitch0.14_right90_square_fov90.0_640x640.jpg,0.0,0
data/UrbanWaste-images-10k-right\year_2019\TMX7316010203-001178\pano_0001_007109_heading289.08_pitch-1.55_right90_square_fov90.0_640x640.jpg,0.2985979914665222,1
data/UrbanWaste-images-10k-right\year_2019\TMX7316010203-001178\pano_0001_007113_heading289.46_pitch-1.40_right90_square_fov90.0_640x640.jpg,0.0,0
data/UrbanWaste-images-10k-right\year_2019\TMX7316010203-001178\pano_0001_007121_heading290.47_pitch-1.08_right90_square_fov90.0_640x640.jpg,0.0,0
data/UrbanWaste-images-10k-right\year_2019\TMX7316010203-001178\pano_0001_007271_heading171.86_pitch-2.47_right90_square_fov90.0_640x640.jpg,0.0,0
data/UrbanWaste-images-10k-right\year_2019\TMX7316010203-001179\pano_0000_000063_heading111.20_pitch-0.85_right90_square_fov90.0_640x640.jpg,0.0,0
data/UrbanWaste-images-10k-right\year_2019\TMX7316010203-001179\pano_0000_000237_heading343.25_pitch-0.99_right90_square_fov90.0_640x640.jpg,0.3907455801963806,2
data/UrbanWaste-images-10k-right\year_2019\TMX7316010203-001179\pano_0000_000293_heading110.52_pitch-1.08_right90_square_fov90.0_640x640.jpg,0.25004079937934875,1
data/UrbanWaste-images-10k-right\year_2019\TMX7316010203-001179\pano_0000_000323_heading165.70_pitch-1.70_right90_square_fov90.0_640x640.jpg,0.0,0
data/UrbanWaste-images-10k-right\year_2019\TMX7316010203-001179\pano_0000_000327_heading164.88_pitch-1.18_right90_square_fov90.0_640x640.jpg,0.3540685772895813,1
data/UrbanWaste-images-10k-right\year_2019\TMX7316010203-001179\pano_0000_000385_heading166.18_pitch-1.20_right90_square_fov90.0_640x640.jpg,0.0,0
data/UrbanWaste-images-10k-right\year_2019\TMX7316010203-001179\pano_0000_000484_heading345.90_pitch-1.35_right90_square_fov90.0_640x640.jpg,0.3760448694229126,1
data/UrbanWaste-images-10k-right\year_2019\TMX7316010203-001179\pano_0000_000488_heading346.03_pitch-0.91_right90_square_fov90.0_640x640.jpg,0.329069584608078,2
data/UrbanWaste-images-10k-right\year_2019\TMX7316010203-001179\pano_0000_000492_heading345.74_pitch-1.41_right90_square_fov90.0_640x640.jpg,0.28102806210517883,1
data/UrbanWaste-images-10k-right\year_2019\TMX7316010203-001179\pano_0000_000545_heading162.40_pitch0.85_right90_square_fov90.0_640x640.jpg,0.0,0
data/UrbanWaste-images-10k-right\year_2019\TMX7316010203-001179\pano_0000_000683_heading86.39_pitch-1.78_right90_square_fov90.0_640x640.jpg,0.0,0
data/UrbanWaste-images-10k-right\year_2019\TMX7316010203-001179\pano_0000_000792_heading110.71_pitch-1.75_right90_square_fov90.0_640x640.jpg,0.3150304853916168,1
data/UrbanWaste-images-10k-right\year_2019\TMX7316010203-001179\pano_0000_000794_heading110.46_pitch-1.06_right90_square_fov90.0_640x640.jpg,0.356387734413147,4
data/UrbanWaste-images-10k-right\year_2019\TMX7316010203-001179\pano_0000_000820_heading222.40_pitch-0.53_right90_square_fov90.0_640x640.jpg,0.2869968116283417,1
data/UrbanWaste-images-10k-right\year_2019\TMX7316010203-001179\pano_0000_000864_heading344.91_pitch-1.73_right90_square_fov90.0_640x640.jpg,0.2814534902572632,1
data/UrbanWaste-images-10k-right\year_2019\TMX7316010203-001179\pano_0000_000936_heading221.22_pitch-1.94_right90_square_fov90.0_640x640.jpg,0.4120837152004242,1
data/UrbanWaste-images-10k-right\year_2019\TMX7316010203-001179\pano_0000_001072_heading74.59_pitch-0.61_right90_square_fov90.0_640x640.jpg,0.0,0
data/UrbanWaste-images-10k-right\year_2019\TMX7316010203-001179\pano_0000_001082_heading345.58_pitch-0.96_right90_square_fov90.0_640x640.jpg,0.252507746219635,2
data/UrbanWaste-images-10k-right\year_2019\TMX7316010203-001179\pano_0000_001135_heading165.67_pitch-1.37_right90_square_fov90.0_640x640.jpg,0.0,0
data/UrbanWaste-images-10k-right\year_2019\TMX7316010203-001179\pano_0000_001141_heading165.53_pitch-0.96_right90_square_fov90.0_640x640.jpg,0.0,0
data/UrbanWaste-images-10k-right\year_2019\TMX7316010203-001179\pano_0000_001147_heading166.35_pitch-1.14_right90_square_fov90.0_640x640.jpg,0.0,0
data/UrbanWaste-images-10k-right\year_2019\TMX7316010203-001179\pano_0000_001191_heading165.11_pitch-3.55_right90_square_fov90.0_640x640.jpg,0.3090560734272003,1
data/UrbanWaste-images-10k-right\year_2019\TMX7316010203-001179\pano_0000_001230_heading344.83_pitch-0.90_right90_square_fov90.0_640x640.jpg,0.3997269868850708,5
data/UrbanWaste-images-10k-right\year_2019\TMX7316010203-001179\pano_0000_001294_heading219.69_pitch-1.04_right90_square_fov90.0_640x640.jpg,0.0,0
data/UrbanWaste-images-10k-right\year_2019\TMX7316010203-001179\pano_0000_001298_heading219.90_pitch-2.26_right90_square_fov90.0_640x640.jpg,0.0,0
data/UrbanWaste-images-10k-right\year_2019\TMX7316010203-001179\pano_0000_001371_heading340.15_pitch-0.81_right90_square_fov90.0_640x640.jpg,0.61021488904953,1
data/UrbanWaste-images-10k-right\year_2019\TMX7316010203-001179\pano_0000_001430_heading248.96_pitch-2.04_right90_square_fov90.0_640x640.jpg,0.4201923906803131,2
data/UrbanWaste-images-10k-right\year_2019\TMX7316010203-001179\pano_0000_001434_heading250.68_pitch-0.39_right90_square_fov90.0_640x640.jpg,0.0,0
data/UrbanWaste-images-10k-right\year_2019\TMX7316010203-001179\pano_0000_001638_heading161.41_pitch-4.28_right90_square_fov90.0_640x640.jpg,0.2836023271083832,1
data/UrbanWaste-images-10k-right\year_2019\TMX7316010203-001179\pano_0000_001653_heading334.59_pitch-1.19_right90_square_fov90.0_640x640.jpg,0.33695435523986816,3
data/UrbanWaste-images-10k-right\year_2019\TMX7316010203-001179\pano_0000_001694_heading338.39_pitch-0.47_right90_square_fov90.0_640x640.jpg,0.4272509813308716,2
data/UrbanWaste-images-10k-right\year_2019\TMX7316010203-001179\pano_0000_001696_heading340.06_pitch-2.39_right90_square_fov90.0_640x640.jpg,0.47874686121940613,3
data/UrbanWaste-images-10k-right\year_2019\TMX7316010203-001179\pano_0000_001737_heading339.66_pitch-1.01_right90_square_fov90.0_640x640.jpg,0.3878282904624939,5
data/UrbanWaste-images-10k-right\year_2019\TMX7316010203-001179\pano_0000_001743_heading339.82_pitch-1.28_right90_square_fov90.0_640x640.jpg,0.5196094512939453,2
data/UrbanWaste-images-10k-right\year_2019\TMX7316010203-001179\pano_0000_001837_heading247.15_pitch-2.59_right90_square_fov90.0_640x640.jpg,0.3677450120449066,1
data/UrbanWaste-images-10k-right\year_2019\TMX7316010203-001179\pano_0000_001843_heading250.70_pitch-1.16_right90_square_fov90.0_640x640.jpg,0.0,0
data/UrbanWaste-images-10k-right\year_2019\TMX7316010203-001179\pano_0000_001927_heading339.19_pitch-3.33_right90_square_fov90.0_640x640.jpg,0.6405032873153687,3
data/UrbanWaste-images-10k-right\year_2019\TMX7316010203-001179\pano_0000_001957_heading158.99_pitch-1.09_right90_square_fov90.0_640x640.jpg,0.0,0
data/UrbanWaste-images-10k-right\year_2019\TMX7316010203-001179\pano_0000_002021_heading157.96_pitch-3.58_right90_square_fov90.0_640x640.jpg,0.0,0
data/UrbanWaste-images-10k-right\year_2019\TMX7316010203-001179\pano_0000_002047_heading337.79_pitch-1.22_right90_square_fov90.0_640x640.jpg,0.30065208673477173,2
data/UrbanWaste-images-10k-right\year_2019\TMX7316010203-001179\pano_0000_002051_heading338.83_pitch-1.53_right90_square_fov90.0_640x640.jpg,0.0,0
data/UrbanWaste-images-10k-right\year_2019\TMX7316010203-001179\pano_0000_002067_heading338.43_pitch-0.80_right90_square_fov90.0_640x640.jpg,0.0,0
data/UrbanWaste-images-10k-right\year_2019\TMX7316010203-001179\pano_0000_002120_heading307.02_pitch-3.21_right90_square_fov90.0_640x640.jpg,0.36031097173690796,3
data/UrbanWaste-images-10k-right\year_2019\TMX7316010203-001179\pano_0000_002148_heading100.44_pitch0.42_right90_square_fov90.0_640x640.jpg,0.44210806488990784,3
data/UrbanWaste-images-10k-right\year_2019\TMX7316010203-001179\pano_0000_002154_heading100.98_pitch-2.10_right90_square_fov90.0_640x640.jpg,0.26983311772346497,2
data/UrbanWaste-images-10k-right\year_2019\TMX7316010203-001179\pano_0000_002266_heading66.67_pitch5.39_right90_square_fov90.0_640x640.jpg,0.2984172999858856,1
data/UrbanWaste-images-10k-right\year_2019\TMX7316010203-001179\pano_0000_002310_heading340.83_pitch-1.06_right90_square_fov90.0_640x640.jpg,0.0,0
data/UrbanWaste-images-10k-right\year_2019\TMX7316010203-001179\pano_0000_002312_heading339.87_pitch-1.33_right90_square_fov90.0_640x640.jpg,0.0,0
data/UrbanWaste-images-10k-right\year_2019\TMX7316010203-001179\pano_0000_002324_heading249.33_pitch-0.45_right90_square_fov90.0_640x640.jpg,0.3999662697315216,1
data/UrbanWaste-images-10k-right\year_2019\TMX7316010203-001179\pano_0000_002326_heading249.24_pitch-1.21_right90_square_fov90.0_640x640.jpg,0.0,0
data/UrbanWaste-images-10k-right\year_2019\TMX7316010203-001179\pano_0000_002332_heading340.57_pitch-1.38_right90_square_fov90.0_640x640.jpg,0.2744331359863281,1
data/UrbanWaste-images-10k-right\year_2019\TMX7316010203-001179\pano_0000_002336_heading341.49_pitch-1.00_right90_square_fov90.0_640x640.jpg,0.3190644681453705,1
data/UrbanWaste-images-10k-right\year_2019\TMX7316010203-001179\pano_0000_002418_heading158.33_pitch-1.46_right90_square_fov90.0_640x640.jpg,0.0,0
data/UrbanWaste-images-10k-right\year_2019\TMX7316010203-001179\pano_0000_002530_heading340.37_pitch0.08_right90_square_fov90.0_640x640.jpg,0.0,0
data/UrbanWaste-images-10k-right\year_2019\TMX7316010203-001179\pano_0000_002542_heading340.33_pitch-1.42_right90_square_fov90.0_640x640.jpg,0.4802442491054535,1
data/UrbanWaste-images-10k-right\year_2019\TMX7316010203-001179\pano_0000_002548_heading339.54_pitch-0.62_right90_square_fov90.0_640x640.jpg,0.0,0
data/UrbanWaste-images-10k-right\year_2019\TMX7316010203-001179\pano_0000_002566_heading339.86_pitch-3.06_right90_square_fov90.0_640x640.jpg,0.0,0
data/UrbanWaste-images-10k-right\year_2019\TMX7316010203-001179\pano_0000_002700_heading163.33_pitch-1.08_right90_square_fov90.0_640x640.jpg,0.26381686329841614,1
data/UrbanWaste-images-10k-right\year_2019\TMX7316010203-001179\pano_0000_002724_heading163.23_pitch-1.12_right90_square_fov90.0_640x640.jpg,0.0,0
data/UrbanWaste-images-10k-right\year_2019\TMX7316010203-001179\pano_0000_002726_heading168.21_pitch-0.62_right90_square_fov90.0_640x640.jpg,0.2611021399497986,1
data/UrbanWaste-images-10k-right\year_2019\TMX7316010203-001179\pano_0000_002757_heading346.24_pitch2.39_right90_square_fov90.0_640x640.jpg,0.0,0
data/UrbanWaste-images-10k-right\year_2019\TMX7316010203-001179\pano_0000_002777_heading340.47_pitch-1.74_right90_square_fov90.0_640x640.jpg,0.3199714720249176,2
data/UrbanWaste-images-10k-right\year_2019\TMX7316010203-001179\pano_0000_002801_heading66.13_pitch-1.38_right90_square_fov90.0_640x640.jpg,0.0,0
data/UrbanWaste-images-10k-right\year_2019\TMX7316010203-001179\pano_0000_002809_heading69.45_pitch-1.54_right90_square_fov90.0_640x640.jpg,0.726018488407135,3
data/UrbanWaste-images-10k-right\year_2019\TMX7316010203-001179\pano_0000_002826_heading60.11_pitch-0.05_right90_square_fov90.0_640x640.jpg,0.32247069478034973,2
data/UrbanWaste-images-10k-right\year_2019\TMX7316010203-001179\pano_0000_002900_heading160.22_pitch-1.07_right90_square_fov90.0_640x640.jpg,0.0,0
data/UrbanWaste-images-10k-right\year_2019\TMX7316010203-001179\pano_0000_002910_heading160.90_pitch-1.05_right90_square_fov90.0_640x640.jpg,0.0,0
data/UrbanWaste-images-10k-right\year_2019\TMX7316010203-001179\pano_0000_002964_heading160.43_pitch-2.11_right90_square_fov90.0_640x640.jpg,0.0,0
data/UrbanWaste-images-10k-right\year_2019\TMX7316010203-001179\pano_0000_002986_heading300.53_pitch1.34_right90_square_fov90.0_640x640.jpg,0.0,0
data/UrbanWaste-images-10k-right\year_2019\TMX7316010203-001179\pano_0000_002990_heading299.87_pitch2.45_right90_square_fov90.0_640x640.jpg,0.2839513123035431,1
data/UrbanWaste-images-10k-right\year_2019\TMX7316010203-001179\pano_0000_003052_heading120.87_pitch-1.27_right90_square_fov90.0_640x640.jpg,0.0,0
data/UrbanWaste-images-10k-right\year_2019\TMX7316010203-001179\pano_0000_003054_heading119.09_pitch-1.26_right90_square_fov90.0_640x640.jpg,0.26584017276763916,1
data/UrbanWaste-images-10k-right\year_2019\TMX7316010203-001179\pano_0000_003072_heading118.25_pitch0.43_right90_square_fov90.0_640x640.jpg,0.0,0
data/UrbanWaste-images-10k-right\year_2019\TMX7316010203-001179\pano_0000_003096_heading118.94_pitch0.40_right90_square_fov90.0_640x640.jpg,0.3445180058479309,9
data/UrbanWaste-images-10k-right\year_2019\TMX7316010203-001179\pano_0000_003102_heading118.60_pitch-0.48_right90_square_fov90.0_640x640.jpg,0.0,0
data/UrbanWaste-images-10k-right\year_2019\TMX7316010203-001179\pano_0000_003104_heading118.17_pitch-0.18_right90_square_fov90.0_640x640.jpg,0.0,0
data/UrbanWaste-images-10k-right\year_2019\TMX7316010203-001179\pano_0000_003134_heading117.15_pitch-2.77_right90_square_fov90.0_640x640.jpg,0.0,0
data/UrbanWaste-images-10k-right\year_2019\TMX7316010203-001179\pano_0000_003164_heading301.21_pitch-0.21_right90_square_fov90.0_640x640.jpg,0.0,0
data/UrbanWaste-images-10k-right\year_2019\TMX7316010203-001179\pano_0000_003168_heading348.41_pitch-1.72_right90_square_fov90.0_640x640.jpg,0.0,0
data/UrbanWaste-images-10k-right\year_2019\TMX7316010203-001179\pano_0000_003188_heading345.58_pitch0.31_right90_square_fov90.0_640x640.jpg,0.0,0
data/UrbanWaste-images-10k-right\year_2019\TMX7316010203-001179\pano_0000_003204_heading355.98_pitch-0.84_right90_square_fov90.0_640x640.jpg,0.45815199613571167,12
data/UrbanWaste-images-10k-right\year_2019\TMX7316010203-001179\pano_0000_003310_heading165.47_pitch1.82_right90_square_fov90.0_640x640.jpg,0.4563386142253876,1
data/UrbanWaste-images-10k-right\year_2019\TMX7316010203-001179\pano_0000_003343_heading176.49_pitch-1.56_right90_square_fov90.0_640x640.jpg,0.39038076996803284,1
data/UrbanWaste-images-10k-right\year_2019\TMX7316010203-001179\pano_0000_003373_heading345.62_pitch1.45_right90_square_fov90.0_640x640.jpg,0.0,0
data/UrbanWaste-images-10k-right\year_2019\TMX7316010203-001179\pano_0000_003418_heading157.52_pitch-0.61_right90_square_fov90.0_640x640.jpg,0.0,0
data/UrbanWaste-images-10k-right\year_2019\TMX7316010203-001179\pano_0000_003424_heading166.47_pitch-2.33_right90_square_fov90.0_640x640.jpg,0.0,0
data/UrbanWaste-images-10k-right\year_2019\TMX7316010203-001179\pano_0000_003430_heading165.96_pitch-1.42_right90_square_fov90.0_640x640.jpg,0.3561544418334961,1
data/UrbanWaste-images-10k-right\year_2019\TMX7316010203-001179\pano_0000_003434_heading165.73_pitch-1.04_right90_square_fov90.0_640x640.jpg,0.0,0
data/UrbanWaste-images-10k-right\year_2019\TMX7316010203-001179\pano_0000_003466_heading254.80_pitch-0.92_right90_square_fov90.0_640x640.jpg,0.6230286955833435,1
data/UrbanWaste-images-10k-right\year_2019\TMX7316010203-001179\pano_0000_003512_heading255.38_pitch-0.98_right90_square_fov90.0_640x640.jpg,0.0,0
data/UrbanWaste-images-10k-right\year_2019\TMX7316010203-001179\pano_0000_003541_heading156.13_pitch-1.15_right90_square_fov90.0_640x640.jpg,0.2634086608886719,1
data/UrbanWaste-images-10k-right\year_2019\TMX7316010203-001179\pano_0000_003579_heading342.59_pitch-1.15_right90_square_fov90.0_640x640.jpg,0.0,0
data/UrbanWaste-images-10k-right\year_2019\TMX7316010203-001179\pano_0000_003894_heading110.27_pitch-0.65_right90_square_fov90.0_640x640.jpg,0.2706565856933594,1
data/UrbanWaste-images-10k-right\year_2019\TMX7316010203-001179\pano_0000_003914_heading220.56_pitch-2.68_right90_square_fov90.0_640x640.jpg,0.0,0
data/UrbanWaste-images-10k-right\year_2019\TMX7316010203-001179\pano_0000_004008_heading289.76_pitch-1.82_right90_square_fov90.0_640x640.jpg,0.0,0
data/UrbanWaste-images-10k-right\year_2019\TMX7316010203-001179\pano_0000_004010_heading289.92_pitch1.91_right90_square_fov90.0_640x640.jpg,0.0,0
data/UrbanWaste-images-10k-right\year_2019\TMX7316010203-001179\pano_0000_004014_heading289.49_pitch-1.07_right90_square_fov90.0_640x640.jpg,0.0,0
data/UrbanWaste-images-10k-right\year_2019\TMX7316010203-001179\pano_0000_004044_heading289.23_pitch-1.56_right90_square_fov90.0_640x640.jpg,0.0,0
data/UrbanWaste-images-10k-right\year_2019\TMX7316010203-001179\pano_0000_004048_heading290.77_pitch-1.71_right90_square_fov90.0_640x640.jpg,0.2986254394054413,1
data/UrbanWaste-images-10k-right\year_2019\TMX7316010203-001179\pano_0000_004095_heading297.89_pitch-2.36_right90_square_fov90.0_640x640.jpg,0.30994120240211487,1
data/UrbanWaste-images-10k-right\year_2019\TMX7316010203-001179\pano_0000_004180_heading343.74_pitch-0.98_right90_square_fov90.0_640x640.jpg,0.26248154044151306,1
data/UrbanWaste-images-10k-right\year_2019\TMX7316010203-001179\pano_0000_004288_heading346.00_pitch-1.59_right90_square_fov90.0_640x640.jpg,0.0,0
data/UrbanWaste-images-10k-right\year_2019\TMX7316010203-001179\pano_0000_004306_heading65.07_pitch-1.88_right90_square_fov90.0_640x640.jpg,0.0,0
data/UrbanWaste-images-10k-right\year_2019\TMX7316010203-001179\pano_0000_004396_heading98.92_pitch-2.92_right90_square_fov90.0_640x640.jpg,0.0,0
data/UrbanWaste-images-10k-right\year_2019\TMX7316010203-001179\pano_0000_004432_heading110.59_pitch-1.34_right90_square_fov90.0_640x640.jpg,0.0,0
data/UrbanWaste-images-10k-right\year_2019\TMX7316010203-001179\pano_0000_004458_heading110.09_pitch-1.10_right90_square_fov90.0_640x640.jpg,0.0,0
data/UrbanWaste-images-10k-right\year_2019\TMX7316010203-001179\pano_0000_004462_heading110.06_pitch-1.07_right90_square_fov90.0_640x640.jpg,0.30414822697639465,1
data/UrbanWaste-images-10k-right\year_2019\TMX7316010203-001179\pano_0000_004534_heading110.94_pitch-1.13_right90_square_fov90.0_640x640.jpg,0.3111114203929901,1
data/UrbanWaste-images-10k-right\year_2019\TMX7316010203-001179\pano_0000_004538_heading110.63_pitch-1.25_right90_square_fov90.0_640x640.jpg,0.0,0
data/UrbanWaste-images-10k-right\year_2019\TMX7316010203-001179\pano_0000_004602_heading90.82_pitch-1.18_right90_square_fov90.0_640x640.jpg,0.0,0
data/UrbanWaste-images-10k-right\year_2019\TMX7316010203-001181\pano_0000_000468_heading260.62_pitch-2.34_right90_square_fov90.0_640x640.jpg,0.0,0
data/UrbanWaste-images-10k-right\year_2019\TMX7316010203-001181\pano_0000_000474_heading260.23_pitch-2.42_right90_square_fov90.0_640x640.jpg,0.0,0
data/UrbanWaste-images-10k-right\year_2019\TMX7316010203-001181\pano_0000_000488_heading260.96_pitch-2.21_right90_square_fov90.0_640x640.jpg,0.0,0
data/UrbanWaste-images-10k-right\year_2019\TMX7316010203-001181\pano_0000_000492_heading260.51_pitch-2.52_right90_square_fov90.0_640x640.jpg,0.0,0
data/UrbanWaste-images-10k-right\year_2019\TMX7316010203-001181\pano_0000_000538_heading280.15_pitch-3.37_right90_square_fov90.0_640x640.jpg,0.2597203850746155,1
data/UrbanWaste-images-10k-right\year_2019\TMX7316010203-001181\pano_0000_000560_heading295.74_pitch-2.90_right90_square_fov90.0_640x640.jpg,0.3223593235015869,1
data/UrbanWaste-images-10k-right\year_2019\TMX7316010203-001181\pano_0000_000564_heading296.10_pitch-2.91_right90_square_fov90.0_640x640.jpg,0.3165338933467865,1
data/UrbanWaste-images-10k-right\year_2019\TMX7316010203-001181\pano_0000_000620_heading314.65_pitch-1.27_right90_square_fov90.0_640x640.jpg,0.0,0
data/UrbanWaste-images-10k-right\year_2019\TMX7316010203-001181\pano_0000_000660_heading208.83_pitch-1.62_right90_square_fov90.0_640x640.jpg,0.0,0
data/UrbanWaste-images-10k-right\year_2019\TMX7316010203-001181\pano_0000_000703_heading209.83_pitch-1.59_right90_square_fov90.0_640x640.jpg,0.0,0
data/UrbanWaste-images-10k-right\year_2019\TMX7316010203-001181\pano_0000_000709_heading208.70_pitch-1.26_right90_square_fov90.0_640x640.jpg,0.2605985105037689,1
data/UrbanWaste-images-10k-right\year_2019\TMX7316010203-001181\pano_0000_000735_heading208.19_pitch-3.71_right90_square_fov90.0_640x640.jpg,0.2899813652038574,1
data/UrbanWaste-images-10k-right\year_2019\TMX7316010203-001181\pano_0000_000771_heading213.23_pitch-1.64_right90_square_fov90.0_640x640.jpg,0.2612276077270508,1
data/UrbanWaste-images-10k-right\year_2019\TMX7316010203-001181\pano_0000_000793_heading210.56_pitch-2.03_right90_square_fov90.0_640x640.jpg,0.3110422194004059,1
data/UrbanWaste-images-10k-right\year_2019\TMX7316010203-001181\pano_0000_000811_heading122.01_pitch-2.58_right90_square_fov90.0_640x640.jpg,0.36791011691093445,4
data/UrbanWaste-images-10k-right\year_2019\TMX7316010203-001181\pano_0000_000881_heading31.76_pitch-1.12_right90_square_fov90.0_640x640.jpg,0.0,0
data/UrbanWaste-images-10k-right\year_2019\TMX7316010203-001181\pano_0000_000927_heading30.18_pitch-0.97_right90_square_fov90.0_640x640.jpg,0.0,0
data/UrbanWaste-images-10k-right\year_2019\TMX7316010203-001181\pano_0000_000929_heading35.85_pitch-0.81_right90_square_fov90.0_640x640.jpg,0.0,0
data/UrbanWaste-images-10k-right\year_2019\TMX7316010203-001181\pano_0000_000965_heading28.72_pitch-0.74_right90_square_fov90.0_640x640.jpg,0.31169235706329346,1
data/UrbanWaste-images-10k-right\year_2019\TMX7316010203-001181\pano_0000_001039_heading352.33_pitch-1.35_right90_square_fov90.0_640x640.jpg,0.2801055908203125,3
data/UrbanWaste-images-10k-right\year_2019\TMX7316010203-001181\pano_0000_001047_heading298.34_pitch-2.35_right90_square_fov90.0_640x640.jpg,0.4456044137477875,1
data/UrbanWaste-images-10k-right\year_2019\TMX7316010203-001181\pano_0000_001055_heading19.27_pitch-2.13_right90_square_fov90.0_640x640.jpg,0.0,0
data/UrbanWaste-images-10k-right\year_2019\TMX7316010203-001181\pano_0000_001071_heading28.43_pitch-1.37_right90_square_fov90.0_640x640.jpg,0.2555943727493286,1
data/UrbanWaste-images-10k-right\year_2019\TMX7316010203-001181\pano_0000_001109_heading30.24_pitch-1.59_right90_square_fov90.0_640x640.jpg,0.32742810249328613,1
data/UrbanWaste-images-10k-right\year_2019\TMX7316010203-001181\pano_0000_001214_heading327.70_pitch-0.41_right90_square_fov90.0_640x640.jpg,0.0,0
data/UrbanWaste-images-10k-right\year_2019\TMX7316010203-001181\pano_0000_001222_heading320.19_pitch-0.21_right90_square_fov90.0_640x640.jpg,0.31468647718429565,2
data/UrbanWaste-images-10k-right\year_2019\TMX7316010203-001181\pano_0000_001252_heading216.49_pitch2.75_right90_square_fov90.0_640x640.jpg,0.0,0
data/UrbanWaste-images-10k-right\year_2019\TMX7316010203-001181\pano_0000_001256_heading221.11_pitch-1.92_right90_square_fov90.0_640x640.jpg,0.0,0
data/UrbanWaste-images-10k-right\year_2019\TMX7316010203-001181\pano_0000_001316_heading146.93_pitch-1.09_right90_square_fov90.0_640x640.jpg,0.27045243978500366,2
data/UrbanWaste-images-10k-right\year_2019\TMX7316010203-001181\pano_0000_001340_heading149.54_pitch-0.90_right90_square_fov90.0_640x640.jpg,0.4674524962902069,2
data/UrbanWaste-images-10k-right\year_2019\TMX7316010203-001181\pano_0000_001400_heading331.43_pitch-1.10_right90_square_fov90.0_640x640.jpg,0.0,0
data/UrbanWaste-images-10k-right\year_2019\TMX7316010203-001181\pano_0000_001418_heading323.61_pitch-1.82_right90_square_fov90.0_640x640.jpg,0.0,0
data/UrbanWaste-images-10k-right\year_2019\TMX7316010203-001181\pano_0000_001466_heading34.01_pitch-1.00_right90_square_fov90.0_640x640.jpg,0.31529393792152405,1
data/UrbanWaste-images-10k-right\year_2019\TMX7316010203-001181\pano_0000_001470_heading31.56_pitch-1.22_right90_square_fov90.0_640x640.jpg,0.2575780749320984,1
data/UrbanWaste-images-10k-right\year_2019\TMX7316010203-001181\pano_0000_001502_heading21.52_pitch-1.49_right90_square_fov90.0_640x640.jpg,0.0,0
data/UrbanWaste-images-10k-right\year_2019\TMX7316010203-001181\pano_0000_001652_heading27.58_pitch-1.24_right90_square_fov90.0_640x640.jpg,0.0,0
data/UrbanWaste-images-10k-right\year_2019\TMX7316010203-001181\pano_0000_001751_heading222.85_pitch-1.30_right90_square_fov90.0_640x640.jpg,0.3232395350933075,1
data/UrbanWaste-images-10k-right\year_2019\TMX7316010203-001181\pano_0000_001761_heading221.50_pitch-1.74_right90_square_fov90.0_640x640.jpg,0.0,0
data/UrbanWaste-images-10k-right\year_2019\TMX7316010203-001181\pano_0000_001797_heading224.70_pitch-2.35_right90_square_fov90.0_640x640.jpg,0.3358735740184784,2
data/UrbanWaste-images-10k-right\year_2019\TMX7316010203-001181\pano_0000_001811_heading319.37_pitch0.09_right90_square_fov90.0_640x640.jpg,0.0,0
data/UrbanWaste-images-10k-right\year_2019\TMX7316010203-001181\pano_0000_001916_heading40.11_pitch-1.03_right90_square_fov90.0_640x640.jpg,0.27851542830467224,1
data/UrbanWaste-images-10k-right\year_2019\TMX7316010203-001181\pano_0000_001938_heading322.03_pitch-0.21_right90_square_fov90.0_640x640.jpg,0.0,0
data/UrbanWaste-images-10k-right\year_2019\TMX7316010203-001181\pano_0000_002030_heading255.86_pitch-3.16_right90_square_fov90.0_640x640.jpg,0.25431907176971436,1
data/UrbanWaste-images-10k-right\year_2019\TMX7316010203-001181\pano_0000_002103_heading248.99_pitch-1.56_right90_square_fov90.0_640x640.jpg,0.0,0
data/UrbanWaste-images-10k-right\year_2019\TMX7316010203-001181\pano_0000_002109_heading249.86_pitch-1.97_right90_square_fov90.0_640x640.jpg,0.0,0
data/UrbanWaste-images-10k-right\year_2019\TMX7316010203-001181\pano_0000_002176_heading162.81_pitch-0.52_right90_square_fov90.0_640x640.jpg,0.0,0
data/UrbanWaste-images-10k-right\year_2019\TMX7316010203-001181\pano_0000_002202_heading210.83_pitch-1.68_right90_square_fov90.0_640x640.jpg,0.0,0
data/UrbanWaste-images-10k-right\year_2019\TMX7316010203-001181\pano_0000_002220_heading209.73_pitch-3.18_right90_square_fov90.0_640x640.jpg,0.0,0
data/UrbanWaste-images-10k-right\year_2019\TMX7316010203-001181\pano_0000_002254_heading28.98_pitch-3.46_right90_square_fov90.0_640x640.jpg,0.0,0
data/UrbanWaste-images-10k-right\year_2019\TMX7316010203-001181\pano_0000_002278_heading298.99_pitch-1.31_right90_square_fov90.0_640x640.jpg,0.29948845505714417,1
data/UrbanWaste-images-10k-right\year_2019\TMX7316010203-001181\pano_0000_002302_heading341.30_pitch-1.41_right90_square_fov90.0_640x640.jpg,0.0,0
data/UrbanWaste-images-10k-right\year_2019\TMX7316010203-001181\pano_0000_002387_heading163.45_pitch0.85_right90_square_fov90.0_640x640.jpg,0.0,0
data/UrbanWaste-images-10k-right\year_2019\TMX7316010203-001181\pano_0000_002389_heading162.85_pitch0.06_right90_square_fov90.0_640x640.jpg,0.0,0
data/UrbanWaste-images-10k-right\year_2019\TMX7316010203-001181\pano_0000_002529_heading343.01_pitch-1.03_right90_square_fov90.0_640x640.jpg,0.0,0
data/UrbanWaste-images-10k-right\year_2019\TMX7316010203-001181\pano_0000_002577_heading338.72_pitch-1.67_right90_square_fov90.0_640x640.jpg,0.3886549174785614,3
data/UrbanWaste-images-10k-right\year_2019\TMX7316010203-001181\pano_0000_002606_heading248.01_pitch0.55_right90_square_fov90.0_640x640.jpg,0.0,0
data/UrbanWaste-images-10k-right\year_2019\TMX7316010203-001181\pano_0000_002663_heading161.84_pitch-0.68_right90_square_fov90.0_640x640.jpg,0.0,0
data/UrbanWaste-images-10k-right\year_2019\TMX7316010203-001181\pano_0000_002724_heading341.92_pitch-3.02_right90_square_fov90.0_640x640.jpg,0.0,0
data/UrbanWaste-images-10k-right\year_2019\TMX7316010203-001181\pano_0000_002777_heading161.27_pitch-1.35_right90_square_fov90.0_640x640.jpg,0.0,0
data/UrbanWaste-images-10k-right\year_2019\TMX7316010203-001181\pano_0000_002781_heading160.36_pitch-1.82_right90_square_fov90.0_640x640.jpg,0.0,0
data/UrbanWaste-images-10k-right\year_2019\TMX7316010203-001181\pano_0000_002801_heading157.10_pitch-1.53_right90_square_fov90.0_640x640.jpg,0.0,0
data/UrbanWaste-images-10k-right\year_2019\TMX7316010203-001181\pano_0000_002819_heading72.23_pitch-2.50_right90_square_fov90.0_640x640.jpg,0.0,0
data/UrbanWaste-images-10k-right\year_2019\TMX7316010203-001181\pano_0000_002861_heading75.95_pitch-2.27_right90_square_fov90.0_640x640.jpg,0.0,0
data/UrbanWaste-images-10k-right\year_2019\TMX7316010203-001181\pano_0000_002909_heading118.12_pitch-1.22_right90_square_fov90.0_640x640.jpg,0.0,0
data/UrbanWaste-images-10k-right\year_2019\TMX7316010203-001181\pano_0000_002993_heading40.88_pitch0.24_right90_square_fov90.0_640x640.jpg,0.2714937627315521,2
data/UrbanWaste-images-10k-right\year_2019\TMX7316010203-001181\pano_0000_003003_heading44.94_pitch-1.83_right90_square_fov90.0_640x640.jpg,0.320832222700119,3
data/UrbanWaste-images-10k-right\year_2019\TMX7316010203-001181\pano_0000_003072_heading325.66_pitch-1.25_right90_square_fov90.0_640x640.jpg,0.3175795376300812,1
data/UrbanWaste-images-10k-right\year_2019\TMX7316010203-001181\pano_0000_003088_heading207.72_pitch-1.53_right90_square_fov90.0_640x640.jpg,0.28659701347351074,1
data/UrbanWaste-images-10k-right\year_2019\TMX7316010203-001181\pano_0000_003121_heading144.05_pitch-2.52_right90_square_fov90.0_640x640.jpg,0.0,0
data/UrbanWaste-images-10k-right\year_2019\TMX7316010203-001181\pano_0000_003187_heading143.04_pitch-1.07_right90_square_fov90.0_640x640.jpg,0.0,0
data/UrbanWaste-images-10k-right\year_2019\TMX7316010203-001181\pano_0000_003205_heading146.64_pitch-1.54_right90_square_fov90.0_640x640.jpg,0.0,0
data/UrbanWaste-images-10k-right\year_2019\TMX7316010203-001181\pano_0000_003331_heading228.54_pitch-0.56_right90_square_fov90.0_640x640.jpg,0.0,0
data/UrbanWaste-images-10k-right\year_2019\TMX7316010203-001181\pano_0000_003339_heading161.63_pitch-0.10_right90_square_fov90.0_640x640.jpg,0.3875606060028076,3
data/UrbanWaste-images-10k-right\year_2019\TMX7316010203-001181\pano_0000_003396_heading87.10_pitch-0.83_right90_square_fov90.0_640x640.jpg,0.32461586594581604,2
data/UrbanWaste-images-10k-right\year_2019\TMX7316010203-001181\pano_0000_003491_heading28.90_pitch-1.25_right90_square_fov90.0_640x640.jpg,0.31760743260383606,1
data/UrbanWaste-images-10k-right\year_2019\TMX7316010203-001181\pano_0000_003493_heading28.94_pitch-1.07_right90_square_fov90.0_640x640.jpg,0.25042736530303955,1
data/UrbanWaste-images-10k-right\year_2019\TMX7316010203-001181\pano_0000_003583_heading290.99_pitch-1.81_right90_square_fov90.0_640x640.jpg,0.3541729152202606,1
data/UrbanWaste-images-10k-right\year_2019\TMX7316010203-001181\pano_0000_003585_heading297.78_pitch-1.62_right90_square_fov90.0_640x640.jpg,0.0,0
data/UrbanWaste-images-10k-right\year_2019\TMX7316010203-001181\pano_0000_003657_heading208.21_pitch-1.63_right90_square_fov90.0_640x640.jpg,0.2888060510158539,1
data/UrbanWaste-images-10k-right\year_2019\TMX7316010203-001181\pano_0000_003708_heading144.69_pitch-1.33_right90_square_fov90.0_640x640.jpg,0.0,0
data/UrbanWaste-images-10k-right\year_2019\TMX7316010203-001181\pano_0000_003719_heading34.08_pitch-0.25_right90_square_fov90.0_640x640.jpg,0.0,0
data/UrbanWaste-images-10k-right\year_2019\TMX7316010203-001181\pano_0000_003785_heading118.29_pitch-2.85_right90_square_fov90.0_640x640.jpg,0.35266250371932983,2
data/UrbanWaste-images-10k-right\year_2019\TMX7316010203-001181\pano_0000_003875_heading29.10_pitch-1.64_right90_square_fov90.0_640x640.jpg,0.35770562291145325,1
data/UrbanWaste-images-10k-right\year_2019\TMX7316010203-001181\pano_0000_003889_heading123.79_pitch-1.17_right90_square_fov90.0_640x640.jpg,0.25996384024620056,1
data/UrbanWaste-images-10k-right\year_2019\TMX7316010203-001181\pano_0000_003905_heading203.24_pitch-0.90_right90_square_fov90.0_640x640.jpg,0.26841437816619873,1
data/UrbanWaste-images-10k-right\year_2019\TMX7316010203-001181\pano_0000_003925_heading208.66_pitch-1.37_right90_square_fov90.0_640x640.jpg,0.3143361806869507,1
data/UrbanWaste-images-10k-right\year_2019\TMX7316010203-001181\pano_0000_004045_heading196.31_pitch-1.16_right90_square_fov90.0_640x640.jpg,0.2578140199184418,1
data/UrbanWaste-images-10k-right\year_2019\TMX7316010203-001181\pano_0000_004051_heading166.87_pitch-0.24_right90_square_fov90.0_640x640.jpg,0.0,0
data/UrbanWaste-images-10k-right\year_2019\TMX7316010203-001181\pano_0000_004055_heading166.19_pitch-0.38_right90_square_fov90.0_640x640.jpg,0.0,0
data/UrbanWaste-images-10k-right\year_2019\TMX7316010203-001181\pano_0000_004161_heading134.14_pitch2.15_right90_square_fov90.0_640x640.jpg,0.0,0
data/UrbanWaste-images-10k-right\year_2019\TMX7316010203-001181\pano_0000_004315_heading41.61_pitch-1.20_right90_square_fov90.0_640x640.jpg,0.0,0
data/UrbanWaste-images-10k-right\year_2019\TMX7316010203-001181\pano_0000_004325_heading46.84_pitch-2.64_right90_square_fov90.0_640x640.jpg,0.0,0
data/UrbanWaste-images-10k-right\year_2019\TMX7316010203-001181\pano_0000_004341_heading323.95_pitch-1.14_right90_square_fov90.0_640x640.jpg,0.0,0
data/UrbanWaste-images-10k-right\year_2019\TMX7316010203-001181\pano_0000_004361_heading313.46_pitch-1.20_right90_square_fov90.0_640x640.jpg,0.0,0
data/UrbanWaste-images-10k-right\year_2019\TMX7316010203-001181\pano_0000_004363_heading314.65_pitch-0.85_right90_square_fov90.0_640x640.jpg,0.0,0
data/UrbanWaste-images-10k-right\year_2019\TMX7316010203-001181\pano_0000_004367_heading314.17_pitch-1.00_right90_square_fov90.0_640x640.jpg,0.0,0
data/UrbanWaste-images-10k-right\year_2019\TMX7316010203-001181\pano_0000_004557_heading334.66_pitch-1.50_right90_square_fov90.0_640x640.jpg,0.0,0
data/UrbanWaste-images-10k-right\year_2019\TMX7316010203-001181\pano_0000_004745_heading138.75_pitch-1.05_right90_square_fov90.0_640x640.jpg,0.0,0
data/UrbanWaste-images-10k-right\year_2019\TMX7316010203-001181\pano_0000_004817_heading342.56_pitch-1.22_right90_square_fov90.0_640x640.jpg,0.0,0
data/UrbanWaste-images-10k-right\year_2019\TMX7316010203-001181\pano_0000_004829_heading115.29_pitch-3.39_right90_square_fov90.0_640x640.jpg,0.3414440453052521,1
data/UrbanWaste-images-10k-right\year_2019\TMX7316010203-001181\pano_0000_004875_heading340.49_pitch-1.17_right90_square_fov90.0_640x640.jpg,0.0,0
data/UrbanWaste-images-10k-right\year_2019\TMX7316010203-001181\pano_0000_004907_heading340.67_pitch-1.22_right90_square_fov90.0_640x640.jpg,0.0,0
data/UrbanWaste-images-10k-right\year_2019\TMX7316010203-001181\pano_0000_004941_heading341.82_pitch-1.74_right90_square_fov90.0_640x640.jpg,0.279568612575531,3
data/UrbanWaste-images-10k-right\year_2019\TMX7316010203-001181\pano_0000_005084_heading71.34_pitch-2.11_right90_square_fov90.0_640x640.jpg,0.0,0
data/UrbanWaste-images-10k-right\year_2019\TMX7316010203-001181\pano_0000_005161_heading343.11_pitch-0.87_right90_square_fov90.0_640x640.jpg,0.0,0
data/UrbanWaste-images-10k-right\year_2019\TMX7316010203-001181\pano_0000_005175_heading342.18_pitch-1.54_right90_square_fov90.0_640x640.jpg,0.0,0
data/UrbanWaste-images-10k-right\year_2019\TMX7316010203-001181\pano_0000_005323_heading341.64_pitch-1.57_right90_square_fov90.0_640x640.jpg,0.4177769124507904,1
data/UrbanWaste-images-10k-right\year_2019\TMX7316010203-001181\pano_0000_005337_heading140.51_pitch-1.93_right90_square_fov90.0_640x640.jpg,0.0,0
data/UrbanWaste-images-10k-right\year_2019\TMX7316010203-001181\pano_0000_005349_heading161.97_pitch-1.20_right90_square_fov90.0_640x640.jpg,0.0,0
data/UrbanWaste-images-10k-right\year_2019\TMX7316010203-001181\pano_0000_005379_heading69.31_pitch-1.69_right90_square_fov90.0_640x640.jpg,0.0,0
data/UrbanWaste-images-10k-right\year_2019\TMX7316010203-001181\pano_0000_005418_heading67.41_pitch-1.08_right90_square_fov90.0_640x640.jpg,0.25819042325019836,1
data/UrbanWaste-images-10k-right\year_2019\TMX7316010203-001181\pano_0000_005450_heading69.88_pitch-1.66_right90_square_fov90.0_640x640.jpg,0.0,0
data/UrbanWaste-images-10k-right\year_2019\TMX7316010203-001181\pano_0000_005454_heading69.47_pitch-0.90_right90_square_fov90.0_640x640.jpg,0.0,0
data/UrbanWaste-images-10k-right\year_2019\TMX7316010203-001181\pano_0000_005472_heading67.66_pitch-2.61_right90_square_fov90.0_640x640.jpg,0.3335457742214203,2
data/UrbanWaste-images-10k-right\year_2019\TMX7316010203-001181\pano_0000_005481_heading123.40_pitch-2.92_right90_square_fov90.0_640x640.jpg,0.0,0
data/UrbanWaste-images-10k-right\year_2019\TMX7316010203-001181\pano_0000_005491_heading47.10_pitch0.04_right90_square_fov90.0_640x640.jpg,0.0,0
data/UrbanWaste-images-10k-right\year_2019\TMX7316010203-001181\pano_0000_005495_heading33.31_pitch-1.73_right90_square_fov90.0_640x640.jpg,0.0,0
data/UrbanWaste-images-10k-right\year_2019\TMX7316010203-001181\pano_0000_005499_heading34.23_pitch-1.13_right90_square_fov90.0_640x640.jpg,0.0,0
data/UrbanWaste-images-10k-right\year_2019\TMX7316010203-001181\pano_0000_005536_heading215.06_pitch-1.48_right90_square_fov90.0_640x640.jpg,0.5259212255477905,4
data/UrbanWaste-images-10k-right\year_2019\TMX7316010203-001181\pano_0000_005568_heading303.98_pitch-1.59_right90_square_fov90.0_640x640.jpg,0.0,0
data/UrbanWaste-images-10k-right\year_2019\TMX7316010203-001181\pano_0000_005576_heading303.61_pitch-1.31_right90_square_fov90.0_640x640.jpg,0.0,0
data/UrbanWaste-images-10k-right\year_2019\TMX7316010203-001181\pano_0000_005584_heading303.29_pitch-2.56_right90_square_fov90.0_640x640.jpg,0.0,0
data/UrbanWaste-images-10k-right\year_2019\TMX7316010203-001181\pano_0000_005665_heading161.32_pitch-1.53_right90_square_fov90.0_640x640.jpg,0.0,0
data/UrbanWaste-images-10k-right\year_2019\TMX7316010203-001181\pano_0000_005669_heading161.98_pitch1.64_right90_square_fov90.0_640x640.jpg,0.0,0
data/UrbanWaste-images-10k-right\year_2019\TMX7316010203-001181\pano_0000_005709_heading69.48_pitch-1.35_right90_square_fov90.0_640x640.jpg,0.0,0
data/UrbanWaste-images-10k-right\year_2019\TMX7316010203-001181\pano_0000_005725_heading58.29_pitch-0.54_right90_square_fov90.0_640x640.jpg,0.0,0
data/UrbanWaste-images-10k-right\year_2019\TMX7316010203-001181\pano_0000_005743_heading341.87_pitch-1.24_right90_square_fov90.0_640x640.jpg,0.2691018283367157,1
data/UrbanWaste-images-10k-right\year_2019\TMX7316010203-001181\pano_0000_005753_heading342.14_pitch-3.33_right90_square_fov90.0_640x640.jpg,0.2797098159790039,1
data/UrbanWaste-images-10k-right\year_2019\TMX7316010203-001181\pano_0000_005769_heading341.72_pitch-2.73_right90_square_fov90.0_640x640.jpg,0.336352676153183,1
data/UrbanWaste-images-10k-right\year_2019\TMX7316010203-001181\pano_0000_005779_heading73.02_pitch-5.26_right90_square_fov90.0_640x640.jpg,0.35898271203041077,1
data/UrbanWaste-images-10k-right\year_2019\TMX7316010203-001181\pano_0000_005803_heading71.95_pitch-3.27_right90_square_fov90.0_640x640.jpg,0.0,0
data/UrbanWaste-images-10k-right\year_2019\TMX7316010203-001181\pano_0000_005829_heading161.35_pitch-1.71_right90_square_fov90.0_640x640.jpg,0.2917192280292511,1
data/UrbanWaste-images-10k-right\year_2019\TMX7316010203-001182\pano_0000_000022_heading42.10_pitch0.82_right90_square_fov90.0_640x640.jpg,0.26834622025489807,1
data/UrbanWaste-images-10k-right\year_2019\TMX7316010203-001182\pano_0000_000072_heading41.93_pitch-1.89_right90_square_fov90.0_640x640.jpg,0.0,0
data/UrbanWaste-images-10k-right\year_2019\TMX7316010203-001182\pano_0000_000086_heading40.83_pitch-1.81_right90_square_fov90.0_640x640.jpg,0.0,0
data/UrbanWaste-images-10k-right\year_2019\TMX7316010203-001182\pano_0000_000104_heading81.83_pitch-0.29_right90_square_fov90.0_640x640.jpg,0.28583359718322754,1
data/UrbanWaste-images-10k-right\year_2019\TMX7316010203-001182\pano_0000_000122_heading54.09_pitch-1.61_right90_square_fov90.0_640x640.jpg,0.0,0
data/UrbanWaste-images-10k-right\year_2019\TMX7316010203-001182\pano_0000_000124_heading55.36_pitch-1.86_right90_square_fov90.0_640x640.jpg,0.29503729939460754,2
data/UrbanWaste-images-10k-right\year_2019\TMX7316010203-001182\pano_0000_000138_heading52.64_pitch-1.30_right90_square_fov90.0_640x640.jpg,0.0,0
data/UrbanWaste-images-10k-right\year_2019\TMX7316010203-001182\pano_0000_000168_heading352.01_pitch-1.03_right90_square_fov90.0_640x640.jpg,0.30363258719444275,1
data/UrbanWaste-images-10k-right\year_2019\TMX7316010203-001182\pano_0000_000176_heading353.16_pitch-2.35_right90_square_fov90.0_640x640.jpg,0.0,0
data/UrbanWaste-images-10k-right\year_2019\TMX7316010203-001182\pano_0000_000178_heading353.19_pitch-1.32_right90_square_fov90.0_640x640.jpg,0.0,0
data/UrbanWaste-images-10k-right\year_2019\TMX7316010203-001182\pano_0000_000200_heading89.72_pitch-1.40_right90_square_fov90.0_640x640.jpg,0.3304038941860199,1
data/UrbanWaste-images-10k-right\year_2019\TMX7316010203-001182\pano_0000_000325_heading223.39_pitch-1.51_right90_square_fov90.0_640x640.jpg,0.0,0
data/UrbanWaste-images-10k-right\year_2019\TMX7316010203-001182\pano_0000_000477_heading42.20_pitch-2.98_right90_square_fov90.0_640x640.jpg,0.2822634279727936,1
data/UrbanWaste-images-10k-right\year_2019\TMX7316010203-001182\pano_0000_000547_heading28.59_pitch-2.31_right90_square_fov90.0_640x640.jpg,0.0,0
data/UrbanWaste-images-10k-right\year_2019\TMX7316010203-001182\pano_0000_000595_heading35.29_pitch0.25_right90_square_fov90.0_640x640.jpg,0.3498826026916504,4
data/UrbanWaste-images-10k-right\year_2019\TMX7316010203-001182\pano_0000_000597_heading35.35_pitch1.23_right90_square_fov90.0_640x640.jpg,0.3879735767841339,1
data/UrbanWaste-images-10k-right\year_2019\TMX7316010203-001182\pano_0000_000742_heading273.88_pitch-2.42_right90_square_fov90.0_640x640.jpg,0.31403112411499023,1
data/UrbanWaste-images-10k-right\year_2019\TMX7316010203-001182\pano_0000_000815_heading274.32_pitch-1.53_right90_square_fov90.0_640x640.jpg,0.0,0
data/UrbanWaste-images-10k-right\year_2019\TMX7316010203-001182\pano_0000_000823_heading272.70_pitch0.31_right90_square_fov90.0_640x640.jpg,0.39180439710617065,2
data/UrbanWaste-images-10k-right\year_2019\TMX7316010203-001182\pano_0000_000845_heading94.15_pitch-1.05_right90_square_fov90.0_640x640.jpg,0.35733819007873535,1
data/UrbanWaste-images-10k-right\year_2019\TMX7316010203-001182\pano_0000_000869_heading93.33_pitch-1.34_right90_square_fov90.0_640x640.jpg,0.0,0
data/UrbanWaste-images-10k-right\year_2019\TMX7316010203-001182\pano_0000_000901_heading272.71_pitch-0.87_right90_square_fov90.0_640x640.jpg,0.28207045793533325,1
data/UrbanWaste-images-10k-right\year_2019\TMX7316010203-001182\pano_0000_000903_heading274.80_pitch-1.18_right90_square_fov90.0_640x640.jpg,0.2735227644443512,1
data/UrbanWaste-images-10k-right\year_2019\TMX7316010203-001182\pano_0000_000914_heading87.44_pitch-2.32_right90_square_fov90.0_640x640.jpg,0.0,0
data/UrbanWaste-images-10k-right\year_2019\TMX7316010203-001182\pano_0000_000916_heading91.97_pitch-1.73_right90_square_fov90.0_640x640.jpg,0.28463980555534363,1
data/UrbanWaste-images-10k-right\year_2019\TMX7316010203-001182\pano_0000_000936_heading129.87_pitch-1.83_right90_square_fov90.0_640x640.jpg,0.3453766703605652,3
data/UrbanWaste-images-10k-right\year_2019\TMX7316010203-001182\pano_0000_000943_heading272.65_pitch-1.89_right90_square_fov90.0_640x640.jpg,0.0,0
data/UrbanWaste-images-10k-right\year_2019\TMX7316010203-001182\pano_0000_000951_heading274.03_pitch-0.84_right90_square_fov90.0_640x640.jpg,0.0,0
data/UrbanWaste-images-10k-right\year_2019\TMX7316010203-001182\pano_0000_000971_heading359.63_pitch-0.99_right90_square_fov90.0_640x640.jpg,0.0,0
data/UrbanWaste-images-10k-right\year_2019\TMX7316010203-001182\pano_0000_000998_heading273.12_pitch-1.23_right90_square_fov90.0_640x640.jpg,0.32049861550331116,2
data/UrbanWaste-images-10k-right\year_2019\TMX7316010203-001182\pano_0000_001025_heading270.34_pitch-2.26_right90_square_fov90.0_640x640.jpg,0.0,0
data/UrbanWaste-images-10k-right\year_2019\TMX7316010203-001182\pano_0000_001204_heading92.79_pitch-1.09_right90_square_fov90.0_640x640.jpg,0.0,0
data/UrbanWaste-images-10k-right\year_2019\TMX7316010203-001182\pano_0000_001270_heading183.47_pitch-1.62_right90_square_fov90.0_640x640.jpg,0.0,0
data/UrbanWaste-images-10k-right\year_2019\TMX7316010203-001182\pano_0000_001284_heading93.90_pitch-0.59_right90_square_fov90.0_640x640.jpg,0.0,0
data/UrbanWaste-images-10k-right\year_2019\TMX7316010203-001182\pano_0000_001290_heading4.77_pitch-1.10_right90_square_fov90.0_640x640.jpg,0.0,0
data/UrbanWaste-images-10k-right\year_2019\TMX7316010203-001182\pano_0000_001294_heading3.47_pitch-0.57_right90_square_fov90.0_640x640.jpg,0.0,0
data/UrbanWaste-images-10k-right\year_2019\TMX7316010203-001182\pano_0000_001304_heading21.00_pitch-1.44_right90_square_fov90.0_640x640.jpg,0.0,0
data/UrbanWaste-images-10k-right\year_2019\TMX7316010203-001182\pano_0000_001611_heading174.41_pitch-1.70_right90_square_fov90.0_640x640.jpg,0.0,0
data/UrbanWaste-images-10k-right\year_2019\TMX7316010203-001182\pano_0000_001646_heading176.17_pitch-2.68_right90_square_fov90.0_640x640.jpg,0.2693469226360321,1
data/UrbanWaste-images-10k-right\year_2019\TMX7316010203-001182\pano_0000_001652_heading173.11_pitch-1.65_right90_square_fov90.0_640x640.jpg,0.29710128903388977,1
data/UrbanWaste-images-10k-right\year_2019\TMX7316010203-001182\pano_0000_001658_heading174.38_pitch-0.22_right90_square_fov90.0_640x640.jpg,0.0,0
data/UrbanWaste-images-10k-right\year_2019\TMX7316010203-001182\pano_0000_001693_heading137.16_pitch-1.86_right90_square_fov90.0_640x640.jpg,0.0,0
data/UrbanWaste-images-10k-right\year_2019\TMX7316010203-001182\pano_0000_002542_heading236.52_pitch-2.40_right90_square_fov90.0_640x640.jpg,0.0,0
data/UrbanWaste-images-10k-right\year_2019\TMX7316010203-001182\pano_0000_002570_heading5.36_pitch-0.15_right90_square_fov90.0_640x640.jpg,0.0,0
data/UrbanWaste-images-10k-right\year_2019\TMX7316010203-001182\pano_0000_002708_heading234.01_pitch-2.08_right90_square_fov90.0_640x640.jpg,0.27599987387657166,1
data/UrbanWaste-images-10k-right\year_2019\TMX7316010203-001182\pano_0000_002710_heading234.37_pitch-2.65_right90_square_fov90.0_640x640.jpg,0.0,0
data/UrbanWaste-images-10k-right\year_2019\TMX7316010203-001182\pano_0000_002718_heading229.12_pitch-1.86_right90_square_fov90.0_640x640.jpg,0.0,0
data/UrbanWaste-images-10k-right\year_2019\TMX7316010203-001182\pano_0000_002776_heading92.40_pitch-1.48_right90_square_fov90.0_640x640.jpg,0.38492488861083984,2
data/UrbanWaste-images-10k-right\year_2019\TMX7316010203-001182\pano_0000_002790_heading103.24_pitch-1.27_right90_square_fov90.0_640x640.jpg,0.0,0
data/UrbanWaste-images-10k-right\year_2019\TMX7316010203-001182\pano_0000_002822_heading74.65_pitch-1.01_right90_square_fov90.0_640x640.jpg,0.0,0
data/UrbanWaste-images-10k-right\year_2019\TMX7316010203-001182\pano_0000_002826_heading74.77_pitch-1.48_right90_square_fov90.0_640x640.jpg,0.25777721405029297,1
data/UrbanWaste-images-10k-right\year_2019\TMX7316010203-001182\pano_0000_002832_heading73.90_pitch-1.30_right90_square_fov90.0_640x640.jpg,0.0,0
data/UrbanWaste-images-10k-right\year_2019\TMX7316010203-001182\pano_0000_002840_heading74.76_pitch-1.08_right90_square_fov90.0_640x640.jpg,0.0,0
data/UrbanWaste-images-10k-right\year_2019\TMX7316010203-001182\pano_0000_002874_heading74.84_pitch-1.34_right90_square_fov90.0_640x640.jpg,0.3931637108325958,2
data/UrbanWaste-images-10k-right\year_2019\TMX7316010203-001182\pano_0000_002974_heading253.93_pitch-1.25_right90_square_fov90.0_640x640.jpg,0.0,0
data/UrbanWaste-images-10k-right\year_2019\TMX7316010203-001182\pano_0000_003014_heading280.86_pitch-1.73_right90_square_fov90.0_640x640.jpg,0.0,0
data/UrbanWaste-images-10k-right\year_2019\TMX7316010203-001182\pano_0000_003070_heading185.97_pitch0.55_right90_square_fov90.0_640x640.jpg,0.0,0
data/UrbanWaste-images-10k-right\year_2019\TMX7316010203-001182\pano_0000_003152_heading336.14_pitch0.11_right90_square_fov90.0_640x640.jpg,0.31798499822616577,2
data/UrbanWaste-images-10k-right\year_2019\TMX7316010203-001182\pano_0000_003156_heading354.95_pitch0.29_right90_square_fov90.0_640x640.jpg,0.2682582437992096,1
data/UrbanWaste-images-10k-right\year_2019\TMX7316010203-001182\pano_0000_003194_heading301.74_pitch-1.61_right90_square_fov90.0_640x640.jpg,0.0,0
data/UrbanWaste-images-10k-right\year_2019\TMX7316010203-001182\pano_0000_003204_heading217.44_pitch-2.94_right90_square_fov90.0_640x640.jpg,0.0,0
data/UrbanWaste-images-10k-right\year_2019\TMX7316010203-001182\pano_0000_003206_heading221.36_pitch-2.41_right90_square_fov90.0_640x640.jpg,0.0,0
data/UrbanWaste-images-10k-right\year_2019\TMX7316010203-001183\pano_0000_000010_heading202.43_pitch-6.28_right90_square_fov90.0_640x640.jpg,0.0,0
data/UrbanWaste-images-10k-right\year_2019\TMX7316010203-001183\pano_0000_000078_heading193.01_pitch-1.25_right90_square_fov90.0_640x640.jpg,0.0,0
data/UrbanWaste-images-10k-right\year_2019\TMX7316010203-001183\pano_0000_000139_heading0.79_pitch0.05_right90_square_fov90.0_640x640.jpg,0.0,0
data/UrbanWaste-images-10k-right\year_2019\TMX7316010203-001183\pano_0000_000153_heading201.78_pitch-4.81_right90_square_fov90.0_640x640.jpg,0.4193415939807892,1
data/UrbanWaste-images-10k-right\year_2019\TMX7316010203-001183\pano_0000_000215_heading83.92_pitch-0.68_right90_square_fov90.0_640x640.jpg,0.0,0
data/UrbanWaste-images-10k-right\year_2019\TMX7316010203-001183\pano_0000_000273_heading276.62_pitch0.42_right90_square_fov90.0_640x640.jpg,0.0,0
data/UrbanWaste-images-10k-right\year_2019\TMX7316010203-001183\pano_0000_000338_heading6.29_pitch-0.88_right90_square_fov90.0_640x640.jpg,0.0,0
data/UrbanWaste-images-10k-right\year_2019\TMX7316010203-001183\pano_0000_000362_heading1.55_pitch-0.92_right90_square_fov90.0_640x640.jpg,0.28181523084640503,1
data/UrbanWaste-images-10k-right\year_2019\TMX7316010203-001183\pano_0000_000511_heading343.74_pitch0.27_right90_square_fov90.0_640x640.jpg,0.0,0
data/UrbanWaste-images-10k-right\year_2019\TMX7316010203-001183\pano_0000_000700_heading322.19_pitch-1.15_right90_square_fov90.0_640x640.jpg,0.25614678859710693,1
data/UrbanWaste-images-10k-right\year_2019\TMX7316010203-001183\pano_0000_000702_heading322.69_pitch-1.11_right90_square_fov90.0_640x640.jpg,0.2757912278175354,1
data/UrbanWaste-images-10k-right\year_2019\TMX7316010203-001183\pano_0000_000740_heading81.08_pitch-3.47_right90_square_fov90.0_640x640.jpg,0.25733181834220886,1
data/UrbanWaste-images-10k-right\year_2019\TMX7316010203-001183\pano_0000_000742_heading145.25_pitch0.04_right90_square_fov90.0_640x640.jpg,0.0,0
data/UrbanWaste-images-10k-right\year_2019\TMX7316010203-001183\pano_0000_000756_heading149.09_pitch-2.58_right90_square_fov90.0_640x640.jpg,0.5288331508636475,2
data/UrbanWaste-images-10k-right\year_2019\TMX7316010203-001183\pano_0000_000778_heading328.80_pitch-1.66_right90_square_fov90.0_640x640.jpg,0.4725117087364197,1
data/UrbanWaste-images-10k-right\year_2019\TMX7316010203-001183\pano_0000_000786_heading329.28_pitch-6.02_right90_square_fov90.0_640x640.jpg,0.36125436425209045,2
data/UrbanWaste-images-10k-right\year_2019\TMX7316010203-001183\pano_0000_000852_heading163.47_pitch-1.92_right90_square_fov90.0_640x640.jpg,0.0,0
data/UrbanWaste-images-10k-right\year_2019\TMX7316010203-001183\pano_0000_000870_heading328.60_pitch-1.73_right90_square_fov90.0_640x640.jpg,0.519699215888977,3
data/UrbanWaste-images-10k-right\year_2019\TMX7316010203-001183\pano_0000_000937_heading225.19_pitch-1.55_right90_square_fov90.0_640x640.jpg,0.0,0
data/UrbanWaste-images-10k-right\year_2019\TMX7316010203-001187\pano_0000_000003_heading40.24_pitch-0.96_right90_square_fov90.0_640x640.jpg,0.0,0
data/UrbanWaste-images-10k-right\year_2019\TMX7316010203-001187\pano_0000_000005_heading28.78_pitch-0.86_right90_square_fov90.0_640x640.jpg,0.0,0
data/UrbanWaste-images-10k-right\year_2019\TMX7316010203-001187\pano_0000_000025_heading34.10_pitch-2.02_right90_square_fov90.0_640x640.jpg,0.0,0
data/UrbanWaste-images-10k-right\year_2019\TMX7316010203-001187\pano_0000_000027_heading33.10_pitch-2.29_right90_square_fov90.0_640x640.jpg,0.39828211069107056,1
data/UrbanWaste-images-10k-right\year_2019\TMX7316010203-001187\pano_0000_000033_heading35.13_pitch-1.10_right90_square_fov90.0_640x640.jpg,0.5800843834877014,2
data/UrbanWaste-images-10k-right\year_2019\TMX7316010203-001187\pano_0000_000107_heading211.73_pitch-1.64_right90_square_fov90.0_640x640.jpg,0.25289487838745117,1
data/UrbanWaste-images-10k-right\year_2019\TMX7316010203-001187\pano_0000_000111_heading210.65_pitch-1.17_right90_square_fov90.0_640x640.jpg,0.0,0
data/UrbanWaste-images-10k-right\year_2019\TMX7316010203-001187\pano_0000_000117_heading209.85_pitch-2.87_right90_square_fov90.0_640x640.jpg,0.0,0
data/UrbanWaste-images-10k-right\year_2019\TMX7316010203-001187\pano_0000_000129_heading333.82_pitch-3.74_right90_square_fov90.0_640x640.jpg,0.0,0
data/UrbanWaste-images-10k-right\year_2019\TMX7316010203-001187\pano_0000_000139_heading350.74_pitch1.70_right90_square_fov90.0_640x640.jpg,0.2583201825618744,1
data/UrbanWaste-images-10k-right\year_2019\TMX7316010203-001187\pano_0000_000145_heading58.65_pitch0.79_right90_square_fov90.0_640x640.jpg,0.0,0
data/UrbanWaste-images-10k-right\year_2019\TMX7316010203-001187\pano_0000_000175_heading4.62_pitch-1.45_right90_square_fov90.0_640x640.jpg,0.0,0
data/UrbanWaste-images-10k-right\year_2019\TMX7316010203-001187\pano_0000_000193_heading354.33_pitch-0.67_right90_square_fov90.0_640x640.jpg,0.4695334732532501,1
data/UrbanWaste-images-10k-right\year_2019\TMX7316010203-001187\pano_0000_000251_heading185.85_pitch-1.67_right90_square_fov90.0_640x640.jpg,0.4052792191505432,2
data/UrbanWaste-images-10k-right\year_2019\TMX7316010203-001187\pano_0000_000287_heading102.13_pitch-1.42_right90_square_fov90.0_640x640.jpg,0.3678835928440094,2
data/UrbanWaste-images-10k-right\year_2019\TMX7316010203-001187\pano_0000_000289_heading118.33_pitch-1.74_right90_square_fov90.0_640x640.jpg,0.2613530158996582,1
data/UrbanWaste-images-10k-right\year_2019\TMX7316010203-001187\pano_0000_000291_heading118.35_pitch-2.03_right90_square_fov90.0_640x640.jpg,0.4467814266681671,2
data/UrbanWaste-images-10k-right\year_2019\TMX7316010203-001187\pano_0000_000331_heading123.36_pitch-2.32_right90_square_fov90.0_640x640.jpg,0.27894601225852966,1
data/UrbanWaste-images-10k-right\year_2019\TMX7316010203-001187\pano_0000_000355_heading16.27_pitch-1.29_right90_square_fov90.0_640x640.jpg,0.0,0
data/UrbanWaste-images-10k-right\year_2019\TMX7316010203-001187\pano_0000_000419_heading118.81_pitch-1.62_right90_square_fov90.0_640x640.jpg,0.0,0
data/UrbanWaste-images-10k-right\year_2019\TMX7316010203-001187\pano_0000_000427_heading156.52_pitch-1.67_right90_square_fov90.0_640x640.jpg,0.0,0
data/UrbanWaste-images-10k-right\year_2019\TMX7316010203-001187\pano_0000_000534_heading42.40_pitch-1.20_right90_square_fov90.0_640x640.jpg,0.29781582951545715,1
data/UrbanWaste-images-10k-right\year_2019\TMX7316010203-001187\pano_0000_000546_heading41.44_pitch-1.25_right90_square_fov90.0_640x640.jpg,0.0,0
data/UrbanWaste-images-10k-right\year_2019\TMX7316010203-001187\pano_0000_000550_heading40.91_pitch-2.18_right90_square_fov90.0_640x640.jpg,0.0,0
data/UrbanWaste-images-10k-right\year_2019\TMX7316010203-001187\pano_0000_000597_heading221.20_pitch-0.92_right90_square_fov90.0_640x640.jpg,0.0,0
data/UrbanWaste-images-10k-right\year_2019\TMX7316010203-001187\pano_0000_000615_heading222.02_pitch-0.87_right90_square_fov90.0_640x640.jpg,0.260259211063385,1
data/UrbanWaste-images-10k-right\year_2019\TMX7316010203-001187\pano_0000_000770_heading288.09_pitch-0.77_right90_square_fov90.0_640x640.jpg,0.0,0
data/UrbanWaste-images-10k-right\year_2019\TMX7316010203-001187\pano_0000_000788_heading288.37_pitch-1.30_right90_square_fov90.0_640x640.jpg,0.0,0
data/UrbanWaste-images-10k-right\year_2019\TMX7316010203-001187\pano_0000_000804_heading288.02_pitch-0.62_right90_square_fov90.0_640x640.jpg,0.3831251859664917,1
data/UrbanWaste-images-10k-right\year_2019\TMX7316010203-001187\pano_0000_000806_heading288.06_pitch-2.18_right90_square_fov90.0_640x640.jpg,0.3117566406726837,2
data/UrbanWaste-images-10k-right\year_2019\TMX7316010203-001187\pano_0000_000894_heading32.40_pitch-0.23_right90_square_fov90.0_640x640.jpg,0.0,0
data/UrbanWaste-images-10k-right\year_2019\TMX7316010203-001187\pano_0000_000940_heading306.19_pitch-1.19_right90_square_fov90.0_640x640.jpg,0.0,0
data/UrbanWaste-images-10k-right\year_2019\TMX7316010203-001187\pano_0000_000965_heading212.68_pitch-1.37_right90_square_fov90.0_640x640.jpg,0.274599552154541,1
data/UrbanWaste-images-10k-right\year_2019\TMX7316010203-001187\pano_0000_001003_heading134.08_pitch-1.09_right90_square_fov90.0_640x640.jpg,0.5093227028846741,5
data/UrbanWaste-images-10k-right\year_2019\TMX7316010203-001187\pano_0000_001009_heading132.28_pitch-1.13_right90_square_fov90.0_640x640.jpg,0.3692113757133484,3
data/UrbanWaste-images-10k-right\year_2019\TMX7316010203-001187\pano_0000_001015_heading133.77_pitch-1.61_right90_square_fov90.0_640x640.jpg,0.3623069226741791,1
data/UrbanWaste-images-10k-right\year_2019\TMX7316010203-001187\pano_0000_001118_heading307.22_pitch-0.99_right90_square_fov90.0_640x640.jpg,0.28588855266571045,2
data/UrbanWaste-images-10k-right\year_2019\TMX7316010203-001187\pano_0000_001148_heading305.68_pitch0.27_right90_square_fov90.0_640x640.jpg,0.0,0
data/UrbanWaste-images-10k-right\year_2019\TMX7316010203-001187\pano_0000_001184_heading210.60_pitch1.88_right90_square_fov90.0_640x640.jpg,0.0,0
data/UrbanWaste-images-10k-right\year_2019\TMX7316010203-001187\pano_0000_001287_heading299.93_pitch-1.75_right90_square_fov90.0_640x640.jpg,0.26721861958503723,1
data/UrbanWaste-images-10k-right\year_2019\TMX7316010203-001187\pano_0000_001319_heading315.39_pitch-0.31_right90_square_fov90.0_640x640.jpg,0.2595040202140808,1
data/UrbanWaste-images-10k-right\year_2019\TMX7316010203-001187\pano_0000_001359_heading33.80_pitch0.22_right90_square_fov90.0_640x640.jpg,0.0,0
data/UrbanWaste-images-10k-right\year_2019\TMX7316010203-001187\pano_0000_001495_heading103.01_pitch-2.99_right90_square_fov90.0_640x640.jpg,0.3547111749649048,2
data/UrbanWaste-images-10k-right\year_2019\TMX7316010203-001187\pano_0000_001519_heading128.85_pitch-0.71_right90_square_fov90.0_640x640.jpg,0.0,0
data/UrbanWaste-images-10k-right\year_2019\TMX7316010203-001187\pano_0000_001545_heading126.19_pitch-1.12_right90_square_fov90.0_640x640.jpg,0.6076999306678772,2
data/UrbanWaste-images-10k-right\year_2019\TMX7316010203-001187\pano_0000_001571_heading126.14_pitch-1.12_right90_square_fov90.0_640x640.jpg,0.346344918012619,2
data/UrbanWaste-images-10k-right\year_2019\TMX7316010203-001187\pano_0000_001575_heading126.86_pitch-1.53_right90_square_fov90.0_640x640.jpg,0.0,0
data/UrbanWaste-images-10k-right\year_2019\TMX7316010203-001187\pano_0000_001587_heading130.07_pitch-1.08_right90_square_fov90.0_640x640.jpg,0.0,0
data/UrbanWaste-images-10k-right\year_2019\TMX7316010203-001187\pano_0000_001669_heading234.08_pitch-1.21_right90_square_fov90.0_640x640.jpg,0.0,0
data/UrbanWaste-images-10k-right\year_2019\TMX7316010203-001187\pano_0000_001713_heading341.50_pitch-0.84_right90_square_fov90.0_640x640.jpg,0.4344478249549866,2
data/UrbanWaste-images-10k-right\year_2019\TMX7316010203-001187\pano_0000_001745_heading303.79_pitch-1.49_right90_square_fov90.0_640x640.jpg,0.31979188323020935,2
data/UrbanWaste-images-10k-right\year_2019\TMX7316010203-001187\pano_0000_001749_heading310.23_pitch-1.68_right90_square_fov90.0_640x640.jpg,0.0,0
data/UrbanWaste-images-10k-right\year_2019\TMX7316010203-001187\pano_0000_001753_heading316.99_pitch-1.35_right90_square_fov90.0_640x640.jpg,0.25385838747024536,1
data/UrbanWaste-images-10k-right\year_2019\TMX7316010203-001187\pano_0000_001759_heading317.00_pitch-1.02_right90_square_fov90.0_640x640.jpg,0.0,0
data/UrbanWaste-images-10k-right\year_2019\TMX7316010203-001187\pano_0000_001785_heading310.44_pitch-1.07_right90_square_fov90.0_640x640.jpg,0.0,0
data/UrbanWaste-images-10k-right\year_2019\TMX7316010203-001187\pano_0000_001851_heading53.44_pitch-4.22_right90_square_fov90.0_640x640.jpg,0.31423187255859375,2
data/UrbanWaste-images-10k-right\year_2019\TMX7316010203-001187\pano_0000_001863_heading122.20_pitch-1.10_right90_square_fov90.0_640x640.jpg,0.25163403153419495,1
data/UrbanWaste-images-10k-right\year_2019\TMX7316010203-001187\pano_0000_001899_heading122.52_pitch0.12_right90_square_fov90.0_640x640.jpg,0.3163854479789734,2
data/UrbanWaste-images-10k-right\year_2019\TMX7316010203-001187\pano_0000_001985_heading36.83_pitch0.84_right90_square_fov90.0_640x640.jpg,0.0,0
data/UrbanWaste-images-10k-right\year_2019\TMX7316010203-001187\pano_0000_002007_heading17.73_pitch-1.72_right90_square_fov90.0_640x640.jpg,0.3393436074256897,1
data/UrbanWaste-images-10k-right\year_2019\TMX7316010203-001187\pano_0000_002057_heading18.34_pitch0.30_right90_square_fov90.0_640x640.jpg,0.25800612568855286,1
data/UrbanWaste-images-10k-right\year_2019\TMX7316010203-001187\pano_0000_002089_heading42.15_pitch-1.49_right90_square_fov90.0_640x640.jpg,0.32429781556129456,1
data/UrbanWaste-images-10k-right\year_2019\TMX7316010203-001187\pano_0000_002099_heading40.18_pitch-3.50_right90_square_fov90.0_640x640.jpg,0.3016678988933563,1
data/UrbanWaste-images-10k-right\year_2019\TMX7316010203-001187\pano_0000_002109_heading119.65_pitch-1.76_right90_square_fov90.0_640x640.jpg,0.31790122389793396,2
data/UrbanWaste-images-10k-right\year_2019\TMX7316010203-001187\pano_0000_002187_heading169.60_pitch-1.29_right90_square_fov90.0_640x640.jpg,0.0,0
data/UrbanWaste-images-10k-right\year_2019\TMX7316010203-001187\pano_0000_002193_heading177.16_pitch0.10_right90_square_fov90.0_640x640.jpg,0.0,0
data/UrbanWaste-images-10k-right\year_2019\TMX7316010203-001187\pano_0000_002217_heading231.00_pitch-1.39_right90_square_fov90.0_640x640.jpg,0.27013713121414185,1
data/UrbanWaste-images-10k-right\year_2019\TMX7316010203-001187\pano_0000_002225_heading223.70_pitch-1.70_right90_square_fov90.0_640x640.jpg,0.0,0
data/UrbanWaste-images-10k-right\year_2019\TMX7316010203-001187\pano_0000_002277_heading210.41_pitch2.26_right90_square_fov90.0_640x640.jpg,0.0,0
data/UrbanWaste-images-10k-right\year_2019\TMX7316010203-001187\pano_0000_002303_heading209.74_pitch-1.25_right90_square_fov90.0_640x640.jpg,0.0,0
data/UrbanWaste-images-10k-right\year_2019\TMX7316010203-001187\pano_0000_002325_heading209.70_pitch-1.34_right90_square_fov90.0_640x640.jpg,0.0,0
data/UrbanWaste-images-10k-right\year_2019\TMX7316010203-001187\pano_0000_002347_heading209.70_pitch-2.59_right90_square_fov90.0_640x640.jpg,0.0,0
data/UrbanWaste-images-10k-right\year_2019\TMX7316010203-001187\pano_0000_002355_heading210.10_pitch-4.06_right90_square_fov90.0_640x640.jpg,0.0,0
data/UrbanWaste-images-10k-right\year_2019\TMX7316010203-001187\pano_0000_002465_heading30.02_pitch-1.12_right90_square_fov90.0_640x640.jpg,0.38819777965545654,2
data/UrbanWaste-images-10k-right\year_2019\TMX7316010203-001187\pano_0000_002507_heading28.35_pitch-0.73_right90_square_fov90.0_640x640.jpg,0.0,0
data/UrbanWaste-images-10k-right\year_2019\TMX7316010203-001187\pano_0000_002551_heading37.98_pitch-1.20_right90_square_fov90.0_640x640.jpg,0.0,0
data/UrbanWaste-images-10k-right\year_2019\TMX7316010203-001187\pano_0000_002553_heading27.77_pitch-1.57_right90_square_fov90.0_640x640.jpg,0.2626577317714691,1
data/UrbanWaste-images-10k-right\year_2019\TMX7316010203-001187\pano_0000_002557_heading29.06_pitch-1.39_right90_square_fov90.0_640x640.jpg,0.3057519793510437,2
data/UrbanWaste-images-10k-right\year_2019\TMX7316010203-001194\pano_0000_000002_heading284.46_pitch-2.32_right90_square_fov90.0_640x640.jpg,0.36730459332466125,1
data/UrbanWaste-images-10k-right\year_2019\TMX7316010203-001194\pano_0000_000126_heading29.20_pitch-1.08_right90_square_fov90.0_640x640.jpg,0.0,0
data/UrbanWaste-images-10k-right\year_2019\TMX7316010203-001194\pano_0000_000150_heading29.03_pitch-1.38_right90_square_fov90.0_640x640.jpg,0.29558831453323364,2
data/UrbanWaste-images-10k-right\year_2019\TMX7316010203-001194\pano_0000_000176_heading150.56_pitch-0.60_right90_square_fov90.0_640x640.jpg,0.45537900924682617,1
data/UrbanWaste-images-10k-right\year_2019\TMX7316010203-001194\pano_0000_000188_heading148.88_pitch-1.25_right90_square_fov90.0_640x640.jpg,0.0,0
data/UrbanWaste-images-10k-right\year_2019\TMX7316010203-001194\pano_0000_000224_heading136.05_pitch-1.42_right90_square_fov90.0_640x640.jpg,0.0,0
data/UrbanWaste-images-10k-right\year_2019\TMX7316010203-001194\pano_0000_000245_heading133.95_pitch-1.04_right90_square_fov90.0_640x640.jpg,0.0,0
data/UrbanWaste-images-10k-right\year_2019\TMX7316010203-001194\pano_0000_000297_heading105.57_pitch0.67_right90_square_fov90.0_640x640.jpg,0.3522965610027313,2
data/UrbanWaste-images-10k-right\year_2019\TMX7316010203-001195\pano_0000_003586_heading192.54_pitch-0.87_right90_square_fov90.0_640x640.jpg,0.3582818806171417,2
data/UrbanWaste-images-10k-right\year_2019\TMX7316010203-001195\pano_0000_003622_heading195.86_pitch-3.47_right90_square_fov90.0_640x640.jpg,0.4361669421195984,4
data/UrbanWaste-images-10k-right\year_2019\TMX7316010203-001195\pano_0000_003682_heading232.94_pitch-1.86_right90_square_fov90.0_640x640.jpg,0.0,0
data/UrbanWaste-images-10k-right\year_2019\TMX7316010203-001195\pano_0000_003724_heading313.78_pitch-1.41_right90_square_fov90.0_640x640.jpg,0.6405755877494812,7
data/UrbanWaste-images-10k-right\year_2019\TMX7316010203-001195\pano_0000_003732_heading311.75_pitch-0.71_right90_square_fov90.0_640x640.jpg,0.3204425275325775,1
data/UrbanWaste-images-10k-right\year_2019\TMX7316010203-001195\pano_0000_003764_heading220.28_pitch0.97_right90_square_fov90.0_640x640.jpg,0.0,0
data/UrbanWaste-images-10k-right\year_2019\TMX7316010203-001195\pano_0001_000077_heading208.22_pitch-1.27_right90_square_fov90.0_640x640.jpg,0.30340471863746643,2
data/UrbanWaste-images-10k-right\year_2019\TMX7316010203-001195\pano_0001_000098_heading133.99_pitch-0.66_right90_square_fov90.0_640x640.jpg,0.2805541157722473,1
data/UrbanWaste-images-10k-right\year_2019\TMX7316010203-001195\pano_0001_000102_heading137.21_pitch-0.23_right90_square_fov90.0_640x640.jpg,0.0,0
data/UrbanWaste-images-10k-right\year_2019\TMX7316010203-001195\pano_0001_000122_heading26.99_pitch-0.91_right90_square_fov90.0_640x640.jpg,0.0,0
data/UrbanWaste-images-10k-right\year_2019\TMX7316010203-001195\pano_0001_000144_heading27.85_pitch-1.07_right90_square_fov90.0_640x640.jpg,0.0,0
data/UrbanWaste-images-10k-right\year_2019\TMX7316010203-001195\pano_0001_000217_heading38.66_pitch-1.73_right90_square_fov90.0_640x640.jpg,0.2556901276111603,1
data/UrbanWaste-images-10k-right\year_2019\TMX7316010203-001195\pano_0001_000251_heading133.25_pitch-0.97_right90_square_fov90.0_640x640.jpg,0.26046958565711975,1
data/UrbanWaste-images-10k-right\year_2019\TMX7316010203-001195\pano_0001_000286_heading42.41_pitch1.03_right90_square_fov90.0_640x640.jpg,0.3031061887741089,2
data/UrbanWaste-images-10k-right\year_2019\TMX7316010203-001195\pano_0001_000291_heading351.55_pitch-2.45_right90_square_fov90.0_640x640.jpg,0.0,0
data/UrbanWaste-images-10k-right\year_2019\TMX7316010203-001195\pano_0001_000388_heading316.97_pitch-1.34_right90_square_fov90.0_640x640.jpg,0.39817073941230774,9
data/UrbanWaste-images-10k-right\year_2019\TMX7316010203-001195\pano_0001_000394_heading355.94_pitch-3.01_right90_square_fov90.0_640x640.jpg,0.2654310464859009,1
data/UrbanWaste-images-10k-right\year_2019\TMX7316010203-001195\pano_0001_000402_heading28.98_pitch-1.52_right90_square_fov90.0_640x640.jpg,0.29237696528434753,1
data/UrbanWaste-images-10k-right\year_2019\TMX7316010203-001195\pano_0001_000450_heading134.06_pitch-1.69_right90_square_fov90.0_640x640.jpg,0.0,0
data/UrbanWaste-images-10k-right\year_2019\TMX7316010203-001195\pano_0001_000458_heading172.03_pitch0.69_right90_square_fov90.0_640x640.jpg,0.0,0
data/UrbanWaste-images-10k-right\year_2019\TMX7316010203-001195\pano_0001_000548_heading35.86_pitch-1.94_right90_square_fov90.0_640x640.jpg,0.2723030745983124,1
data/UrbanWaste-images-10k-right\year_2019\TMX7316010203-001195\pano_0001_000622_heading44.61_pitch-2.33_right90_square_fov90.0_640x640.jpg,0.0,0
data/UrbanWaste-images-10k-right\year_2019\TMX7316010203-001195\pano_0001_000626_heading44.42_pitch-1.15_right90_square_fov90.0_640x640.jpg,0.426128625869751,2
data/UrbanWaste-images-10k-right\year_2019\TMX7316010203-001195\pano_0001_000677_heading221.15_pitch-1.31_right90_square_fov90.0_640x640.jpg,0.5867201685905457,2
data/UrbanWaste-images-10k-right\year_2019\TMX7316010203-001195\pano_0001_000695_heading134.34_pitch-1.33_right90_square_fov90.0_640x640.jpg,0.29037314653396606,2
data/UrbanWaste-images-10k-right\year_2019\TMX7316010203-001195\pano_0001_000734_heading133.91_pitch-0.68_right90_square_fov90.0_640x640.jpg,0.0,0
data/UrbanWaste-images-10k-right\year_2019\TMX7316010203-001195\pano_0001_000754_heading223.64_pitch-1.01_right90_square_fov90.0_640x640.jpg,0.0,0
data/UrbanWaste-images-10k-right\year_2019\TMX7316010203-001195\pano_0001_000761_heading313.81_pitch-1.76_right90_square_fov90.0_640x640.jpg,0.28896889090538025,1
data/UrbanWaste-images-10k-right\year_2019\TMX7316010203-001195\pano_0001_000763_heading314.50_pitch-1.31_right90_square_fov90.0_640x640.jpg,0.2889937460422516,2
data/UrbanWaste-images-10k-right\year_2019\TMX7316010203-001195\pano_0001_000765_heading313.88_pitch-0.84_right90_square_fov90.0_640x640.jpg,0.29920220375061035,1
data/UrbanWaste-images-10k-right\year_2019\TMX7316010203-001195\pano_0001_001110_heading283.78_pitch-2.98_right90_square_fov90.0_640x640.jpg,0.0,0
data/UrbanWaste-images-10k-right\year_2019\TMX7316010203-001195\pano_0001_001152_heading44.00_pitch-0.49_right90_square_fov90.0_640x640.jpg,0.0,0
data/UrbanWaste-images-10k-right\year_2019\TMX7316010203-001195\pano_0001_001274_heading44.96_pitch-2.98_right90_square_fov90.0_640x640.jpg,0.0,0
data/UrbanWaste-images-10k-right\year_2019\TMX7316010203-001195\pano_0001_001292_heading314.39_pitch-1.17_right90_square_fov90.0_640x640.jpg,0.0,0
data/UrbanWaste-images-10k-right\year_2019\TMX7316010203-001195\pano_0001_001302_heading314.45_pitch-1.09_right90_square_fov90.0_640x640.jpg,0.0,0
data/UrbanWaste-images-10k-right\year_2019\TMX7316010203-001195\pano_0001_001346_heading27.94_pitch-1.13_right90_square_fov90.0_640x640.jpg,0.2659652531147003,1
data/UrbanWaste-images-10k-right\year_2019\TMX7316010203-001196\pano_0000_000064_heading108.92_pitch-0.94_right90_square_fov90.0_640x640.jpg,0.5786935687065125,4
data/UrbanWaste-images-10k-right\year_2019\TMX7316010203-001196\pano_0000_000166_heading317.87_pitch-3.32_right90_square_fov90.0_640x640.jpg,0.0,0
data/UrbanWaste-images-10k-right\year_2019\TMX7316010203-001196\pano_0000_000282_heading314.84_pitch-1.56_right90_square_fov90.0_640x640.jpg,0.3022584617137909,1
data/UrbanWaste-images-10k-right\year_2019\TMX7316010203-001196\pano_0000_000302_heading316.90_pitch-1.46_right90_square_fov90.0_640x640.jpg,0.32947295904159546,3
data/UrbanWaste-images-10k-right\year_2019\TMX7316010203-001196\pano_0000_000362_heading132.66_pitch0.10_right90_square_fov90.0_640x640.jpg,0.2506083548069,1
data/UrbanWaste-images-10k-right\year_2019\TMX7316010203-001196\pano_0000_000413_heading223.84_pitch-1.02_right90_square_fov90.0_640x640.jpg,0.0,0
data/UrbanWaste-images-10k-right\year_2019\TMX7316010203-001196\pano_0000_000527_heading134.24_pitch-1.36_right90_square_fov90.0_640x640.jpg,0.0,0
data/UrbanWaste-images-10k-right\year_2019\TMX7316010203-001196\pano_0000_000589_heading245.19_pitch-0.77_right90_square_fov90.0_640x640.jpg,0.0,0
data/UrbanWaste-images-10k-right\year_2019\TMX7316010203-001196\pano_0000_000593_heading252.20_pitch-1.76_right90_square_fov90.0_640x640.jpg,0.0,0
data/UrbanWaste-images-10k-right\year_2019\TMX7316010203-001196\pano_0000_000597_heading260.05_pitch-1.48_right90_square_fov90.0_640x640.jpg,0.0,0
data/UrbanWaste-images-10k-right\year_2019\TMX7316010203-001255\pano_0000_001736_heading278.36_pitch-3.43_right90_square_fov90.0_640x640.jpg,0.0,0
data/UrbanWaste-images-10k-right\year_2019\TMX7316010203-001255\pano_0000_001754_heading288.04_pitch-2.27_right90_square_fov90.0_640x640.jpg,0.0,0
data/UrbanWaste-images-10k-right\year_2019\TMX7316010203-001255\pano_0000_001758_heading290.68_pitch-1.72_right90_square_fov90.0_640x640.jpg,0.0,0
data/UrbanWaste-images-10k-right\year_2019\TMX7316010203-001255\pano_0000_001854_heading124.68_pitch-1.94_right90_square_fov90.0_640x640.jpg,0.36913591623306274,2
data/UrbanWaste-images-10k-right\year_2019\TMX7316010203-001255\pano_0000_001874_heading113.65_pitch-1.12_right90_square_fov90.0_640x640.jpg,0.0,0
data/UrbanWaste-images-10k-right\year_2019\TMX7316010203-001255\pano_0000_001926_heading83.65_pitch0.19_right90_square_fov90.0_640x640.jpg,0.0,0
data/UrbanWaste-images-10k-right\year_2019\TMX7316010203-001255\pano_0000_001948_heading80.45_pitch0.29_right90_square_fov90.0_640x640.jpg,0.0,0
data/UrbanWaste-images-10k-right\year_2019\TMX7316010203-001475\pano_0001_000061_heading177.86_pitch-1.27_right90_square_fov90.0_640x640.jpg,0.0,0
data/UrbanWaste-images-10k-right\year_2019\TMX7316010203-001475\pano_0001_000247_heading173.76_pitch-1.02_right90_square_fov90.0_640x640.jpg,0.0,0
data/UrbanWaste-images-10k-right\year_2019\TMX7316010203-001475\pano_0001_000251_heading225.05_pitch-1.53_right90_square_fov90.0_640x640.jpg,0.0,0
data/UrbanWaste-images-10k-right\year_2019\TMX7316010203-001475\pano_0001_000267_heading43.00_pitch-1.54_right90_square_fov90.0_640x640.jpg,0.0,0
data/UrbanWaste-images-10k-right\year_2019\TMX7316010203-001475\pano_0001_000293_heading113.38_pitch-0.18_right90_square_fov90.0_640x640.jpg,0.0,0
data/UrbanWaste-images-10k-right\year_2019\TMX7316010203-001475\pano_0001_000297_heading102.70_pitch-0.23_right90_square_fov90.0_640x640.jpg,0.0,0
data/UrbanWaste-images-10k-right\year_2019\TMX7316010203-001475\pano_0001_000307_heading131.73_pitch0.06_right90_square_fov90.0_640x640.jpg,0.2673914432525635,1
data/UrbanWaste-images-10k-right\year_2019\TMX7316010203-001475\pano_0001_000315_heading129.57_pitch-0.49_right90_square_fov90.0_640x640.jpg,0.0,0
data/UrbanWaste-images-10k-right\year_2019\TMX7316010203-001475\pano_0001_000355_heading133.58_pitch-1.26_right90_square_fov90.0_640x640.jpg,0.26385968923568726,1
data/UrbanWaste-images-10k-right\year_2019\TMX7316010203-001475\pano_0001_000398_heading133.32_pitch-1.28_right90_square_fov90.0_640x640.jpg,0.0,0
data/UrbanWaste-images-10k-right\year_2019\TMX7316010203-001475\pano_0001_000425_heading136.31_pitch-0.76_right90_square_fov90.0_640x640.jpg,0.0,0
data/UrbanWaste-images-10k-right\year_2019\TMX7316010203-001475\pano_0001_000587_heading308.89_pitch-0.97_right90_square_fov90.0_640x640.jpg,0.33834800124168396,1
data/UrbanWaste-images-10k-right\year_2019\TMX7316010203-001475\pano_0001_000709_heading133.00_pitch-1.04_right90_square_fov90.0_640x640.jpg,0.2799576222896576,1
data/UrbanWaste-images-10k-right\year_2019\TMX7316010203-001475\pano_0001_000711_heading133.72_pitch-2.09_right90_square_fov90.0_640x640.jpg,0.0,0
data/UrbanWaste-images-10k-right\year_2019\TMX7316010203-001475\pano_0001_000850_heading133.69_pitch-1.14_right90_square_fov90.0_640x640.jpg,0.0,0
data/UrbanWaste-images-10k-right\year_2019\TMX7316010203-001475\pano_0001_000898_heading51.14_pitch-2.03_right90_square_fov90.0_640x640.jpg,0.3970166742801666,3
data/UrbanWaste-images-10k-right\year_2019\TMX7316010203-001475\pano_0001_000908_heading35.63_pitch-2.68_right90_square_fov90.0_640x640.jpg,0.0,0
data/UrbanWaste-images-10k-right\year_2019\TMX7316010203-001475\pano_0005_000474_heading9.62_pitch-1.28_right90_square_fov90.0_640x640.jpg,0.3020578622817993,1
data/UrbanWaste-images-10k-right\year_2019\TMX7316010203-001475\pano_0005_000488_heading11.54_pitch0.76_right90_square_fov90.0_640x640.jpg,0.0,0
data/UrbanWaste-images-10k-right\year_2019\TMX7316010203-001475\pano_0005_000528_heading149.55_pitch-0.62_right90_square_fov90.0_640x640.jpg,0.0,0
data/UrbanWaste-images-10k-right\year_2019\TMX7316010203-001475\pano_0005_000643_heading191.44_pitch-1.07_right90_square_fov90.0_640x640.jpg,0.0,0
data/UrbanWaste-images-10k-right\year_2019\TMX7316010203-001475\pano_0005_000647_heading190.22_pitch-0.82_right90_square_fov90.0_640x640.jpg,0.0,0
data/UrbanWaste-images-10k-right\year_2019\TMX7316010203-001475\pano_0005_000733_heading11.77_pitch-1.37_right90_square_fov90.0_640x640.jpg,0.2930992543697357,1
data/UrbanWaste-images-10k-right\year_2019\TMX7316010203-001475\pano_0005_000739_heading11.90_pitch-1.29_right90_square_fov90.0_640x640.jpg,0.0,0
data/UrbanWaste-images-10k-right\year_2019\TMX7316010203-001475\pano_0005_000779_heading191.70_pitch-4.08_right90_square_fov90.0_640x640.jpg,0.0,0
data/UrbanWaste-images-10k-right\year_2019\TMX7316010203-001475\pano_0005_000787_heading192.12_pitch-4.53_right90_square_fov90.0_640x640.jpg,0.0,0
data/UrbanWaste-images-10k-right\year_2019\TMX7316010203-001475\pano_0005_000789_heading192.03_pitch-3.68_right90_square_fov90.0_640x640.jpg,0.0,0
data/UrbanWaste-images-10k-right\year_2019\TMX7316010203-001475\pano_0005_000809_heading187.78_pitch-2.18_right90_square_fov90.0_640x640.jpg,0.0,0
data/UrbanWaste-images-10k-right\year_2019\TMX7316010203-001475\pano_0005_000827_heading185.90_pitch-1.33_right90_square_fov90.0_640x640.jpg,0.0,0
data/UrbanWaste-images-10k-right\year_2019\TMX7316010203-001475\pano_0005_001036_heading312.12_pitch-0.75_right90_square_fov90.0_640x640.jpg,0.0,0
data/UrbanWaste-images-10k-right\year_2019\TMX7316010203-001475\pano_0005_001115_heading306.85_pitch-1.09_right90_square_fov90.0_640x640.jpg,0.2779098153114319,1
data/UrbanWaste-images-10k-right\year_2019\TMX7316010203-001475\pano_0005_001178_heading233.02_pitch-2.43_right90_square_fov90.0_640x640.jpg,0.0,0
data/UrbanWaste-images-10k-right\year_2019\TMX7316010203-001500\pano_0000_000363_heading33.25_pitch-1.44_right90_square_fov90.0_640x640.jpg,0.0,0
data/UrbanWaste-images-10k-right\year_2019\TMX7316010203-001500\pano_0000_000369_heading335.08_pitch-2.40_right90_square_fov90.0_640x640.jpg,0.0,0
data/UrbanWaste-images-10k-right\year_2019\TMX7316010203-001530\pano_0000_000035_heading224.65_pitch-2.21_right90_square_fov90.0_640x640.jpg,0.2555961310863495,1
data/UrbanWaste-images-10k-right\year_2019\TMX7316010203-001530\pano_0000_000180_heading11.71_pitch-0.40_right90_square_fov90.0_640x640.jpg,0.0,0
data/UrbanWaste-images-10k-right\year_2019\TMX7316010203-001530\pano_0000_000190_heading10.95_pitch-1.58_right90_square_fov90.0_640x640.jpg,0.45802462100982666,1
data/UrbanWaste-images-10k-right\year_2019\TMX7316010203-001530\pano_0000_000303_heading296.63_pitch-2.24_right90_square_fov90.0_640x640.jpg,0.0,0
data/UrbanWaste-images-10k-right\year_2019\TMX7316010203-001530\pano_0000_000476_heading77.89_pitch-1.33_right90_square_fov90.0_640x640.jpg,0.0,0
data/UrbanWaste-images-10k-right\year_2019\TMX7316010203-001530\pano_0000_000490_heading78.11_pitch-0.79_right90_square_fov90.0_640x640.jpg,0.0,0
data/UrbanWaste-images-10k-right\year_2019\TMX7316010203-001530\pano_0000_000566_heading125.49_pitch-0.22_right90_square_fov90.0_640x640.jpg,0.0,0
data/UrbanWaste-images-10k-right\year_2019\TMX7316010203-001530\pano_0000_000578_heading122.65_pitch-0.78_right90_square_fov90.0_640x640.jpg,0.0,0
data/UrbanWaste-images-10k-right\year_2019\TMX7316010203-001530\pano_0000_000610_heading239.66_pitch-1.57_right90_square_fov90.0_640x640.jpg,0.0,0
data/UrbanWaste-images-10k-right\year_2019\TMX7316010203-001530\pano_0000_000720_heading162.37_pitch-0.59_right90_square_fov90.0_640x640.jpg,0.36677539348602295,1
data/UrbanWaste-images-10k-right\year_2019\TMX7316010203-001530\pano_0000_000744_heading161.42_pitch-2.60_right90_square_fov90.0_640x640.jpg,0.39811739325523376,2
data/UrbanWaste-images-10k-right\year_2019\TMX7316010203-001530\pano_0000_000760_heading160.71_pitch-2.82_right90_square_fov90.0_640x640.jpg,0.4029324948787689,1
data/UrbanWaste-images-10k-right\year_2019\TMX7316010203-001530\pano_0000_000776_heading280.74_pitch-1.26_right90_square_fov90.0_640x640.jpg,0.25520139932632446,1
data/UrbanWaste-images-10k-right\year_2019\TMX7316010203-001530\pano_0000_000780_heading281.20_pitch-1.54_right90_square_fov90.0_640x640.jpg,0.0,0
data/UrbanWaste-images-10k-right\year_2019\TMX7316010203-001530\pano_0000_000838_heading65.03_pitch-1.94_right90_square_fov90.0_640x640.jpg,0.0,0
data/UrbanWaste-images-10k-right\year_2019\TMX7316010203-001530\pano_0000_000876_heading342.93_pitch-1.75_right90_square_fov90.0_640x640.jpg,0.0,0
data/UrbanWaste-images-10k-right\year_2019\TMX7316010203-001530\pano_0000_000900_heading306.10_pitch-6.44_right90_square_fov90.0_640x640.jpg,0.0,0
data/UrbanWaste-images-10k-right\year_2019\TMX7316010203-001530\pano_0000_000942_heading162.60_pitch-2.38_right90_square_fov90.0_640x640.jpg,0.0,0
data/UrbanWaste-images-10k-right\year_2019\TMX7316010203-001530\pano_0001_000035_heading280.30_pitch0.80_right90_square_fov90.0_640x640.jpg,0.0,0
data/UrbanWaste-images-10k-right\year_2019\TMX7316010203-001530\pano_0002_000025_heading169.45_pitch2.64_right90_square_fov90.0_640x640.jpg,0.0,0
data/UrbanWaste-images-10k-right\year_2019\TMX7316010203-001530\pano_0002_000053_heading162.28_pitch-1.67_right90_square_fov90.0_640x640.jpg,0.0,0
data/UrbanWaste-images-10k-right\year_2019\TMX7316010203-001530\pano_0002_000061_heading76.50_pitch-2.48_right90_square_fov90.0_640x640.jpg,0.3108314871788025,1
data/UrbanWaste-images-10k-right\year_2019\TMX7316010203-001530\pano_0002_000143_heading12.21_pitch-2.06_right90_square_fov90.0_640x640.jpg,0.0,0
data/UrbanWaste-images-10k-right\year_2019\TMX7316010203-001530\pano_0002_000268_heading281.13_pitch-0.79_right90_square_fov90.0_640x640.jpg,0.0,0
data/UrbanWaste-images-10k-right\year_2019\TMX7316010203-001530\pano_0002_000280_heading280.51_pitch0.12_right90_square_fov90.0_640x640.jpg,0.3383893668651581,1
data/UrbanWaste-images-10k-right\year_2019\TMX7316010203-001530\pano_0003_000070_heading45.43_pitch-1.29_right90_square_fov90.0_640x640.jpg,0.0,0
data/UrbanWaste-images-10k-right\year_2019\TMX7316010203-001530\pano_0003_000094_heading46.35_pitch-1.01_right90_square_fov90.0_640x640.jpg,0.31691157817840576,1
data/UrbanWaste-images-10k-right\year_2019\TMX7316010203-001530\pano_0003_000158_heading77.09_pitch0.37_right90_square_fov90.0_640x640.jpg,0.0,0
data/UrbanWaste-images-10k-right\year_2019\TMX7316010203-001530\pano_0003_000232_heading180.91_pitch3.46_right90_square_fov90.0_640x640.jpg,0.0,0
data/UrbanWaste-images-10k-right\year_2019\TMX7316010203-001530\pano_0003_000238_heading182.67_pitch-0.13_right90_square_fov90.0_640x640.jpg,0.3006887137889862,2
data/UrbanWaste-images-10k-right\year_2019\TMX7316010203-001530\pano_0003_000244_heading180.41_pitch-1.13_right90_square_fov90.0_640x640.jpg,0.0,0
data/UrbanWaste-images-10k-right\year_2019\TMX7316010203-001530\pano_0003_000252_heading182.07_pitch-2.25_right90_square_fov90.0_640x640.jpg,0.0,0
data/UrbanWaste-images-10k-right\year_2019\TMX7316010203-001530\pano_0003_000314_heading92.84_pitch-1.39_right90_square_fov90.0_640x640.jpg,0.45578688383102417,1
data/UrbanWaste-images-10k-right\year_2019\TMX7316010203-001530\pano_0003_000358_heading92.64_pitch-2.83_right90_square_fov90.0_640x640.jpg,0.3514920473098755,2
data/UrbanWaste-images-10k-right\year_2019\TMX7316010203-001530\pano_0003_000388_heading109.09_pitch-1.74_right90_square_fov90.0_640x640.jpg,0.0,0
data/UrbanWaste-images-10k-right\year_2019\TMX7316010203-001530\pano_0003_000398_heading103.18_pitch-0.68_right90_square_fov90.0_640x640.jpg,0.0,0
data/UrbanWaste-images-10k-right\year_2019\TMX7316010203-001530\pano_0003_000549_heading276.00_pitch-0.56_right90_square_fov90.0_640x640.jpg,0.0,0
data/UrbanWaste-images-10k-right\year_2019\TMX7316010203-001530\pano_0003_000665_heading48.90_pitch-3.62_right90_square_fov90.0_640x640.jpg,0.45769786834716797,1
data/UrbanWaste-images-10k-right\year_2019\TMX7316010203-001530\pano_0003_000701_heading51.28_pitch-0.59_right90_square_fov90.0_640x640.jpg,0.48819661140441895,6
data/UrbanWaste-images-10k-right\year_2019\TMX7316010203-001530\pano_0003_000747_heading4.93_pitch2.58_right90_square_fov90.0_640x640.jpg,0.0,0
data/UrbanWaste-images-10k-right\year_2019\TMX7316010203-001530\pano_0003_000757_heading4.64_pitch-4.20_right90_square_fov90.0_640x640.jpg,0.34761425852775574,1
data/UrbanWaste-images-10k-right\year_2019\TMX7316010203-001530\pano_0003_000789_heading273.09_pitch-1.55_right90_square_fov90.0_640x640.jpg,0.0,0
data/UrbanWaste-images-10k-right\year_2019\TMX7316010203-001530\pano_0003_000795_heading271.15_pitch-4.07_right90_square_fov90.0_640x640.jpg,0.0,0
data/UrbanWaste-images-10k-right\year_2019\TMX7316010203-001530\pano_0003_000854_heading151.87_pitch-0.83_right90_square_fov90.0_640x640.jpg,0.0,0
data/UrbanWaste-images-10k-right\year_2019\TMX7316010203-001530\pano_0003_000868_heading42.62_pitch-0.78_right90_square_fov90.0_640x640.jpg,0.0,0
data/UrbanWaste-images-10k-right\year_2019\TMX7316010203-001530\pano_0003_000888_heading64.28_pitch-1.13_right90_square_fov90.0_640x640.jpg,0.0,0
data/UrbanWaste-images-10k-right\year_2019\TMX7316010203-001530\pano_0003_000906_heading87.37_pitch-3.62_right90_square_fov90.0_640x640.jpg,0.0,0
data/UrbanWaste-images-10k-right\year_2019\TMX7316010203-001530\pano_0003_000930_heading275.33_pitch-1.18_right90_square_fov90.0_640x640.jpg,0.0,0
data/UrbanWaste-images-10k-right\year_2019\TMX7316010203-001530\pano_0003_000948_heading221.33_pitch4.01_right90_square_fov90.0_640x640.jpg,0.2690095007419586,1
data/UrbanWaste-images-10k-right\year_2019\TMX7316010203-001530\pano_0003_000970_heading223.50_pitch-1.35_right90_square_fov90.0_640x640.jpg,0.0,0
data/UrbanWaste-images-10k-right\year_2019\TMX7316010203-001530\pano_0003_000974_heading319.43_pitch-0.01_right90_square_fov90.0_640x640.jpg,0.3500758409500122,2
data/UrbanWaste-images-10k-right\year_2019\TMX7316010203-001530\pano_0003_000980_heading319.41_pitch-1.14_right90_square_fov90.0_640x640.jpg,0.0,0
